,Date,Index_Component_Count,Internal_Number,ISIN,Instrument_Name,Country,Currency,ICB,Capfactor,Free_Float,Mcap_Units_Index_Currency
50787,2023-12-18,1148,CN2Y98,CNE100002GK7,G BITS NET.TECH.XIAMEN 'A' (CCS),CN,CNY,40203040.0,0.1019714,0.5884,161310180.0
50871,2023-12-18,1148,CN3035,CNE100002RH0,XINFENGMING GROUP 'A' (CCS),CN,CNY,55201010.0,0.1309472,0.4582,171132101.0
51022,2023-12-18,1148,CN353A,CNE100003ZJ7,CHINA SUNTIEN GREEN ENERGY 'A' (CCS),CN,CNY,65102020.0,0.2,0.1232,65790574.0
51463,2023-12-18,1148,CN91LU,HK0000056256,CHINA TRADITIONAL CHI MEDICINE,CN,HKD,20103015.0,1.0,0.5554,1424287344.0
51103,2023-12-18,1148,CN33OT,CNE0000010Y1,Cnhtc Truck 'A' (CCS),CN,CNY,50206015.0,0.122449,0.49,134816444.0
51074,2023-12-18,1148,CN2XIG,CNE100000SM2,GUANGZHOU ZHUJIANG BREW. 'A' (CCS),CN,CNY,45101010.0,0.2,0.1586,77077643.0
50857,2023-12-18,1148,CN2QH8,CNE100000M47,TAIJI COMPUTER 'A' (CCS),CN,CNY,10101010.0,0.0935308,0.6415,161644779.0
51118,2023-12-18,1148,CN2MK7,CNE100000S58,ZHENGZHOU COAL MNG.MCH. GP.'A' (CCS),CN,CNY,50204020.0,0.0852515,0.7038,154805751.0
51134,2023-12-18,1148,CN2GVC,CNE1000008K2,SHANGHAI STONEHILL TECHNOLOGY (CCS),CN,CNY,10101015.0,0.0664305,0.9032,152191390.0
50843,2023-12-18,1148,CN2GK1,CNE0000014B1,Newland 'A' (CCS),CN,CNY,10101015.0,0.0856287,0.7007,166877824.0
51188,2023-12-18,1148,CN2TKE,CNE000000XH3,Shunxin 'A' (CCS),CN,CNY,45101015.0,0.0960154,0.6249,127926461.0
51132,2023-12-18,1148,CN2WYV,CNE000000FB3,Wanxiang 'A' (CCS),CN,CNY,40101025.0,0.1665279,0.3603,147308338.0
51455,2023-12-18,1148,CN87P3,KYG2110A1114,CHINASOFT INTERNATIONAL,CN,HKD,10101010.0,1.0,0.8064,1867868164.0
51097,2023-12-18,1148,CN2TMG,CNE100000CT1,ZHEJIANG CRYSTAL OPTECH 'A' (CCS),CN,CNY,10102015.0,0.0699138,0.8582,145770398.0
51093,2023-12-18,1148,CN30GI,CNE000001DZ5,SHENGHE RESOURCES HDG. 'A' (CCS),CN,CNY,55102000.0,0.0813449,0.7376,142300062.0
51090,2023-12-18,1148,CN32W0,CNE100000643,Beijing BDStar 'A' (CCS),CN,CNY,15101010.0,0.0875401,0.6854,141960175.0
51140,2023-12-18,1148,CN3C9N,CNE100001D21,GUOSHENG FINL.HLDG.'A' (CCS),CN,CNY,30202000.0,0.1881468,0.3189,150096247.0
51102,2023-12-18,1148,CN31PS,CNE1000026G2,QIANHE CONDIMENT &.FOOD 'A' (CCS),CN,CNY,45102020.0,0.1195695,0.5018,134285047.0
51094,2023-12-18,1148,CN2KH2,CNE000000Q29,CHINA MEHECO GROUP 'A' (CCS),CN,CNY,20103015.0,0.1233806,0.4863,142708052.0
51438,2023-12-18,1148,CN2CR4,HK0000658531,SIMCERE PHARMACEUTICAL GROUP,CN,HKD,20103015.0,1.0,0.4082,898193674.0
51095,2023-12-18,1148,CN2V95,CNE1000005X1,CNNC HUA YUAN TITANIUM DIOXIDE (CCS),CN,CNY,55201020.0,0.0901578,0.6655,143941945.0
51087,2023-12-18,1148,CN2FK0,CNE1000023Q8,LBX PHMCY.CHAIN 'A' (CCS),CN,CNY,45201015.0,0.1158078,0.5181,140653053.0
50890,2023-12-18,1148,CN38T3,CNE1000046G0,QINGDAO SENTURY TIRE 'A' (CCS),CN,CNY,40101015.0,0.103609,0.5791,172308251.0
51466,2023-12-18,1148,HK90U4,KYG711391022,PING AN HEALTHCARE AND TECH CO,CN,HKD,20101025.0,1.0,0.5149,1297589864.0
51232,2023-12-18,1148,CN91T2,US88557W1018,QIFU TECHNOLOGY ADR,CN,USD,30201020.0,1.0,0.8763,2031781070.0
51152,2023-12-18,1148,CN75R2,CNE000001642,CHINA PETROLEUM ENGINEERING A (CCS),CN,CNY,60101030.0,0.2,0.278,133187329.0
51089,2023-12-18,1148,CN2N9X,CNE000001DG5,Gaochun Ceram 'A' (CCS),CN,CNY,50201020.0,0.1586882,0.3781,141145213.0
51430,2023-12-18,1148,HK01IK,HK1208013172,MMG,CN,HKD,55102040.0,1.0,0.3245,756634470.0
51028,2023-12-18,1148,CN2WPM,CNE100005154,QILU BANK 'A' (CCS),CN,CNY,30101010.0,0.0383324,0.7157,68899977.0
51442,2023-12-18,1148,CN2CU7,KYG2006G1156,CENTRAL NEW ENERGY HOLDING GROUP,CN,HKD,50101015.0,1.0,0.3157,827897203.0
51206,2023-12-18,1148,CN95DQ,CNE100004P08,ZHEJIANG PUBLISHIN 'A' (CCS),CN,CNY,40301030.0,0.2,0.2305,123961497.0
51086,2023-12-18,1148,CN36EM,CNE000001BG9,Pharm Glass 'A' (CCS),CN,CNY,20102015.0,0.0745342,0.805,140464097.0
51096,2023-12-18,1148,CN2QZQ,CNE1000020C4,CHENGDU KANGHONG PHARM. 'A' (CCS),CN,CNY,20103015.0,0.1625135,0.3692,143952699.0
51114,2023-12-18,1148,CN2Y21,CNE000000XP6,ANHUI ZHONGDING SEALING PART A (CCS),CN,CNY,40101025.0,0.1007726,0.5954,136004955.0
51105,2023-12-18,1148,CN2SJC,CNE100001JZ1,HEFEI MEIYA OT.TECH.'A' (CCS),CN,CNY,50202025.0,0.1534919,0.3909,135105189.0
51435,2023-12-18,1148,CN2CAN,CNE100004QP1,SHANGHAI MICROPORT MEDBOT 'H',CN,HKD,20102010.0,1.0,0.3023,707737625.0
51209,2023-12-18,1148,CN4CCR,CNE100005857,SHENZHEN KTC TECHNOLOGY 'A' (CCS),CN,CNY,10102030.0,0.2,0.254,124603623.0
51428,2023-12-18,1148,BM1075,BMG4404N1149,CHINA RUYI HOLDINGS,CN,HKD,40301010.0,1.0,0.4586,1233601492.0
51129,2023-12-18,1148,CN33RW,CNE0000014Z0,SICHUAN NEW ENERGY POWER 'A' (CCS),CN,CNY,60102020.0,0.1109057,0.541,157194470.0
51085,2023-12-18,1148,CN2URM,CNE0000004H9,Northeast Secs 'A' (CCS),CN,CNY,30202015.0,0.1045296,0.574,140387426.0
51100,2023-12-18,1148,CN35OV,CNE100004355,SHAI.HUAFON ACP.'A' (CCS),CN,CNY,55102035.0,0.182704,0.3284,139866730.0
51113,2023-12-18,1148,CN395G,CNE100004BQ1,CHINA NAT. GOLD GRP JEWEL 'A' (CCS),CN,CNY,40204030.0,0.1202405,0.499,138931815.0
51110,2023-12-18,1148,CN2HHZ,CNE000000GH8,Fenghua Adv 'A' (CCS),CN,CNY,50202010.0,0.0781148,0.7681,136271501.0
51201,2023-12-18,1148,CN2VHD,CNE100002XN6,CHINA KINGS RESOURCES GP.'A' (CCS),CN,CNY,55102000.0,0.1214575,0.494,130727293.0
51108,2023-12-18,1148,CN2I6P,CNE1000010M4,BBMG 'A' (CCS),CN,CNY,50101030.0,0.1412762,0.4247,136098991.0
51111,2023-12-18,1148,CN7D2L,CNE0000017Z3,China Railway 'A' (CCS),CN,CNY,50206025.0,0.1179477,0.5087,137553944.0
51167,2023-12-18,1148,CN37PY,CNE100002W27,JOINN LABORATORIES CHINA 'A' (CCS),CN,CNY,20103010.0,0.0973078,0.6166,122657688.0
51035,2023-12-18,1148,CN33UZ,CNE1000032W7,DOUBLE MEDICAL TECHNOLOGY 'A' (CCS),CN,CNY,20102010.0,0.2,0.1678,72628364.0
51413,2023-12-18,1148,635425,BMG2442N1048,COSCO SHIPPING PORTS,CN,HKD,50206060.0,1.0,0.3897,971235524.0
51117,2023-12-18,1148,CN2KCX,CNE000000B83,Sh Tunnel Eng 'A' (CCS),CN,CNY,50101010.0,0.0965873,0.6212,147594127.0
51440,2023-12-18,1148,CN887M,BMG653181005,NINE DRAGONS PAPER HDG.,CN,HKD,55101015.0,1.0,0.3623,843898610.0
51200,2023-12-18,1148,CN2G0H,CNE000001PP0,XINJIANG ZHONGTAI CHEMICAL 'A' (CCS),CN,CNY,55201000.0,0.0795756,0.754,133132204.0
51088,2023-12-18,1148,CN33QV,CNE100002QJ8,CHOW TAI SENG JEWELLERY 'A' (CCS),CN,CNY,40204030.0,0.1611171,0.3724,141062530.0
51193,2023-12-18,1148,CN309B,CNE100001X35,NANJING ESTUN ATMTN.'A' (CCS),CN,CNY,50204000.0,0.103377,0.5804,130502573.0
51185,2023-12-18,1148,CN96AO,CNE100000B65,HONGBO 'A' (CCS),CN,CNY,50205030.0,0.0767558,0.7817,133320059.0
51091,2023-12-18,1148,CN2QI9,CNE000000HN4,XINGRONG ENVIRONMENT 'A' (CCS),CN,CNY,65102030.0,0.1316656,0.4557,140403347.0
51115,2023-12-18,1148,CN2QXO,CNE000000FS7,Zhongjin 'A' (CCS),CN,CNY,55102050.0,0.0921659,0.651,133949073.0
51142,2023-12-18,1148,CN33V0,CNE100003670,FORYOU 'A' (CCS),CN,CNY,50202010.0,0.1394052,0.4304,150106788.0
51107,2023-12-18,1148,CN2R0S,CNE100001104,ZHEJIANG SEMIR GRMT.A (CCS),CN,CNY,40204020.0,0.1759531,0.341,135761890.0
51112,2023-12-18,1148,CN3226,CNE000000D24,INNER MONGOLIA XINGYE SILVER TIN MINING.'A' (CCS),CN,CNY,55102000.0,0.0938967,0.639,138948249.0
51186,2023-12-18,1148,CN38BL,CNE100000Z75,ANHUI HONGLU STL.CON. GP 'A' (CCS),CN,CNY,55102010.0,0.1131435,0.5303,122657609.0
51109,2023-12-18,1148,CN2KN8,CNE000000DD4,MAANSHAN IRON & STL. 'A' (CCS),CN,CNY,55102010.0,0.1536098,0.3906,136099042.0
51104,2023-12-18,1148,CN95FS,CNE100005Z88,SHENZHEN CECPORT TECHNOLOGIES 'A' (CCS),CN,CNY,10102010.0,0.1618996,0.3706,135081165.0
51195,2023-12-18,1148,CN7DVE,CNE000000CB0,SHANGHAI BAILIAN GROUP 'A' (CCS),CN,CNY,45201010.0,0.1275239,0.4705,130659302.0
51182,2023-12-18,1148,CN34RX,CNE100002W68,CHINA PUBLISHING & MEDIA HDG A (CCS),CN,CNY,40301030.0,0.2,0.2293,117775891.0
51217,2023-12-18,1148,CN2IQ9,CNE000001BJ3,WOLONG ELECTRIC DRIVE GRP 'A' (CCS),CN,CNY,50202010.0,0.0885478,0.6776,126417044.0
51457,2023-12-18,1148,CN8FVH,KYG8875G1029,3SBIO,CN,HKD,20103010.0,1.0,0.8045,1751723284.0
51211,2023-12-18,1148,CN2F1H,CNE000000B00,WUXI TAIJI IND. 'A' (CCS),CN,CNY,50101015.0,0.0862317,0.6958,126867265.0
51197,2023-12-18,1148,CN2J9T,CNE0000008P3,SHANGHAI WANYE ENTS. 'A' (CCS),CN,CNY,35101010.0,0.0955871,0.6277,131295271.0
51163,2023-12-18,1148,CN4BM0,CNE000001DW2,SHUANGLIANG ECO-ENERGY SYS. A (CCS),CN,CNY,50204000.0,0.1065152,0.5633,122122538.0
51098,2023-12-18,1148,CN2PUK,CNE100000P85,DFD NEW MATERIALS 'A' (CCS),CN,CNY,55201020.0,0.0668598,0.8974,142179531.0
51204,2023-12-18,1148,CN35MT,CNE100000VV7,DAJIN HEAVY INDUSTRY 'A' (CCS),CN,CNY,60102020.0,0.0982479,0.6107,126619567.0
51166,2023-12-18,1148,CN35T0,CNE100003LK5,SICHUAN TEWAY FOOD GROUP 'A' (CCS),CN,CNY,45102020.0,0.1833181,0.3273,121199167.0
51210,2023-12-18,1148,CN2Z77,CNE100000P93,ZIBO QIXIANG TENGDA CHM. 'A' (CCS),CN,CNY,55201000.0,0.1281504,0.4682,124603123.0
50845,2023-12-18,1148,CN2IZI,CNE000001GR5,Huafa Ind 'A' (CCS),CN,CNY,35101010.0,0.0814553,0.7366,169018942.0
51203,2023-12-18,1148,CN33DI,CNE100000WW3,GCL SY.INTG.TECH.'A' (CCS),CN,CNY,60102020.0,0.0847577,0.7079,126980716.0
51151,2023-12-18,1148,CN2WKH,CNE000000ZV9,CHINA RAILWAY MTRL. CMPNY 'A' (CCS),CN,CNY,50206020.0,0.1844451,0.3253,133867539.0
51101,2023-12-18,1148,CN789N,CNE0000007X9,ZHEJIANG DLY. DGT. CULT. GR. A (CCS),CN,CNY,40203040.0,0.1145913,0.5236,138960272.0
51214,2023-12-18,1148,CN2WXU,CNE100004JY8,INNER MONGOLIA DAZHONG MI. 'A' (CCS),CN,CNY,55102010.0,0.2,0.2967,125470810.0
51196,2023-12-18,1148,CN2LI4,CNE000000CM7,CETC DIGITAL TECHNOLOGY 'A' (CCS),CN,CNY,10101010.0,0.0965873,0.6212,131404920.0
51215,2023-12-18,1148,CN2ULG,CNE100000P02,SHENZHEN HEPALINK PHARM. 'A' (CCS),CN,CNY,20103015.0,0.2,0.2927,125711605.0
51202,2023-12-18,1148,CN2PC2,CNE100001F37,GUANGDONG HONGDA HLDGS 'A' (CCS),CN,CNY,55102000.0,0.0860092,0.6976,122801026.0
51192,2023-12-18,1148,CN385F,CNE100000PX5,COFCO CAPITAL HOLDINGS 'A' (CCS),CN,CNY,30301010.0,0.1612037,0.3722,130259867.0
51213,2023-12-18,1148,CN4C9O,CNE1000056L9,BANK OF LANZHOU 'A' (CCS),CN,CNY,30101010.0,0.0760456,0.789,125541379.0
51198,2023-12-18,1148,CN32X1,CNE0000004F3,SHAANXI TRUST 'A' (CCS),CN,CNY,30202000.0,0.1062511,0.5647,132079486.0
51218,2023-12-18,1148,CN2F7N,CNE000001329,SHAANXI CONSTR. ENGIN. GP. 'A' (CCS),CN,CNY,50101010.0,0.1746217,0.3436,126509880.0
51208,2023-12-18,1148,CN2T0U,CNE000000QG9,XINXING PIPES 'A' (CCS),CN,CNY,55102010.0,0.09995,0.6003,124535146.0
51191,2023-12-18,1148,CN31LO,CNE0000011Z6,INFORE ENVM.TECH.GP.'A' (CCS),CN,CNY,50204000.0,0.1360236,0.4411,129195021.0
51381,2023-12-18,1148,CN89UA,BMG4600H1198,HOPSON DEVELOPMENT HOLDINGS,CN,HKD,35101010.0,1.0,0.2794,535532004.0
51161,2023-12-18,1148,CN2HJ1,CNE100000HW4,ZHONGSHENG PHARM 'A' (CCS),CN,CNY,20103015.0,0.0766479,0.7828,121253915.0
51106,2023-12-18,1148,CN2U94,CNE1000000F9,LEO GROUP 'A' (CCS),CN,CNY,40301020.0,0.0721761,0.8313,135447137.0
51205,2023-12-18,1148,CN2OYN,CNE100002RX7,RED STAR MACALLINE GROUP 'A' (CCS),CN,CNY,35101010.0,0.1960144,0.3061,123420313.0
51153,2023-12-18,1148,CN2L8U,CNE100001SM0,CHINA WAFER LEVEL CSP 'A' (CCS),CN,CNY,10102020.0,0.0750469,0.7995,118974790.0
51084,2023-12-18,1148,CN2ZCC,CNE100001WJ8,YIXINTANG PHARMA. GROUP 'A' (CCS),CN,CNY,45201015.0,0.1134001,0.5291,113571756.0
51019,2023-12-18,1148,CN2YUT,CNE100002SZ0,CHINA DEPPON LOGISTICS 'A' (CCS),CN,CNY,50206040.0,0.2,0.2155,88188199.0
50992,2023-12-18,1148,CN34FL,CNE0000005V7,HAINAN HAIDE CAPITAL MGMT.'A' (CCS),CN,CNY,30202010.0,0.2,0.2656,110640824.0
51216,2023-12-18,1148,CN2NH5,CNE1000019T0,YANTAI VALIANT FINE CHEMS.'A' (CCS),CN,CNY,55201020.0,0.0888626,0.6752,125825553.0
51190,2023-12-18,1148,CN34TZ,CNE000000QN5,FUJIAN XIAMEN XIANGYU 'A' (CCS),CN,CNY,50206040.0,0.1187884,0.5051,128421150.0
51187,2023-12-18,1148,CN2HEW,CNE100000J34,PRET COMPOSITES 'A' (CCS),CN,CNY,50203015.0,0.1002339,0.5986,123086831.0
51189,2023-12-18,1148,CN2KWH,CNE000000MN4,Xiamen ITG 'A' (CCS),CN,CNY,50205010.0,0.0917993,0.6536,128136702.0
51159,2023-12-18,1148,CN2G8P,CNE100000ZS4,CETC POTEVIO SCI&TECH 'A' (CCS),CN,CNY,15101010.0,0.0943248,0.6361,119045894.0
50998,2023-12-18,1148,CN2FO4,CNE1000022J5,ANHUI GXIN.AGROCHEMICAL 'A' (CCS),CN,CNY,55201015.0,0.097688,0.6142,112428568.0
51212,2023-12-18,1148,CN2M5S,CNE000001Q44,GUANGSHEN RAILWAY 'A' (CCS),CN,CNY,50206020.0,0.1121915,0.5348,124583529.0
51168,2023-12-18,1148,CN2XFD,CNE100000XC3,SHENZHEN KSTAR SCTC.'A' (CCS),CN,CNY,50202010.0,0.1404823,0.4271,118513808.0
51219,2023-12-18,1148,CN2U1W,CNE100001203,SUOFEIYA HOME CLLN.'A' (CCS),CN,CNY,40202015.0,0.0998502,0.6009,125111537.0
51184,2023-12-18,1148,CN2GJ0,CNE0000009N6,CHINA NAT.ACCORD MDC.'A' (CCS),CN,CNY,45201015.0,0.1680672,0.357,115724761.0
51176,2023-12-18,1148,CN2SA3,CNE000000F48,Biocause 'A' (CCS),CN,CNY,30301010.0,0.1779359,0.3372,118042758.0
51179,2023-12-18,1148,CN2G5M,CNE000000YG3,YONFER AGRICULTURAL TECH. (CCS),CN,CNY,55201015.0,0.1143511,0.5247,116990350.0
51158,2023-12-18,1148,CN2F0G,CNE000000ZF2,GREE REAL ESTATE 'A' (CCS),CN,CNY,35101010.0,0.1089918,0.5505,120838803.0
51165,2023-12-18,1148,CN34KQ,CNE100003JQ6,QINGDAO RURAL COMMER. BANK 'A' (CCS),CN,CNY,30101010.0,0.0784929,0.7644,122453766.0
51164,2023-12-18,1148,CN30UW,CNE1000033H6,XIAMEN INTRETECH 'A' (CCS),CN,CNY,40203010.0,0.1495141,0.4013,122327304.0
51154,2023-12-18,1148,CN380A,CNE100002XD7,JIG.PRVL.AGRI.RECLM.& DEV.'A' (CCS),CN,CNY,45102010.0,0.1865672,0.3216,119405784.0
51183,2023-12-18,1148,CN2XA8,CNE100000WF8,SICHUAN YAHUA INDUSTRIAL A (CCS),CN,CNY,55201020.0,0.0668151,0.898,117809235.0
51220,2023-12-18,1148,CN2G7O,CNE100001NY6,HARBIN BOSHI ATMTN.'A' (CCS),CN,CNY,50204000.0,0.095709,0.6269,123188136.0
51162,2023-12-18,1148,CN3428,CNE1000036Q0,BANK OF ZHENGZHOU 'A' (CCS),CN,CNY,30101010.0,0.0778715,0.7705,121363678.0
51178,2023-12-18,1148,CN2SWP,CNE000001KP1,Da An Gene 'A' (CCS),CN,CNY,20103010.0,0.0877578,0.6837,117006044.0
51157,2023-12-18,1148,CN2J7R,CNE000000SN1,Three Gorges 'A' (CCS),CN,CNY,65101010.0,0.0988468,0.607,120648114.0
51460,2023-12-18,1148,CN0Q2R,CNE1000002N9,China National 'H',CN,HKD,50101030.0,1.0,0.9403,1770284828.0
51160,2023-12-18,1148,CN2NXL,CNE0000000L9,CHINA RESOURCES JINHUA 'A' (CCS),CN,CNY,40203010.0,0.1220256,0.4917,121052986.0
51037,2023-12-18,1148,CN2NWK,CNE000000TX8,BENGANG STEEL PLATES 'A' (CCS),CN,CNY,55102010.0,0.2,0.1514,60298640.0
50966,2023-12-18,1148,CN2TUO,CNE000001LQ7,Denghai Seeds 'A' (CCS),CN,CNY,45102010.0,0.1521298,0.3944,100461883.0
51426,2023-12-18,1148,663094,HK0257001336,CHINA EVERBRIGHT ENVIR. GP.,CN,HKD,65103035.0,1.0,0.5692,1094374775.0
51419,2023-12-18,1148,HK0157,BMG0957L1090,BEIJING ENTS.WATER GROUP,CN,HKD,65102030.0,1.0,0.4505,928895411.0
51378,2023-12-18,1148,HK50JP,BMG210A71016,Grand Pharmaceutical Group,CN,HKD,20103015.0,1.0,0.3479,622523076.0
51172,2023-12-18,1148,CN2P5V,CNE100000X36,C&S PAPER 'A' (CCS),CN,CNY,45201020.0,0.1158972,0.5177,113956655.0
51243,2023-12-18,1148,CN86U7,US46591M1099,JOYY ADR,CN,USD,10101020.0,1.0,0.8288,1468500658.0
50993,2023-12-18,1148,CN36MU,CNE100002W84,ZHEJIANG CFMOTO POWER'A' (CCS),CN,CNY,40203055.0,0.097292,0.6167,110992328.0
51173,2023-12-18,1148,CN2ZHH,CNE000000DM5,ADDSINO 'A' (CCS),CN,CNY,50201020.0,0.0744694,0.8057,114304085.0
50988,2023-12-18,1148,CN2RVN,CNE1000006B5,HUNAN GOLD CORPORATION 'A' (CCS),CN,CNY,55103025.0,0.0937207,0.6402,110124870.0
51025,2023-12-18,1148,CN2ND1,CNE1000023H7,BEIJING DAHAO TECH.'A' (CCS),CN,CNY,50202040.0,0.2,0.173,68446430.0
50999,2023-12-18,1148,CN2H9R,CNE100000V79,NANTONG JNH.CAPACIT.'A' (CCS),CN,CNY,10102015.0,0.093985,0.6384,110792478.0
51150,2023-12-18,1148,CN31X0,CNE000000H95,CHINA MERC. PRO. O.&S. 'A' (CCS),CN,CNY,35101015.0,0.1455251,0.4123,113468049.0
51174,2023-12-18,1148,CN2L0M,CNE000001675,Grandblue Enviroment 'A' (CCS),CN,CNY,65103035.0,0.1011634,0.5931,114413573.0
51171,2023-12-18,1148,CN2S5Y,CNE000000VK1,Sz Airport 'A' (CCS),CN,CNY,50206060.0,0.1394376,0.4303,113694931.0
51223,2023-12-18,1148,CN1OXL,US54975P2011,LUFAX HLDG 1:2 ADS,CN,USD,30201020.0,1.0,0.3456,625925387.0
50991,2023-12-18,1148,CN2FCS,CNE000000KN8,CHENGTUN MINING GP.'A' (CCS),CN,CNY,55102050.0,0.0702658,0.8539,108807967.0
50996,2023-12-18,1148,CN37QZ,CNE100002Z65,YANTAI EDDIE PRECN.MCH. 'A' (CCS),CN,CNY,50204000.0,0.144023,0.4166,111715000.0
50990,2023-12-18,1148,CN356D,CNE100004C60,BANK OF CHONGQING 'A' (CCS),CN,CNY,30101010.0,0.1609442,0.3728,110670249.0
50997,2023-12-18,1148,CN35Z6,CNE100003N01,QUECTEL WIRELESS SOLUTIONS 'A' (CCS),CN,CNY,15101010.0,0.0848176,0.7074,112314165.0
51012,2023-12-18,1148,CN2V62,CNE100000T99,STO EXPRESS 'A' (CCS),CN,CNY,50206040.0,0.117325,0.5114,104571658.0
51180,2023-12-18,1148,CN2XWU,CNE0000009B1,BOHAI LEASING 'A' (CCS),CN,CNY,50206050.0,0.1026518,0.5845,117065076.0
51033,2023-12-18,1148,CN2MVI,CNE0000019G9,SHN.EXPRESSWAY 'A' (CCS),CN,CNY,50206060.0,0.2,0.1925,71799995.0
51068,2023-12-18,1148,CN2ZPP,CNE100002FW4,OPPLE LIGHTING 'A' (CCS),CN,CNY,50101035.0,0.2,0.2111,75868745.0
51003,2023-12-18,1148,CN2VEA,CNE100001R82,GUANGDONG XINBAO ELECT. APP.A (CCS),CN,CNY,40202020.0,0.1698754,0.3532,101196228.0
51013,2023-12-18,1148,CN2OH6,CNE100001X19,MLS 'A' (CCS),CN,CNY,10102010.0,0.1037703,0.5782,104757061.0
50995,2023-12-18,1148,CN2F9P,CNE000000Y94,LUENMEI QUANTUM HDG.'A' (CCS),CN,CNY,65102000.0,0.1962709,0.3057,111261652.0
51230,2023-12-18,1148,CN429E,US04965M1062,ATOUR LIFESTYLE HOLDINGS LTD ADR,CN,USD,40501025.0,1.0,0.0727,132548435.0
51045,2023-12-18,1148,CN2SPI,CNE0000002G5,Weifu Hi-Tech Gp 'A' (CCS),CN,CNY,40101025.0,0.0523774,0.6154,56543788.0
51177,2023-12-18,1148,CN2EP4,CNE0000017V2,Panjiang Coal 'A' (CCS),CN,CNY,60101040.0,0.1086366,0.5523,115036166.0
50985,2023-12-18,1148,CN2GO5,CNE000001JS7,TRANSFAR ZHILIAN 'A' (CCS),CN,CNY,50206060.0,0.131033,0.4579,109063653.0
51014,2023-12-18,1148,CN3248,CNE100000C56,Tayho Advanced Materials Group 'A' (CCS),CN,CNY,55201010.0,0.088574,0.6774,104891847.0
51241,2023-12-18,1148,CN247C,CNE000000SK7,INNER MONGOLIA YITAI COAL 'B',CN,USD,60101040.0,1.0,0.7651,1574881840.0
51018,2023-12-18,1148,CN32Z3,CNE100002FF9,CENTRAL CHINA SECS.'A' (CCS),CN,CNY,30202015.0,0.0845309,0.7098,112532400.0
51041,2023-12-18,1148,CN36PX,CNE100004HT2,XIAMEN BANK 'A' (CCS),CN,CNY,30101010.0,0.0525093,0.4559,44823359.0
51007,2023-12-18,1148,CN369H,CNE100003J15,RIYUE HEAVY IND.'A' (CCS),CN,CNY,55102015.0,0.1468429,0.4086,102957200.0
51156,2023-12-18,1148,CN30HJ,CNE000001GT1,CHONGQING FULING ELEC. PWR A (CCS),CN,CNY,65101015.0,0.1028278,0.5835,120032444.0
51015,2023-12-18,1148,CN2UC7,CNE100000HQ6,SICHUAN DEVELOPMENT LOMON 'A' (CCS),CN,CNY,55201015.0,0.1039861,0.577,105208613.0
51383,2023-12-18,1148,CN8BK2,KYG9891U1334,ZHONGYU ENERGY HOLDINGS LTD.,CN,HKD,65102020.0,1.0,0.2867,571932304.0
50983,2023-12-18,1148,CN2RH9,CNE100002524,Toly Bread 'A' (CCS),CN,CNY,45102020.0,0.1374885,0.4364,100531712.0
51005,2023-12-18,1148,CN35BI,CNE1000026H0,JINHUI LIQUOR 'A' (CCS),CN,CNY,45101015.0,0.1405152,0.427,101778906.0
50994,2023-12-18,1148,CN2VPL,CNE000000LD7,Shanxi Coking 'A' (CCS),CN,CNY,60101040.0,0.1393728,0.4305,111005798.0
51374,2023-12-18,1148,CN24BG,CNE100001NN9,CHINA INTL.MAR.CTRS. (GP.) 'H',CN,HKD,50206060.0,1.0,0.2235,443796165.0
51008,2023-12-18,1148,CN2EXC,CNE1000015X0,JIANGSU LINYANG ENERGY 'A' (CCS),CN,CNY,50202025.0,0.0919118,0.6528,103470425.0
51034,2023-12-18,1148,CN2LF1,CNE1000022K3,KINGCLEAN ELEC.'A' (CCS),CN,CNY,40202025.0,0.2,0.2078,72586213.0
51011,2023-12-18,1148,CN37Z8,CNE100003M36,JINGJIN EQUIPMENT INC 'A' (CCS),CN,CNY,50204000.0,0.1012317,0.5927,103627974.0
51170,2023-12-18,1148,CN31VY,CNE1000008C9,Youngy 'A' (CCS),CN,CNY,55102050.0,0.0786988,0.7624,113589705.0
51017,2023-12-18,1148,CN2SD6,CNE000001261,Zhongk Sanhuan 'A' (CCS),CN,CNY,50202010.0,0.0782779,0.7665,103605785.0
51434,2023-12-18,1148,CN8B8Q,BMG0171W1055,ALIBABA PICTURES GROUP,CN,HKD,40301010.0,1.0,0.426,707549877.0
50961,2023-12-18,1148,CN2P3T,CNE1000016Y6,ROSHOW TECHNOLOGY 'A' (CCS),CN,CNY,50202010.0,0.0732154,0.8195,99331730.0
51242,2023-12-18,1148,CN1O7V,US23703Q2030,DAQO NEW ENERGY ADR,CN,USD,55201020.0,1.0,0.8589,1548931935.0
51040,2023-12-18,1148,CN34V1,CNE100003S63,SICHUAN ANNING IRON & TI. 'A' (CCS),CN,CNY,55102000.0,0.2,0.1721,60516070.0
51020,2023-12-18,1148,CN2ZNN,CNE000000TM1,TELLING TELECM.HLDG.'A' (CCS),CN,CNY,40401030.0,0.0920952,0.6515,87619175.0
50954,2023-12-18,1148,CN34CI,CNE100002JV8,SHN.MEGMEET ELECT.'A' (CCS),CN,CNY,50202040.0,0.0812458,0.7385,96631900.0
50967,2023-12-18,1148,CN34PV,CNE100003LG3,BEJ.YUANLIU HX. ELTECH. 'A' (CCS),CN,CNY,10102015.0,0.091954,0.6525,94669030.0
50984,2023-12-18,1148,CN3215,CNE100000K31,KEHUA DATA 'A' (CCS),CN,CNY,50202010.0,0.0949217,0.6321,100571234.0
51386,2023-12-18,1148,CN2DCQ,KYG7339A1076,RADIANCE HOLDINGS GROUP,CN,HKD,35101010.0,1.0,0.1595,289670436.0
51004,2023-12-18,1148,CN2I5O,CNE000001C99,Bright Dairy and Food 'A' (CCS),CN,CNY,45102020.0,0.1240695,0.4836,101355860.0
51002,2023-12-18,1148,CN3237,CNE000001PN5,JIANGSU GUOTAI INTL.GP. 'A' (CCS),CN,CNY,55101020.0,0.0990917,0.6055,105981472.0
51065,2023-12-18,1148,CN37IR,CNE1000031H0,XIANHE 'A' (CCS),CN,CNY,55101015.0,0.2,0.2351,74283572.0
50986,2023-12-18,1148,CN2XXV,CNE100000P51,SHENZHEN H & T INTEL. CNTL.'A' (CCS),CN,CNY,10102015.0,0.0713691,0.8407,109522890.0
51069,2023-12-18,1148,CN2TRL,CNE000000ZR7,COFCO BIOTECHNOLOGY 'A' (CCS),CN,CNY,45102020.0,0.0982403,0.4448,75976183.0
50987,2023-12-18,1148,CN2XZX,CNE1000007X7,BAOWU MAGNESIUM TECHNOLOGY 'A' (CCS),CN,CNY,55102050.0,0.096743,0.6202,109719817.0
50963,2023-12-18,1148,CN329D,CNE1000009J2,Sanquan Foods 'A' (CCS),CN,CNY,45102020.0,0.1704545,0.352,99777010.0
50959,2023-12-18,1148,CN32DH,CNE0000006M4,CHINA TUNGSTEN &HIGHTECH 'A' (CCS),CN,CNY,55102050.0,0.1197366,0.5011,98983989.0
51418,2023-12-18,1148,HK00WX,BMG8086V1467,SHENZHEN INTL.HDG.,CN,HKD,50206060.0,1.0,0.5575,1033675158.0
50958,2023-12-18,1148,CN32SW,CNE1000005H4,SHENZHEN TOPBAND 'A' (CCS),CN,CNY,10102015.0,0.0720288,0.833,97617972.0
51010,2023-12-18,1148,CN2RYQ,CNE000001CR4,JILIN ELECTRIC POWER 'A' (CCS),CN,CNY,65101015.0,0.0880799,0.6812,103517620.0
51006,2023-12-18,1148,CN2HCU,CNE0000011X1,CHN ENERGY CHANGYUAN EL. 'A' (CCS),CN,CNY,65101015.0,0.1846154,0.325,102694772.0
51380,2023-12-18,1148,CN3103,KYG2198S1093,CIMC ENRIC HOLDINGS,CN,HKD,60101030.0,1.0,0.324,589226312.0
50960,2023-12-18,1148,CN2PYO,CNE100000049,MONTNETS CLOUD TECH. GP. 'A' (CCS),CN,CNY,15102015.0,0.0738007,0.813,98922755.0
51462,2023-12-18,1148,CN0Q6V,CNE1000004X4,ZHUZHOU CRRC TIMES ELEC 'H',CN,HKD,50206025.0,1.0,0.8889,1347994146.0
51429,2023-12-18,1148,HK60X4,KYG984191075,YIHAI INTL HLDG,CN,HKD,45102020.0,1.0,0.4955,756434280.0
51415,2023-12-18,1148,CN8CCV,KYG2816P1072,DONGYUE GROUP,CN,HKD,55201000.0,1.0,0.6507,1006378207.0
51370,2023-12-18,1148,CN8DL5,KYG2157Q1029,CHINA LESSO GROUP HDG.,CN,HKD,50101035.0,1.0,0.3107,464902663.0
50965,2023-12-18,1148,CN2IJ2,CNE000001R76,CHONGQING IRON & STEEL 'A' (CCS),CN,CNY,55102010.0,0.0858615,0.6988,98704206.0
50971,2023-12-18,1148,CN390B,CNE1000042H7,WUXI NCE POWER 'A' (CCS),CN,CNY,10102010.0,0.0766577,0.7827,90012895.0
51027,2023-12-18,1148,CN2VTP,CNE100003Y65,CHINA-SG SZH. INPK.DEVGP.'A' (CCS),CN,CNY,35101010.0,0.2,0.19,63969578.0
50969,2023-12-18,1148,CN2PND,CNE000001L07,LIANCHUANG ELEC TECH 'A' (CCS),CN,CNY,50202010.0,0.0656743,0.9136,88931667.0
50955,2023-12-18,1148,CN2U50,CNE100000C07,Broad-Ocean 'A' (CCS),CN,CNY,50202010.0,0.0875657,0.6852,97027069.0
50978,2023-12-18,1148,CN36GO,CNE100003SS3,BEI MO GAO FRICTION MTRL 'A' (CCS),CN,CNY,50201010.0,0.1097896,0.5465,92157573.0
51071,2023-12-18,1148,CN2SF8,CNE000001568,Changyu-A 'A' (CCS),CN,CNY,45101015.0,0.2,0.2495,76270995.0
51169,2023-12-18,1148,CN2FUA,CNE000000S27,Tibet Mineral 'A' (CCS),CN,CNY,55102000.0,0.075815,0.7914,118118857.0
50968,2023-12-18,1148,CN30IK,CNE000000NP7,XINYU IRON & STEEL 'A' (CCS),CN,CNY,55102010.0,0.1099304,0.5458,94210571.0
50952,2023-12-18,1148,CN2T60,CNE000000KT5,Financial St 'A' (CCS),CN,CNY,35101010.0,0.1393081,0.4307,94797293.0
50956,2023-12-18,1148,CN32UY,CNE1000009B9,TOPSEC TECHS. GP.'A' (CCS),CN,CNY,10101010.0,0.0645995,0.9288,97374955.0
51083,2023-12-18,1148,CN37EN,CNE000001048,SICHUAN HEXIE SHUANGMA 'A' (CCS),CN,CNY,50101030.0,0.1939864,0.3093,113038547.0
51079,2023-12-18,1148,CN2P7X,CNE1000036B2,YANGTZE OPT. FIBRE&CABLE. 'A' (CCS),CN,CNY,15101010.0,0.2,0.2622,81265640.0
50957,2023-12-18,1148,CN2QWN,CNE000000FM0,DIGITAL CHINA INFORMATION SERVICE GROUP 'A' (CCS),CN,CNY,10101010.0,0.1081471,0.5548,97316950.0
51009,2023-12-18,1148,CN2WUR,CNE100001765,HENAN MINGTAI AL INDL. 'A' (CCS),CN,CNY,55102035.0,0.0685166,0.8757,108547920.0
50974,2023-12-18,1148,CN35U1,CNE100003LB4,JIANGSU GUOMAO REDUCER 'A' (CCS),CN,CNY,50204000.0,0.1807229,0.332,90533504.0
51393,2023-12-18,1148,CN8EF0,HK0000083920,SUN ART RETAIL GROUP,CN,HKD,40401010.0,1.0,0.213,341443163.0
51375,2023-12-18,1148,HK40IN,KYG6501M1050,NEXTEER AUTOMOTIVE GROUP,CN,HKD,40101025.0,1.0,0.3505,520193417.0
50953,2023-12-18,1148,CN391C,CNE000001618,CNSIG INNER MON. CHE. IND. 'A' (CCS),CN,CNY,55201000.0,0.1100715,0.5451,95739750.0
51058,2023-12-18,1148,CN2ZFF,CNE100001V11,BEIJING GEOENVIRON E&T. 'A' (CCS),CN,CNY,65103035.0,0.0724113,0.8286,85748721.0
50980,2023-12-18,1148,CN2ZBB,CNE0000003F5,GUOCHENG MINING 'A' (CCS),CN,CNY,55102050.0,0.2,0.2982,92432892.0
51368,2023-12-18,1148,PH227,KYG2113L1068,CHINA RESOURCES BUILDING MATERIALS TECHNOLOGY HDG,CN,HKD,50101030.0,1.0,0.3137,466437461.0
50979,2023-12-18,1148,CN2IM5,CNE000001F39,Tang Sanyou 'A' (CCS),CN,CNY,55201000.0,0.1082056,0.5545,92218201.0
50982,2023-12-18,1148,CN2UE9,CNE000001PF1,ZHEJ.WANFENG AUTO WHEEL 'A' (CCS),CN,CNY,40101025.0,0.0910056,0.6593,88280872.0
50975,2023-12-18,1148,CN2ONC,CNE1000015C4,ANHUI JINHE INDL.'A' (CCS),CN,CNY,55201000.0,0.1070473,0.5605,94464545.0
51054,2023-12-18,1148,CN35Y5,CNE100003N68,BEIDA JD.BIRD 'A' (CCS),CN,CNY,50202020.0,0.1207486,0.4969,85003845.0
51237,2023-12-18,1148,CN86LY,US47759T1007,JINKOSOLAR HOLDING ADR,CN,USD,60102020.0,1.0,0.7052,1196653730.0
51039,2023-12-18,1148,CN36KS,CNE0000018Q0,INMYSHOW DIGITAL TECH. 'A' (CCS),CN,CNY,40301020.0,0.0379661,0.6111,37872113.0
50973,2023-12-18,1148,CN2J5P,CNE000001G04,Fangda Steel 'A' (CCS),CN,CNY,55102010.0,0.1066288,0.5627,90405207.0
51063,2023-12-18,1148,CN4C6L,CNE1000043M5,WUXI PAIKE N. MTRLS TECH. 'A' (CCS),CN,CNY,55102015.0,0.128783,0.4659,87197975.0
51461,2023-12-18,1148,CN0OI5,CNE1000004J3,TRAVELSKY TECHNOLOGY 'H',CN,HKD,10101010.0,1.0,1.0,1595754585.0
51060,2023-12-18,1148,CN2EYD,CNE000000XB6,Sh Belling 'A' (CCS),CN,CNY,10102010.0,0.080032,0.7497,86650661.0
51062,2023-12-18,1148,CN2SNG,CNE100000WV5,PENGDU AGRI. & ANIMAL HUSB.'A' (CCS),CN,CNY,45102010.0,0.096401,0.6224,86872752.0
51377,2023-12-18,1148,HK90HR,KYG2163M1033,CHINA EDUCATION GROUP HOLDINGS,CN,HKD,40201010.0,1.0,0.3948,613770198.0
51047,2023-12-18,1148,CN2IUD,CNE100001757,BEIJING JINGYUNTONG TECH.'A' (CCS),CN,CNY,10102020.0,0.1110494,0.5403,87957396.0
50977,2023-12-18,1148,CN37MV,CNE100003K38,BANK OF QINGDAO 'A' (CCS),CN,CNY,30101010.0,0.1133144,0.5295,91425717.0
50972,2023-12-18,1148,CN2TXR,CNE0000002R2,Csg Holding 'A' (CCS),CN,CNY,50203020.0,0.0787195,0.7622,90420841.0
51057,2023-12-18,1148,CN2TTN,CNE100000J59,ZHEJIANG YONGTAI TECH. 'A' (CCS),CN,CNY,55201020.0,0.0833102,0.7202,85174810.0
51387,2023-12-18,1148,KY11J3,KYG1193D1097,Blue Moon Group Holdings Ltd,CN,HKD,45201030.0,1.0,0.2417,363545351.0
51053,2023-12-18,1148,CN2YZY,CNE1000018X4,XIAMEN KINGDOMWAY GP.'A' (CCS),CN,CNY,45102020.0,0.1305199,0.4597,84460193.0
51437,2023-12-18,1148,CN8CK3,KYG982771092,XTEP INTERNATIONAL HDG.,CN,HKD,40204025.0,1.0,0.5343,787500027.0
51441,2023-12-18,1148,PH047,HK0817039453,CHINA JINMAO HOLDINGS GROUP,CN,HKD,35101010.0,1.0,0.6349,824555479.0
50976,2023-12-18,1148,CN2YFE,CNE0000016D2,TIBET SUMMIT RESOURCES 'A' (CCS),CN,CNY,55102050.0,0.0714796,0.8394,90523468.0
51055,2023-12-18,1148,CN33CH,CNE000001QF9,SANSTEEL MINGUANG 'A' (CCS),CN,CNY,55102010.0,0.1380898,0.4345,85179375.0
51051,2023-12-18,1148,CN2IVE,CNE000001907,Xinan Chemical 'A' (CCS),CN,CNY,55201015.0,0.0839866,0.7144,83858455.0
51000,2023-12-18,1148,CN2HI0,CNE000001PZ9,XINJIANG TECON ANM BIO-TECH A (CCS),CN,CNY,45102010.0,0.0819784,0.7319,100543236.0
51073,2023-12-18,1148,CN376F,CNE1000031J6,WENCAN GROUP 'A' (CCS),CN,CNY,40101025.0,0.1099707,0.5456,82435805.0
51431,2023-12-18,1148,KY119T,KYG5141L1059,Jiumaojiu International Holdin,CN,HKD,40501040.0,1.0,0.6267,722599962.0
51056,2023-12-18,1148,CN2USN,CNE000001P86,Gold Mantis 'A' (CCS),CN,CNY,50101035.0,0.1165049,0.515,83546468.0
51046,2023-12-18,1148,CN2HGY,CNE100000BT3,JIANGSU AZURE 'A' (CCS),CN,CNY,50203000.0,0.0423446,0.8113,45837107.0
51066,2023-12-18,1148,CN2TVP,CNE100000BQ9,Joyoung 'A' (CCS),CN,CNY,40202020.0,0.1822047,0.3293,83304822.0
51064,2023-12-18,1148,CN2F4K,CNE100001M04,CTS INTL.LOGISTICS 'A' (CCS),CN,CNY,50206040.0,0.110011,0.5454,85444959.0
51076,2023-12-18,1148,CN2L1N,CNE000000TB4,NUODE NEW MATERIALS 'A' (CCS),CN,CNY,50202010.0,0.0853121,0.7033,79193472.0
51077,2023-12-18,1148,CN2HBT,CNE0000009C9,HUBEI YIHUA CHM.IND.'A' (CCS),CN,CNY,55201000.0,0.0747105,0.8031,79562305.0
51042,2023-12-18,1148,CN3CBP,CNE100005HS1,HOLLY FUTURES 'A' (CCS),CN,CNY,30202015.0,0.2,0.1678,47122262.0
51050,2023-12-18,1148,CN3204,CNE0000013G2,CHENGZHI 'A' (CCS),CN,CNY,55201000.0,0.1123596,0.534,83730586.0
51080,2023-12-18,1148,CN31Z2,CNE1000006X9,ANHUI TRUCHUM ADMA. & TECH.'A' (CCS),CN,CNY,55102040.0,0.0847338,0.7081,81621187.0
51075,2023-12-18,1148,CN30QS,CNE100000C98,LIER CHEMICAL 'A' (CCS),CN,CNY,55201015.0,0.1017467,0.5897,78180522.0
51049,2023-12-18,1148,CN31MP,CNE1000013N6,JIANGSU SHUANGXING A (CCS),CN,CNY,50203015.0,0.0948017,0.6329,75237789.0
51036,2023-12-18,1148,CN367F,CNE100003PQ3,BAFANG ELECTRIC (SUZHOU) 'A' (CCS),CN,CNY,40101025.0,0.2,0.2705,61238266.0
51078,2023-12-18,1148,CN2E7M,CNE000000438,SHANGHAI WAIGAOQIAO 'A' (CCS),CN,CNY,35101010.0,0.1685867,0.3559,80843821.0
51081,2023-12-18,1148,CN2F3J,CNE000001C57,Jinjing 'A' (CCS),CN,CNY,50203020.0,0.0882742,0.6797,77888974.0
51048,2023-12-18,1148,CN392D,CNE100001ZW4,SHINGHWA ADVANCED MATERIAL GROUP A (CCS),CN,CNY,55201000.0,0.0948167,0.6328,72790711.0
51369,2023-12-18,1148,CN92IS,VGG9833A1049,XINYI ENERGY HOLDINGS,CN,HKD,65101010.0,1.0,0.3604,503839132.0
51072,2023-12-18,1148,CN2FT9,CNE1000016H1,ZHEJIANG AKCOME NEW ENERGY TECHNOLOGY 'A' (CCS),CN,CNY,60102020.0,0.06,1.0,76501071.0
51465,2023-12-18,1148,CN8FF1,KYG2116J1085,CHINA CONCH VET.HOLDINGS,CN,HKD,65103035.0,1.0,0.8393,1264791739.0
51070,2023-12-18,1148,CN2IK3,CNE1000013D7,CAMEL GROUP 'A' (CCS),CN,CNY,40101025.0,0.0945626,0.6345,76191769.0
51376,2023-12-18,1148,HK60RY,KYG410121084,GREENTOWN SER GRP,CN,HKD,35101015.0,1.0,0.4621,523062412.0
51385,2023-12-18,1148,KY11DX,KYG0405D1051,ANGELALIGN TECHNOLOGY,CN,HKD,20102015.0,1.0,0.2233,266876790.0
51044,2023-12-18,1148,CN35HO,CNE100004FX8,GUANGDONG SHUNKONG DEV. 'A' (CCS),CN,CNY,65102030.0,0.2,0.2094,54682171.0
51061,2023-12-18,1148,CN2QRI,CNE000000073,JINKE PROPERTY GROUP 'A' (CCS),CN,CNY,35101010.0,0.065775,0.9122,86698989.0
51038,2023-12-18,1148,CN38R1,CNE100000YT5,XIZI CLEAN ENERGY EQUIPMENT'A' (CCS),CN,CNY,50202010.0,0.0636121,0.2551,19812839.0
51029,2023-12-18,1148,CN346C,CNE1000036C0,MILKYWAY CHEM. SUPPLY CHAIN'A' (CCS),CN,CNY,50206060.0,0.0977517,0.6138,69680293.0
51444,2023-12-18,1148,CN92FP,KYG5140J1013,JINXIN FERTILITY GROUP,CN,HKD,20101010.0,1.0,0.7735,896284165.0
51372,2023-12-18,1148,CN8EXI,KYG7956A1094,SEAZEN GROUP,CN,HKD,35101010.0,1.0,0.3667,438707562.0
51392,2023-12-18,1148,680206,HK0604011236,SHENZHEN INVESTMENT,CN,HKD,35101010.0,1.0,0.2578,323697384.0
51030,2023-12-18,1148,CN2KJ4,CNE000001782,Capital Dev 'A' (CCS),CN,CNY,35101010.0,0.1267159,0.4735,70095115.0
51031,2023-12-18,1148,CN2P8Y,CNE000001P11,JIANGSU SHAGANG 'A' (CCS),CN,CNY,55102010.0,0.0819672,0.732,70133333.0
51067,2023-12-18,1148,CN2V40,CNE100000080,NANJI E-COMMERCE A (CCS),CN,CNY,10101020.0,0.0799361,0.7506,82196019.0
51026,2023-12-18,1148,CN2U61,CNE1000008B1,SHENZHEN JINJIA GP.'A' (CCS),CN,CNY,50203030.0,0.0878092,0.6833,68880630.0
51032,2023-12-18,1148,CN366E,CNE100003Q57,GRG METROLOGY & TEST GROUP 'A' (CCS),CN,CNY,40201070.0,0.1230517,0.4876,71040067.0
51024,2023-12-18,1148,CN2H1J,CNE1000005Y9,RiseSun Real Est 'A' (CCS),CN,CNY,35101010.0,0.1056524,0.5679,67673150.0
51021,2023-12-18,1148,CN34U0,CNE0000004Q0,GANSU SHANGFENG CMT.'A' (CCS),CN,CNY,50101030.0,0.1364877,0.4396,64345291.0
51433,2023-12-18,1148,CN93KV,CNE100000353,HISENSE HOME APPLIANCES GROUP 'H',CN,HKD,40202020.0,1.0,0.6785,672788865.0
51425,2023-12-18,1148,CN1AU4,CNE1000003J5,JIANGSU EXPRESSWAY H,CN,HKD,50206060.0,1.0,1.0,1092538021.0
51382,2023-12-18,1148,CN57U5,CNE100001ZT0,LEGEND HOLDINGS 'H',CN,HKD,10102030.0,1.0,0.4953,565634924.0
51043,2023-12-18,1148,CN36Y6,CNE100005568,JIANGSU BOQIAN NEW MATLS. 'A' (CCS),CN,CNY,55201000.0,0.0918038,0.5267,47691406.0
51389,2023-12-18,1148,CN534B,BMG202981087,CGN NEW ENERGY HOLDINGS,CN,HKD,65101015.0,1.0,0.2767,289358364.0
51421,2023-12-18,1148,CN1IDV,CNE100000X44,CHONGQING RUR.COML.BK. 'H',CN,HKD,30101010.0,1.0,1.0,957501862.0
51371,2023-12-18,1148,608071,CNE1000002Z3,DATANG INTL.PWR.GNRTN. 'H',CN,HKD,65101015.0,1.0,0.4639,429066207.0
51239,2023-12-18,1148,CN1SF7,US23344D1081,DADA NEXUS 1 ADS,CN,USD,10101020.0,1.0,1.0,793408694.0
51439,2023-12-18,1148,HK00LM,CNE1000004F1,SINOTRANS 'H',CN,HKD,50206060.0,1.0,0.9474,787700557.0
51224,2023-12-18,1148,CN24GL,CNE000000J85,INNER MONGOLIA EERDUOSI 'B',CN,USD,40204020.0,1.0,0.5577,394365732.0
51238,2023-12-18,1148,CN24OT,CNE0000004K3,LAO FENG XIANG 'B',CN,USD,40204030.0,1.0,1.0,681062891.0
51379,2023-12-18,1148,CN12Y0,CNE100000TW9,CHINA SUNTIEN GRN.EN.'H',CN,HKD,65102020.0,1.0,1.0,625116949.0
51391,2023-12-18,1148,CN427C,CNE100005KF2,AIM VACCINE H 'H',CN,HKD,20103015.0,1.0,0.6734,309921443.0
51373,2023-12-18,1148,HK009A,CNE1000004C8,SINOPEC SHAI.PETROCHEM. 'H',CN,HKD,60101020.0,1.0,0.9392,464090125.0
51222,2023-12-18,1148,CN24IN,CNE000000SJ9,SHAI.ZHENHUA HEAVY IND. 'B',CN,USD,50204020.0,1.0,0.529,196657848.0
51225,2023-12-18,1148,CN24EJ,CNE000000HH6,SHAI.LJZ.FN&T.ZONE DEV. 'B',CN,USD,35101010.0,1.0,1.0,348933312.0
51388,2023-12-18,1148,B018L7,CNE100000536,COSCO SHIPPING DEVELOPMENT 'H',CN,HKD,50206030.0,1.0,1.0,377223033.0
51390,2023-12-18,1148,CN24CH,CNE0000002M3,CSG HOLDING 'B',CN,HKD,50203020.0,1.0,1.0,352907049.0
51384,2023-12-18,1148,CN249E,CNE000000T59,YANTAI CHANGYU PION.WINE 'B',CN,HKD,45101015.0,1.0,1.0,250461953.0
51365,2023-12-18,1148,CN24MR,CNE000000HW5,GUANGDONG ELEC.PWR.DEV. 'B',CN,HKD,65101015.0,1.0,1.0,224285662.0
51364,2023-12-18,1148,CN0P0O,CNE100000F20,BBMG 'H',CN,HKD,50101030.0,1.0,1.0,218998902.0
51367,2023-12-18,1148,CN299J,CNE100004BP3,JOINN LAB. 'H',CN,HKD,20103010.0,1.0,1.0,181028406.0
51366,2023-12-18,1148,CN24RW,CNE000000J36,WEIFU HIGH TECH.GP.'B',CN,HKD,40101025.0,1.0,0.84,161405569.0
51396,2023-12-18,1148,CN6319,CNE0000007C3,CHINA MERCHANTS PORT GR.'B',CN,HKD,50206060.0,1.0,0.6925,122241450.0
51226,2023-12-18,1148,CN257D,CNE0000004L1,SHANGHAI HUAYI GROUP 'B',CN,USD,40101015.0,1.0,1.0,94809000.0
51227,2023-12-18,1148,CN24TY,CNE000000FG2,SHANGHAI BAILIAN GROUP 'B',CN,USD,45201010.0,1.0,1.0,92375153.0
51229,2023-12-18,1148,CN267E,CNE000000GW7,SHANGHAI LINGANG HOLDINGS 'B',CN,USD,35101010.0,1.0,1.0,76116241.0
51394,2023-12-18,1148,CN258E,CNE000000RN3,BENGANG STL.PLATES 'B',CN,HKD,55102010.0,1.0,0.94,68969417.0
51228,2023-12-18,1148,CN25EK,CNE000000K58,HUADIAN ENERGY 'B',CN,USD,65101015.0,1.0,1.0,54000000.0
51395,2023-12-18,1148,CN26KR,CNE000000Q52,ADAMA 'B',CN,HKD,55201015.0,1.0,1.0,44278536.0
51662,2023-12-18,1148,IN0AET,INE813H01021,Torrent Pow,IN,INR,65101015.0,1.0,0.3669,1987976483.0
51628,2023-12-18,1148,IN043C,INE188A01015,FERT.& CHEMS.TRAVANCORE,IN,INR,55201015.0,1.0,0.1,627433074.0
51751,2023-12-18,1148,IN12CK,INE513A01022,Schaeffler India Ltd,IN,INR,40101025.0,1.0,0.2588,1497551476.0
51727,2023-12-18,1148,IN2119,INE699H01024,ADANI WILMAR,IN,INR,45102020.0,1.0,0.1206,691703057.0
51651,2023-12-18,1148,IN06ZA,INE356A01018,Mphasis,IN,INR,10101010.0,1.0,0.4444,2701757212.0
51715,2023-12-18,1148,IN82AP,INE674K01013,ADITYA BIRLA FIN. SERVICES,IN,INR,30301010.0,0.5419392,0.3517,989287221.0
51735,2023-12-18,1148,IN0AO3,INE686F01025,United Brew,IN,INR,45101010.0,1.0,0.304,1648741433.0
51704,2023-12-18,1148,IN0AT8,INE628A01036,UPL Ltd,IN,INR,55201015.0,1.0,0.67,3673069753.0
51629,2023-12-18,1148,IN02KR,INE084A01016,Bank of India,IN,INR,30101010.0,1.0,0.1154,635689884.0
51652,2023-12-18,1148,IN087K,INE211B01039,Phoenix Mills,IN,INR,35101010.0,1.0,0.5535,2724135568.0
51655,2023-12-18,1148,IN81HV,INE00R701025,DALMIA BHARAT,IN,INR,50101030.0,1.0,0.5668,2995433305.0
51649,2023-12-18,1148,IN11SZ,INE761H01022,PAGE INDUSTRIES,IN,INR,40204020.0,1.0,0.5729,2920643631.0
51650,2023-12-18,1148,IN066H,INE220G01021,JINDAL STAINLESS,IN,INR,55102010.0,1.0,0.4772,2656332854.0
51698,2023-12-18,1148,IN20GN,INE04I401011,KPIT TECHNOLOGIES,IN,INR,10101010.0,1.0,0.6721,3314658511.0
51725,2023-12-18,1148,IN311A,INE249Z01012,MAZAGON DOCK SHIPBUILDERS,IN,INR,50206030.0,1.0,0.1517,783189829.0
51741,2023-12-18,1148,IN70IU,INE405E01023,UNO MINDA,IN,INR,40101025.0,1.0,0.3985,1812665037.0
51631,2023-12-18,1148,IN02W3,INE483A01010,Central Bank IN,IN,INR,30101010.0,1.0,0.0692,365447785.0
51757,2023-12-18,1148,IN00FK,INE114A01011,Steel Authority of India Ltd,IN,INR,55102010.0,1.0,0.2522,1448807683.0
51673,2023-12-18,1148,IN20LS,INE417T01026,PB FINTECH,IN,INR,30302015.0,1.0,0.6966,3019661207.0
51639,2023-12-18,1148,IN10EK,INE797F01020,JUBILANT FOODWORKS,IN,INR,40501040.0,1.0,0.5797,2579142596.0
51724,2023-12-18,1148,IN20X4,INE317I01021,METRO BRANDS,IN,INR,40401020.0,1.0,0.21,910024128.0
51737,2023-12-18,1148,IN2018,INE498L01015,L&T FINANCE HOLDINGS,IN,INR,30201020.0,1.0,0.3407,1625593882.0
51637,2023-12-18,1148,IN827M,INE545U01014,BANDHAN BANK,IN,INR,30101010.0,1.0,0.5223,2566844867.0
51663,2023-12-18,1148,IN04OX,INE776C01039,GMR AIRPORTS INFRASTRUCTURE,IN,INR,50206060.0,1.0,0.3505,1993571714.0
51738,2023-12-18,1148,IN01CI,INE012A01025,ACC,IN,INR,50101030.0,1.0,0.369,1863253406.0
51645,2023-12-18,1148,IN06Y9,INE180A01020,MAX FINANCIAL SVS.,IN,INR,30301010.0,1.0,0.7174,2903863770.0
51680,2023-12-18,1148,IN12X5,INE591G01017,COFORGE,IN,INR,10101010.0,1.0,0.9375,4465335247.0
51721,2023-12-18,1148,IN0ADS,INE470A01017,3M India,IN,INR,50203000.0,1.0,0.25,1047696696.0
51730,2023-12-18,1148,IN07ZB,INE881D01027,Oracle Fin,IN,INR,10101015.0,1.0,0.272,1235508994.0
51756,2023-12-18,1148,IN11U1,INE042A01014,Escorts Kubota Ltd,IN,INR,50204010.0,1.0,0.3556,1483199223.0
51710,2023-12-18,1148,IN044D,INE171A01029,The Federal Bank,IN,INR,30101010.0,0.74,1.0,3391040623.0
51714,2023-12-18,1148,IN30RZ,INE415G01027,RAIL VIKAS NIGAM,IN,INR,50101010.0,1.0,0.2154,987324501.0
51740,2023-12-18,1148,IN039H,INE169A01031,Coromandel Intl,IN,INR,55201015.0,1.0,0.4379,1916784783.0
51749,2023-12-18,1148,IN01IO,INE212H01026,AIA Engg,IN,INR,50204000.0,1.0,0.3187,1293256104.0
51733,2023-12-18,1148,IN073F,INE774D01024,M&M Fin Services,IN,INR,30201020.0,1.0,0.4043,1695334041.0
51734,2023-12-18,1148,IN20Y5,INE575P01011,STAR HEALTH ALLIED INSURANCE,IN,INR,30301010.0,1.0,0.4524,1722898933.0
51716,2023-12-18,1148,IN30Y6,INE303R01014,KALYAN JEWELLERS INDIA,IN,INR,40204030.0,1.0,0.2535,995766174.0
51723,2023-12-18,1148,IN217F,INE825V01034,VEDANT FASHIONS,IN,INR,40204020.0,1.0,0.268,1074835310.0
51746,2023-12-18,1148,IN07U6,INE274J01014,OIL INDIA Ltd,IN,INR,60101010.0,1.0,0.3365,1415046057.0
51642,2023-12-18,1148,IN812G,INE935N01020,DIXON TECHNOLOGIES (INDIA),IN,INR,40203010.0,1.0,0.5482,2465360790.0
51634,2023-12-18,1148,IN19CR,INE073K01018,SONA BLW PRECISION FORGINGS,IN,INR,40101025.0,1.0,0.6387,2536348675.0
51717,2023-12-18,1148,IN055F,INE671A01010,Honeywell Auto,IN,INR,50203000.0,1.0,0.25,950534204.0
51754,2023-12-18,1148,IN18S6,INE511C01022,MAGMA FINCORP,IN,INR,30201020.0,1.0,0.379,1543822401.0
51736,2023-12-18,1148,IN18O2,INE09N301011,GUJARAT FLUOROCHEMICALS,IN,INR,55201000.0,1.0,0.3625,1608795575.0
51718,2023-12-18,1148,IN03CK,INE007A01025,CRISIL Ltd,IN,INR,30201030.0,1.0,0.2787,1039821397.0
51630,2023-12-18,1148,IN30T1,INE457A01014,BANK OF MAHARASHTRA,IN,INR,30101010.0,1.0,0.1354,549934661.0
51753,2023-12-18,1148,IN08CP,INE347G01014,Petronet Lng,IN,INR,60101020.0,0.8,0.5,1563551012.0
51752,2023-12-18,1148,IN50IS,INE398R01022,SYNGENE INTERNATIONAL,IN,INR,20103010.0,1.0,0.4521,1540686585.0
51719,2023-12-18,1148,IN0A8N,INE152A01029,Thermax,IN,INR,50101025.0,1.0,0.2717,1167170110.0
51665,2023-12-18,1148,IN80CP,INE288B01029,DEEPAK NITRITE,IN,INR,55201000.0,1.0,0.6013,2282044644.0
51720,2023-12-18,1148,IN603E,INE844O01030,GUJARAT GAS,IN,INR,65102020.0,1.0,0.3248,1216724572.0
51750,2023-12-18,1148,IN13EN,INE068V01023,GLAND PHARMA,IN,INR,20103015.0,1.0,0.4214,1538332381.0
51664,2023-12-18,1148,IN05S2,INE571A01038,IPCA Labs,IN,INR,20103015.0,1.0,0.6642,2277278262.0
51667,2023-12-18,1148,IN219H,INE148O01028,DELHIVERY,IN,INR,50206040.0,1.0,0.7176,2284911631.0
51759,2023-12-18,1148,IN02CJ,INE376G01013,Biocon,IN,INR,20103010.0,1.0,0.3964,1455354851.0
51728,2023-12-18,1148,IN04KT,INE159A01016,GlaxoSmith P,IN,INR,20103015.0,1.0,0.25,887327046.0
51658,2023-12-18,1148,IN0B2I,INE226A01021,Voltas Ltd,IN,INR,50101025.0,1.0,0.5944,2055639370.0
51760,2023-12-18,1148,IN05IS,INE203G01027,INDRAGAS,IN,INR,65102020.0,1.0,0.4302,1479943501.0
51744,2023-12-18,1148,IN216E,INE0FS801015,MOTHERSON SUMI WIRING INDIA,IN,INR,40101025.0,1.0,0.4147,1359497877.0
51722,2023-12-18,1148,IN30LT,INE281B01032,LLOYDS METALS & ENERGY,IN,INR,55102010.0,1.0,0.3002,1140339272.0
51729,2023-12-18,1148,IN06EP,INE531A01024,Kansai,IN,INR,50203010.0,1.0,0.2501,807501159.0
51731,2023-12-18,1148,IN0AIX,INE092A01019,Tata Chemicals,IN,INR,55201000.0,1.0,0.5263,1667968661.0
51231,2023-12-18,1148,IN13IR,US92932M1018,WNS HDG. ADR,IN,USD,50205020.0,1.0,0.8683,2625807459.0
51627,2023-12-18,1148,IN505F,INE131B01039,RELAXO FOOTWEARS,IN,INR,40204025.0,1.0,0.1887,514080576.0
51745,2023-12-18,1148,IN03W4,INE548C01032,Emami,IN,INR,45201020.0,1.0,0.5367,1396970903.0
51713,2023-12-18,1148,IN601C,INE647O01011,ADITYA FASH.& RETAIL,IN,INR,40204020.0,1.0,0.3664,977240028.0
51732,2023-12-18,1148,IN20BI,INE100A01010,ATUL,IN,INR,55201000.0,1.0,0.6798,1688187783.0
51666,2023-12-18,1148,IN60HS,INE299U01018,CRMPTN.GREAVES CSM.ELEC,IN,INR,40202020.0,1.0,1.0,2262465965.0
51489,2023-12-18,1148,TW10SI,TW0009941005,YULON FINANCE,TW,TWD,30201020.0,1.0,0.6108,1989781886.0
51476,2023-12-18,1148,TW08YV,TW0002368008,GOLD CIRCUIT ELECTRONICS,TW,TWD,10102015.0,1.0,0.7473,2536333400.0
51480,2023-12-18,1148,TW052W,TW0002834009,Taiwan Business Bank,TW,TWD,30101010.0,1.0,0.7792,2814395633.0
51484,2023-12-18,1148,TW012S,TW0001229003,Lien Hwa Ind,TW,TWD,45102020.0,1.0,0.824,2764134043.0
51527,2023-12-18,1148,TW00G5,TW0002353000,Acer Inc,TW,TWD,10102030.0,1.0,1.0,3787724002.0
51524,2023-12-18,1148,TW10J9,TW0003533006,Lotes,TW,TWD,10102015.0,1.0,0.8136,3096284004.0
51494,2023-12-18,1148,TW08VS,TW0009945006,Ruentex C D,TW,TWD,35101010.0,1.0,0.6687,2248182747.0
51519,2023-12-18,1148,TW060V,TW0003044004,Tripod Tech,TW,TWD,10102015.0,1.0,0.9206,3199898045.0
51520,2023-12-18,1148,TW03UM,TW0002449006,King Yuan Elec,TW,TWD,10102020.0,1.0,1.0,3336017929.0
51495,2023-12-18,1148,TW601W,TW0008464009,NIEN MADE ENTERPRISE,TW,TWD,40202015.0,1.0,0.6478,2186141985.0
51542,2023-12-18,1148,TW6050,TW0005269005,ASMEDIA TECHNOLOGY,TW,TWD,10102010.0,1.0,0.5176,1881065075.0
51481,2023-12-18,1148,TW01G6,TW0001504009,Teco Electric,TW,TWD,50202040.0,1.0,0.8285,2638046954.0
51496,2023-12-18,1148,TW208Z,KYG989221000,ZHEN DING TECH.HOLDING,TW,TWD,10102015.0,1.0,0.6774,2192987144.0
51533,2023-12-18,1148,TW20I9,TW0006789001,VISERA TECHNOLOGIES,TW,TWD,10102010.0,1.0,0.3246,949602868.0
51478,2023-12-18,1148,TW05WQ,TW0003035002,Faraday Tech,TW,TWD,10102010.0,1.0,0.8622,2512597889.0
51479,2023-12-18,1148,TW03A2,TW0002371002,Tatung,TW,TWD,50202010.0,1.0,0.8149,2512863059.0
51483,2023-12-18,1148,TW027Y,TW0002027000,Ta Chen,TW,TWD,55102010.0,1.0,0.8807,2722493056.0
51482,2023-12-18,1148,TW036Y,TW0002360005,Chroma Ate,TW,TWD,50202025.0,1.0,1.0,2812976580.0
51477,2023-12-18,1148,TW08JG,TW0009904003,Pou Chen,TW,TWD,40204025.0,1.0,0.8721,2598504006.0
51487,2023-12-18,1148,TW070W,TW0003653002,JENTECH PRECISION INDL.,TW,TWD,10102015.0,1.0,0.6336,2052280983.0
51490,2023-12-18,1148,TW032U,TW0002352002,Qisda,TW,TWD,10102030.0,1.0,0.8296,2283145878.0
51532,2023-12-18,1148,TW080X,TW0006239007,PTI,TW,TWD,10102010.0,1.0,1.0,3601527367.0
51486,2023-12-18,1148,TW02A1,TW0002059003,King Slide,TW,TWD,55102015.0,1.0,0.7799,2034856990.0
51541,2023-12-18,1148,TW02G7,TW0002201001,Yulon Motor,TW,TWD,40101020.0,1.0,0.6655,1692541663.0
51492,2023-12-18,1148,TW104U,TW0002049004,HIWIN Tech,TW,TWD,50204000.0,1.0,0.9185,2325466421.0
51493,2023-12-18,1148,TW04D6,TW0002542008,Highwealth Const,TW,TWD,35101010.0,1.0,0.876,2132901357.0
51543,2023-12-18,1148,TW033V,TW0002354008,Foxconn Tech,TW,TWD,10102015.0,1.0,0.7519,1766836808.0
51491,2023-12-18,1148,TW08OL,TW0009921007,GIANT MFG,TW,TWD,40203050.0,1.0,1.0,2304677059.0
51544,2023-12-18,1148,TW05MG,TW0002915006,Ruentex Ind,TW,TWD,55101020.0,1.0,0.7954,1784726815.0
51534,2023-12-18,1148,TW1P8N,TW0001795003,LOTUS PHARMACEUTICAL,TW,TWD,20103015.0,1.0,0.5226,1205446809.0
51550,2023-12-18,1148,TW10WM,TW0002492006,Walsin Tech,TW,TWD,10102015.0,1.0,0.7404,1476608894.0
51539,2023-12-18,1148,TW1PET,KYG0097V1086,ADVANCED ENERGY SO,TW,TWD,50202010.0,1.0,0.4021,806509281.0
51474,2023-12-18,1148,TW06QL,TW0003532008,FORMOSA SUMCO TECHNOLOGY,TW,TWD,10102010.0,1.0,0.1643,367461001.0
51546,2023-12-18,1148,TW01UK,TW0001722007,Twn Fertilizer,TW,TWD,55201015.0,1.0,0.7593,1588000145.0
51233,2023-12-18,1148,TW1AYY,US82706C1080,SILICON MOTION TECH.ADR,TW,USD,10102010.0,1.0,1.0,1978712484.0
51473,2023-12-18,1148,TW02LC,TW0002227006,Yulon Nissan,TW,TWD,40101020.0,1.0,0.1217,217533057.0
51551,2023-12-18,1148,TW08MJ,TW0009914002,Merida Industry,TW,TWD,40203050.0,1.0,0.8372,1479391777.0
51535,2023-12-18,1148,TW01ZP,TW0001802007,Twn Glass Ind,TW,TWD,50203020.0,1.0,0.4142,731142058.0
51537,2023-12-18,1148,TW1P0F,KYG7171A1085,POLARIS GROUP,TW,TWD,20103010.0,1.0,0.4724,779810066.0
51545,2023-12-18,1148,TW02WN,TW0002337003,Macronix,TW,TWD,10102010.0,1.0,1.0,1772733616.0
51538,2023-12-18,1148,TW0683,TW0003189007,Kinsus,TW,TWD,10102010.0,1.0,0.6174,875800839.0
51536,2023-12-18,1148,TW01C2,TW0001434009,Formosa Taffeta,TW,TWD,55101020.0,1.0,0.5681,779673966.0
51272,2023-12-18,1148,KR06EV,KR7078930005,GS Holdings,KR,KRW,50203000.0,1.0,0.9478,2864627832.0
51326,2023-12-18,1148,KR04T8,KR7029780004,Samsung Card,KR,KRW,30201020.0,1.0,0.2814,810465686.0
51268,2023-12-18,1148,KR03T7,KR7011780004,Kumho,KR,KRW,55201000.0,1.0,0.7529,2453204297.0
51286,2023-12-18,1148,KR04IX,KR7021240007,COWAY,KR,KRW,40202020.0,1.0,0.6681,2132111466.0
51340,2023-12-18,1148,KR03U8,KR7011790003,SKC,KR,KRW,55201000.0,1.0,0.4916,1334510706.0
51269,2023-12-18,1148,KR30BP,KR7180640005,HANJIN KAL,KR,KRW,40501010.0,1.0,0.7791,2497835639.0
51282,2023-12-18,1148,KR043I,KR7016360000,Samsung Sec,KR,KRW,30202015.0,1.0,0.7045,1949440405.0
51279,2023-12-18,1148,KR19SD,KR7035900000,JYP ENTERTAINMENT,KR,KRW,40301010.0,1.0,0.7805,2068435625.0
51313,2023-12-18,1148,KR02ZC,KR7005940002,NH INV&SEC,KR,KRW,30202015.0,1.0,0.4319,1125148101.0
51283,2023-12-18,1148,KR068P,KR7071050009,Kr Inv Holdings,KR,KRW,30202015.0,1.0,0.7402,1984005774.0
51343,2023-12-18,1148,KR055L,KR7035250000,Kangwon Land,KR,KRW,40501020.0,1.0,0.5347,1451391169.0
51310,2023-12-18,1148,KR1AOA,KR7383220001,F&F,KR,KRW,40204020.0,1.0,0.4648,1198148941.0
51339,2023-12-18,1148,KR03M0,KR7010620003,Hyundai Mipo Dk,KR,KRW,50206030.0,1.0,0.5763,1401711355.0
51328,2023-12-18,1148,KR15O5,KR7068760008,Celltrion Pharm,KR,KRW,20103015.0,1.0,0.4496,1240948313.0
51308,2023-12-18,1148,KR07P7,KR7272210006,HANWHA SYSTEMS,KR,KRW,50201020.0,1.0,0.4048,955545789.0
51248,2023-12-18,1148,KR025I,KR7003410008,SSANGYONG C&E,KR,KRW,50101030.0,1.0,0.2211,492216600.0
51320,2023-12-18,1148,KR02O1,KR7004990008,LOTTE CORP,KR,KRW,45102020.0,1.0,0.3829,863882650.0
51345,2023-12-18,1148,KR401G,KR7064350002,HYUNDAI ROTEM,KR,KRW,50206025.0,1.0,0.6627,1480219164.0
51330,2023-12-18,1148,KR01MY,KR7001450006,Hyundai Mar&Fire,KR,KRW,30302025.0,1.0,0.781,1652259970.0
51337,2023-12-18,1148,KR01CO,KR7000990002,DB HITEK,KR,KRW,10102010.0,1.0,0.8761,1816966485.0
51336,2023-12-18,1148,KR032G,KR7006260004,Ls,KR,KRW,50202010.0,1.0,0.8528,1913475681.0
51341,2023-12-18,1148,KR01DP,KR7001040005,CJ Corp,KR,KRW,50203000.0,1.0,0.5797,1242476719.0
51303,2023-12-18,1148,KR00ZA,KR7000120006,CJ LOGISTICS,KR,KRW,50206060.0,1.0,0.4727,968351196.0
51333,2023-12-18,1148,KR03ES,KR7008770000,Hotel Shilla,KR,KRW,40401030.0,1.0,0.8218,1628462493.0
51324,2023-12-18,1148,KR03FT,KR7008930000,HANMI SCIENCE,KR,KRW,20103015.0,1.0,0.4371,859133388.0
51325,2023-12-18,1148,KR20DQ,KR7007070006,GS RETAIL,KR,KRW,45201010.0,1.0,0.4212,804066517.0
51312,2023-12-18,1148,KR812M,KR7263750002,PEARLABYSS,KR,KRW,40203040.0,1.0,0.581,1125027078.0
51309,2023-12-18,1148,KR05GW,KR7039490008,KIWOOM,KR,KRW,30202015.0,1.0,0.5882,1167701154.0
51316,2023-12-18,1148,KR04R6,KR7028670008,PANOCEAN,KR,KRW,50206030.0,1.0,0.4034,757146492.0
51323,2023-12-18,1148,KR71H0,KR7282330000,BGF RETAIL,KR,KRW,45201010.0,1.0,0.5142,898107065.0
51259,2023-12-18,1148,KR05R7,KR7052690005,KEPCO E&C,KR,KRW,50101015.0,1.0,0.3423,643383196.0
51249,2023-12-18,1148,KR058O,KR7036460004,Korea Gas,KR,KRW,65102020.0,0.4605312,0.5346,442347638.0
51307,2023-12-18,1148,KR03ZD,KR7012750006,S-1 Corporation,KR,KRW,50205040.0,1.0,0.5242,945808874.0
51327,2023-12-18,1148,KR01ZB,KR7002790004,AMOREG,KR,KRW,40204035.0,1.0,0.4614,840209167.0
51332,2023-12-18,1148,KR14JZ,KR7014680003,Hansol Chemical,KR,KRW,55201000.0,1.0,0.8562,1615881183.0
51344,2023-12-18,1148,KR60L2,KR7112610001,CS WIND,KR,KRW,60102020.0,1.0,0.7098,1474369562.0
51302,2023-12-18,1148,KR1AG2,KR7293490009,KAKAO GAMES,KR,KRW,40203040.0,1.0,0.5756,968312281.0
51311,2023-12-18,1148,KR17P8,KR7139480008,E-MART,KR,KRW,40401010.0,1.0,0.7152,1124909738.0
51319,2023-12-18,1148,KR18O8,KR7020150009,LOTTE ENERGY MATERIALS,KR,KRW,10102015.0,1.0,0.4673,685962339.0
51253,2023-12-18,1148,KR05N3,KR7047040001,Daewoo Eng&Const,KR,KRW,50101010.0,1.0,0.4231,576079737.0
51317,2023-12-18,1148,KR01W8,KR7002380004,KCC,KR,KRW,50203010.0,1.0,0.5099,782372923.0
51305,2023-12-18,1148,KR12AO,KR7112040001,WEMADE,KR,KRW,40203040.0,1.0,0.5469,927508778.0
51251,2023-12-18,1148,KR057N,KR7035760008,CJ ENM,KR,KRW,40301035.0,0.6013007,0.5997,451665893.0
51318,2023-12-18,1148,KR82G1,KR7298020009,HYOSUNG TNC,KR,KRW,55101020.0,1.0,0.5661,713824992.0
51315,2023-12-18,1148,KR91I3,KR7336260005,DOOSAN FUEL CELL,KR,KRW,60102010.0,1.0,0.6638,753999259.0
51246,2023-12-18,1148,KR1KIE,KR7137310009,SD BIOSENSOR,KR,KRW,20102015.0,1.0,0.446,483993204.0
51306,2023-12-18,1148,KR035J,KR7006360002,GS E&C,KR,KRW,50101010.0,1.0,0.9171,935919084.0
51252,2023-12-18,1148,KR033H,KR7006280002,GC BIOPHARMA,KR,KRW,20103015.0,1.0,0.4998,542526089.0
51314,2023-12-18,1148,KR116J,KR7096530001,Seegene,KR,KRW,20103010.0,1.0,0.8183,737902084.0
51247,2023-12-18,1148,KR801K,KR7285130001,SK CHEMICALS,KR,KRW,55201010.0,1.0,0.5618,500601703.0
51245,2023-12-18,1148,KR012E,KR7000210005,DL,KR,KRW,50203015.0,1.0,0.5775,469220970.0
51254,2023-12-18,1148,KR30T7,KR7456040005,OCI,KR,KRW,55201000.0,1.0,0.6675,401384102.0
51255,2023-12-18,1148,KR204H,KR7019170000,SHIN POONG PHARM.,KR,KRW,20103015.0,1.0,0.6887,365941523.0
51244,2023-12-18,1148,KR518P,KR7071051007,KOREA INVESTMENT 1P,KR,KRW,30202015.0,1.0,1.0,200268688.0
51265,2023-12-18,1148,KR188S,KR7011781002,KUMHO PETRO CHEMICAL PF.,KR,KRW,55201000.0,1.0,1.0,154981929.0
51263,2023-12-18,1148,KR189T,KR7005941000,NH INVESTMENT & SECURITIES.PF.,KR,KRW,30202015.0,1.0,1.0,143278776.0
51264,2023-12-18,1148,KR51IZ,KR7097951008,CJ CHEIL JEDANG 1P,KR,KRW,45102020.0,1.0,1.0,139565615.0
51258,2023-12-18,1148,KR50AQ,KR7001041003,CJ PF,KR,KRW,50203000.0,1.0,1.0,90769609.0
51261,2023-12-18,1148,KR50EU,KR7002791002,AMOREPACIFIC GROUP PF 1P,KR,KRW,40204035.0,1.0,0.8982,44524093.0
51262,2023-12-18,1148,KR08O7,KR728513K010,SK CHEMICALS PRE,KR,KRW,55201010.0,1.0,1.0,49652052.0
51260,2023-12-18,1148,KR809S,KR7006801005,MIRAE ASSET SEC PF.,KR,KRW,30202015.0,1.0,1.0,43399326.0
51257,2023-12-18,1148,KR089S,KR7019171008,SHIN POONG PHARM.PF.,KR,KRW,20103015.0,1.0,0.8293,28689037.0
51362,2023-12-18,1148,405180,TRAARCLK91H5,ARCELIK,TR,TRY,40202020.0,1.0,0.3077,895116928.0
51353,2023-12-18,1148,ET020,TRETTLK00013,TURK TELEKOMUNIKASYON,TR,TRY,15102015.0,1.0,0.1332,384077938.0
51351,2023-12-18,1148,B03MVZ,TRAMRDIN91F2,OYAK CIMENTO FABRIKALARI A S,TR,TRY,50101030.0,1.0,0.26,572817130.0
51361,2023-12-18,1148,ET027,TREKOAL00014,KOZA ALTIN ISLETMELERI,TR,TRY,55103025.0,1.0,0.3,674471287.0
51355,2023-12-18,1148,TR304R,TREPEGS00016,PEGASUS HAVA TASIMACILIGI,TR,TRY,40501010.0,1.0,0.4334,1029887975.0
51349,2023-12-18,1148,B01GNH,TRETTRK00010,TURK TRAKTOR,TR,TRY,50204010.0,1.0,0.25,617696538.0
51358,2023-12-18,1148,416441,TRAAEFES91A9,ANADOLU EFES,TR,TRY,45101010.0,1.0,0.3295,780830860.0
51356,2023-12-18,1148,TR806Y,TRAHEKTS91E4,HEKTAS TICARET,TR,TRY,55201000.0,1.0,0.4463,929461720.0
51346,2023-12-18,1148,TR002M,TREAKSN00011,AKSA ENERJI URETIM,TR,TRY,65101015.0,1.0,0.1472,190339874.0
51552,2023-12-18,1148,ID8014,ID1000098007,BANK CIMB NIAGA,ID,IDR,30101010.0,1.0,0.0759,207598700.0
51573,2023-12-18,1148,ID00OJ,ID1000106602,ANEKA TAMBANG,ID,IDR,55103025.0,1.0,0.35,901831946.0
51558,2023-12-18,1148,ID00FA,ID1000068604,Gudang Garam Tbk PT,ID,IDR,45103010.0,1.0,0.2445,616515455.0
51571,2023-12-18,1148,ID5099,ID1000135700,MITRA KELUARGA KARYASEHAT,ID,IDR,20101010.0,1.0,0.3786,948249430.0
51564,2023-12-18,1148,ID3075,ID1000113905,ELANG MAHKOTA TEKNOLOGI,ID,IDR,40301035.0,1.0,0.2561,575298797.0
51560,2023-12-18,1148,ID00LG,ID1000068703,BUMI RESOURCES,ID,IDR,60101040.0,1.0,0.2938,625272394.0
51572,2023-12-18,1148,ID00C7,ID1000061302,Indocement Tunggal Prakarsa Tb,ID,IDR,50101030.0,1.0,0.49,1080308939.0
51566,2023-12-18,1148,ID210Y,ID1000143605,MNC DIGITAL ENTERTAINMENT,ID,IDR,40301010.0,1.0,0.1801,422239572.0
51574,2023-12-18,1148,ID00PK,ID1000108103,Jasa Marga PT,ID,IDR,50206060.0,1.0,0.3,670245825.0
51555,2023-12-18,1148,ID2142,ID1000165004,AVIA AVIAN PT,ID,IDR,50203010.0,1.0,0.2461,439876939.0
51553,2023-12-18,1148,ID2131,ID1000164700,CISARUA MOUNTAIN DAIRY,ID,IDR,45102020.0,1.0,0.192,396358211.0
51563,2023-12-18,1148,ID00HC,ID1000094006,BUKIT ASAM TBK PT,ID,IDR,60101040.0,1.0,0.3407,588953658.0
51557,2023-12-18,1148,ID00JE,ID1000108509,INDO TAMBANGRAYA MEGAH,ID,IDR,60101040.0,1.0,0.3486,613858280.0
51575,2023-12-18,1148,ID0061,ID1000111602,Perusahaan Gas Negara PT,ID,IDR,65102020.0,1.0,0.4304,715578432.0
51567,2023-12-18,1148,ID20SP,ID1000092703,BANK PAN INDONESIA,ID,IDR,30101010.0,1.0,0.1426,241110627.0
51582,2023-12-18,1148,CL00OL,CLP3064M1019,COMP. SUDAMERICANA DE VAPORES,CL,CLP,50206030.0,0.4460824,0.3355,471320223.0
51587,2023-12-18,1148,CL00C9,CLP3615W1037,Colbun SA,CL,CLP,65101010.0,1.0,0.4125,1134585098.0
51590,2023-12-18,1148,CL9028,CL0002539816,CENCOSUD SHOPPING,CL,CLP,35101010.0,1.0,0.2836,815337477.0
51583,2023-12-18,1148,CL9017,CL0002456714,PLAZA,CL,CLP,35101010.0,1.0,0.152,431467437.0
51591,2023-12-18,1148,CL00GD,CLP249051044,Cia Cervecerias Unidas SA,CL,CLP,45101010.0,1.0,0.3413,820809591.0
51589,2023-12-18,1148,CL00KH,CL0002841873,BANCO ITAU CHILE,CL,CLP,30101010.0,1.0,0.3438,732336358.0
51601,2023-12-18,1148,TH22U8,THA848010007,THAI LIFE INSURANCE,TH,THB,30301010.0,0.7273411,0.2659,572629892.0
51621,2023-12-18,1148,TH00Q0,TH0221B10Z05,BTS Group Holdings PCL,TH,THB,50206020.0,0.4154216,0.7898,887910393.0
51620,2023-12-18,1148,TH510G,TH6068010Y02,MUANGTHAI CAPITAL,TH,THB,30201020.0,1.0,0.3255,882355156.0
51598,2023-12-18,1148,TH00MW,TH0143010Z08,Land and Houses PCL,TH,THB,35101010.0,0.2382102,0.704,441681890.0
51611,2023-12-18,1148,TH30BO,TH5097010000,DIGITAL TELECOM.IFCF.,TH,THB,35102025.0,0.5239174,0.7944,960903809.0
51614,2023-12-18,1148,TH21T6,TH0991010008,SIAM GLOBAL HOUSE,TH,THB,40401025.0,1.0,0.4459,1083370576.0
51612,2023-12-18,1148,TH50ZE,TH6066010005,CARABAO GROUP,TH,THB,45101020.0,0.8647209,0.4694,945235828.0
51593,2023-12-18,1148,TH001B,TH0637010Y00,Ratch Group,TH,THB,65101015.0,0.5097879,0.4904,477757918.0
51597,2023-12-18,1148,TH00PZ,TH0450010Y08,THAI UNION GROUP,TH,THB,45102020.0,0.2609047,0.8666,442092839.0
51605,2023-12-18,1148,TH207J,TH0465010005,ELECTRICITY GENERATING,TH,THB,65101015.0,0.3598907,0.4393,297286283.0
51623,2023-12-18,1148,TH12JW,THA271010003,NGERN TID LOR,TH,THB,30201020.0,1.0,0.4467,824788050.0
51600,2023-12-18,1148,TH00AK,TH0148A10Z06,Banpu PCL,TH,THB,60101040.0,0.3281874,0.9263,565679762.0
51594,2023-12-18,1148,TH401F,TH0122C10Z04,KCE ELECTRONICS,TH,THB,10102015.0,0.3548171,0.7463,487730383.0
51607,2023-12-18,1148,TH50XC,TH5456010Y00,SRISAWAD CORPORATION,TH,THB,30201020.0,0.2717013,0.7177,325166548.0
51604,2023-12-18,1148,TH706N,TH6678010005,COM7,TH,THB,40401030.0,0.440061,0.5247,357855037.0
51603,2023-12-18,1148,TH704L,TH7462010003,BANPU POWER,TH,THB,65101015.0,1.0,0.2134,263713456.0
51596,2023-12-18,1148,TH806O,TH8193010007,TOA PAINT THAILAND,TH,THB,50203010.0,1.0,0.3401,435757125.0
51602,2023-12-18,1148,TH00JT,TH0471010Y04,IRPC PCL,TH,THB,60101020.0,0.8917197,0.5495,577927544.0
51595,2023-12-18,1148,TH80AS,TH3925010Z05,JMT NETWORK SERVICES,TH,THB,50205020.0,1.0,0.4616,509992779.0
51599,2023-12-18,1148,TH403H,TH4577010002,MK RESTAURANT GROUP,TH,THB,40501040.0,1.0,0.4186,426753368.0
51766,2023-12-18,1148,MY00L5,MYL5398OO002,Gamuda Bhd,MY,MYR,50101010.0,1.0,0.7304,1927059117.0
51772,2023-12-18,1148,MY23K9,MYL7277OO006,DIALOG GROUP,MY,MYR,60101030.0,1.0,0.6939,1617936341.0
51763,2023-12-18,1148,MY501Q,MYL5246OO003,WESTPORTS HOLDINGS,MY,MYR,50206060.0,1.0,0.2487,661254292.0
51773,2023-12-18,1148,MY22MA,MYL5014OO005,MALAYSIA AIRPORTS HDG.,MY,MYR,50206060.0,1.0,0.5225,1374083400.0
51779,2023-12-18,1148,MY50NC,MYQ0166OO007,INARI AMERTRON,MY,MYR,10102010.0,1.0,0.6464,1531829527.0
51761,2023-12-18,1148,MY242S,MYL3689OO006,FRASER & NEAVE HDG.,MY,MYR,45101020.0,1.0,0.2322,498948886.0
51769,2023-12-18,1148,MY22AY,MYL5168OO009,HARTALEGA HOLDINGS,MY,MYR,20102015.0,1.0,0.5711,1146814450.0
51770,2023-12-18,1148,MY208U,MYL7113OO003,TOP GLOVE,MY,MYR,20102015.0,1.0,0.6606,1108798345.0
51771,2023-12-18,1148,MY00M6,MYL3336OO004,IJM Corp BHD,MY,MYR,50101010.0,1.0,0.5907,862457702.0
51762,2023-12-18,1148,MY00UE,MYL2291OO002,Genting Plantations Bhd,MY,MYR,45102010.0,1.0,0.2757,298842902.0
51782,2023-12-18,1148,412267,GRS014003032,Piraeus Financial Holdings,GR,EUR,30101010.0,1.0,0.5438,2409067892.0
51788,2023-12-18,1148,423586,GRS015003007,ALPHA SERVICES AND HOLDINGS,GR,EUR,30101010.0,1.0,0.8584,3415282527.0
51783,2023-12-18,1148,724353,GRS282183003,JUMBO,GR,EUR,40401010.0,1.0,0.8064,2972389604.0
51789,2023-12-18,1148,599623,GRS426003000,MOTOR OIL (HELLAS),GR,EUR,60101020.0,1.0,0.5847,1730777699.0
51780,2023-12-18,1148,547565,GRS298343005,HELLENIQ ENERGY HOLDINGS,GR,EUR,60101020.0,1.0,0.1905,457566863.0
51801,2023-12-18,1148,PH04AK,PHY6028G1361,Metropolitan Bank & Trust,PH,PHP,30101010.0,0.636436,0.6285,1621478881.0
51797,2023-12-18,1148,PH903I,PHY1001H1024,ACEN,PH,PHP,65101010.0,0.9465215,0.4226,1212167409.0
51795,2023-12-18,1148,PH11AI,PHY6142T1052,MONDE NISSIN,PH,PHP,45102020.0,1.0,0.3763,959866314.0
51792,2023-12-18,1148,PH04LV,PHY7628G1124,Semirara Mining Corp,PH,PHP,60101040.0,1.0,0.2925,629202007.0
51799,2023-12-18,1148,PH04JT,PHY2088F1004,DMCI Holdings Inc,PH,PHP,50203000.0,1.0,0.308,674972042.0
51800,2023-12-18,1148,PH20IQ,PHY290451046,GT CAPITAL HOLDINGS,PH,PHP,40101020.0,0.9076469,0.4407,870983925.0
51790,2023-12-18,1148,PH30AJ,PHY5342M1000,LT GROUP,PH,PHP,30101010.0,1.0,0.2564,433614853.0
51791,2023-12-18,1148,PH04HR,PHY003341054,Alliance Global Group Inc,PH,PHP,50203000.0,1.0,0.3767,621635560.0
51806,2023-12-18,1148,KW203L,KW0EQ0100028,GULF BANK OF KUWAIT,KW,KWD,30101010.0,1.0,0.54,1741940683.0
51803,2023-12-18,1148,KW208Q,KW0EQ0100077,BURGAN BANK,KW,KWD,30101010.0,1.0,0.2782,555753662.0
51834,2023-12-18,1148,BR708H,BRCRFBACNOR2,ATACADAO,BR,BRL,45201010.0,1.0,0.2521,1257040918.0
51829,2023-12-18,1148,BR05PW,BRNEOEACNOR3,NEOENERGIA ON,BR,BRL,65101010.0,1.0,0.1971,988495178.0
51809,2023-12-18,1148,BR00JL,BRNTCOACNOR5,NATURA &CO HOLDING,BR,BRL,40204035.0,1.0,0.6146,2832967798.0
51808,2023-12-18,1148,BR008A,BRCSNAACNOR6,Cia Siderurgica Nacional SA,BR,BRL,55102010.0,1.0,0.4876,2426749924.0
51810,2023-12-18,1148,BR00RT,BRHYPEACNOR0,HYPERA,BR,BRL,20103015.0,1.0,0.6388,2921651394.0
51823,2023-12-18,1148,BR05AH,BRTOTSACNOR8,Totvs,BR,BRL,10101015.0,1.0,0.7559,3188123370.0
51811,2023-12-18,1148,BR0439,BRENEVACNOR8,ENEVA ON,BR,BRL,65101015.0,1.0,0.5286,2276687254.0
51830,2023-12-18,1148,BR04KQ,BRPSSAACNOR7,Porto Seguro,BR,BRL,30302010.0,1.0,0.2918,1094450824.0
51826,2023-12-18,1148,BR1104,BRASAIACNOR0,SENDAS DISTRIBUIDORA,BR,BRL,45201010.0,1.0,1.0,3616490751.0
51828,2023-12-18,1148,BR00TV,BRCMIGACNPR3,CEMIG - PREF,BR,BRL,65101010.0,1.0,0.9202,3146581539.0
51824,2023-12-18,1148,BR109C,BRKLBNACNPR9,KLABIN S.A. - PREF,BR,BRL,55101015.0,1.0,1.0,3022431646.0
51825,2023-12-18,1148,BR03X2,BRLRENACNOR1,LOJAS RENNER,BR,BRL,40401020.0,1.0,1.0,3375097777.0
51833,2023-12-18,1148,BR046C,BRMULTACNOR5,MULTIPLAN,BR,BRL,35101010.0,1.0,0.5159,1802237300.0
51832,2023-12-18,1148,BR20GK,BRAUREACNOR9,AUREN ENERGIA ON,BR,BRL,65101010.0,1.0,0.302,816582028.0
51836,2023-12-18,1148,BR704D,BRMGLUACNOR2,MAGAZINE LUIZA ON,BR,BRL,40401030.0,1.0,0.4847,1444361244.0
51807,2023-12-18,1148,BR2015,BRCMIGACNOR6,CMPH.ENGT.MINASGR. ON,BR,BRL,65101010.0,1.0,0.059,135592569.0
51844,2023-12-18,1148,ZA102C,ZAE000063863,WOOLWORTHS HDG.,ZA,ZAR,40401010.0,1.0,0.8255,3028903020.0
51841,2023-12-18,1148,ZA00LU,ZAE000084992,Exxaro Resources Ltd,ZA,ZAR,60101040.0,1.0,0.5425,1964830683.0
51840,2023-12-18,1148,ZA702I,ZAE000314084,OUTSURANCE GROUP LIMITED,ZA,ZAR,30302010.0,1.0,0.5933,2109832670.0
51838,2023-12-18,1148,073892,ZAE000255360,OLD MUTUAL,ZA,ZAR,30301010.0,1.0,0.8347,2598995923.0
51853,2023-12-18,1148,ZA20T4,ZAE000298253,NORTHAM PLATINUM HOLDINGS,ZA,ZAR,55103030.0,0.8742051,0.7357,1808753962.0
51850,2023-12-18,1148,ZA00JS,ZAE000054045,African Rainbow Minerals Ltd,ZA,ZAR,55102000.0,1.0,0.4421,976882517.0
51852,2023-12-18,1148,ZA20IT,ZAE000200457,MR PRICE GROUP,ZA,ZAR,40401020.0,1.0,0.799,1633974972.0
51854,2023-12-18,1148,ZA206H,ZAE000179420,GROWTHPOINT PROPS.,ZA,ZAR,35102000.0,1.0,0.8413,1792220138.0
51855,2023-12-18,1148,ZA20Y9,ZAE000148466,THE FOSCHINI GROUP,ZA,ZAR,40401020.0,1.0,0.7812,1444463850.0
51837,2023-12-18,1148,ZA901J,ZAE000265971,MULTICHOICE GROUP,ZA,ZAR,15102010.0,0.6834213,0.5608,649243799.0
51859,2023-12-18,1148,QA20BD,QA0006929812,QATAR ELTY& WT,QA,QAR,65102000.0,1.0,0.4429,2247953123.0
51857,2023-12-18,1148,QA20WY,QA000A0KD6L1,QATAR GSTRANNAKILAT,QA,QAR,50206030.0,1.0,0.4936,2403450384.0
51856,2023-12-18,1148,QA2046,QA0001200771,QATAR FUEL COMPANY,QA,QAR,60101020.0,1.0,0.5938,2524681076.0
51861,2023-12-18,1148,QA20HJ,QA0006929879,QATAR INTLISLAMIC BANK,QA,QAR,30101010.0,1.0,0.7734,3266733459.0
51867,2023-12-18,1148,AE23RK,AEM001001019,MULTIPLY GROUP,AE,AED,30202000.0,1.0,0.3414,3331590738.0
51865,2023-12-18,1148,AE213U,AEA000801018,ABU DHABI ISLAMIC BANK,AE,AED,30101010.0,0.4188002,0.5351,2200680761.0
51871,2023-12-18,1148,AE22UM,AEA004601018,ABU DHABI PORTS COMPANY PJSC,AE,AED,50206060.0,1.0,0.1721,1469262887.0
51872,2023-12-18,1148,AE302T,AEE01135A222,AMERICANA RESTAURANTS INTL.,AE,SAR,40501040.0,1.0,0.3397,2387369997.0
51869,2023-12-18,1148,AE23MF,AEF000901015,FERTIGLOBE COMPANY PJSC,AE,AED,55201015.0,1.0,0.138,970078160.0
51887,2023-12-18,1148,SA21Y3,SA000A0B89Q3,SAUDI INDUSTRIAL INV,SA,SAR,55201000.0,0.4931221,0.8142,1744824041.0
51884,2023-12-18,1148,SA22NT,SA000A0MQCJ2,SAUDI KAYAN PETROCH,SA,SAR,55201020.0,0.6050769,0.65,1717189641.0
51881,2023-12-18,1148,SA24HP,SA135G51UI10,DALLAH HEALTHCARE,SA,SAR,20101010.0,0.8333008,0.5129,1936310528.0
51874,2023-12-18,1148,SA236D,SA11U0S23612,DAR ALARKAN RLSTDEV,SA,SAR,35101010.0,0.49,1.0,2036889424.0
51891,2023-12-18,1148,SA3016,SA15L1I156H7,ARABIAN DRILLING,SA,SAR,60101030.0,1.0,0.3,1352213565.0
51885,2023-12-18,1148,SA20BF,SA0007879063,THE SAUDI INVESTMENT BK,SA,SAR,30101010.0,0.5309853,0.7439,1631958747.0
51883,2023-12-18,1148,SA3027,SA15L0N10HH3,POWER&WATER UTILITY CMP.FOR JUBAIL&YANBU,SA,SAR,65101015.0,1.0,0.3,1205477205.0
51894,2023-12-18,1148,SA20AE,SA0007879055,BANK ALJAZIRA,SA,SAR,30101010.0,0.397148,0.8906,1428667988.0
51893,2023-12-18,1148,SA228E,SA000A0JK5M3,SAUDI RESEARCH AND MEDIA GROUP,SA,SAR,40301030.0,1.0,0.402,1369850717.0
51888,2023-12-18,1148,SA3038,SA15LGLI0N19,RIYADH CABLES,SA,SAR,50202010.0,1.0,0.3495,1239488453.0
51896,2023-12-18,1148,MX00K3,MX01CH170002,Grupo Comercial Chedraui SA de,MX,MXN,40401010.0,1.0,0.485,2772864168.0
51899,2023-12-18,1148,MX00TC,MX01KO000002,Coca-Cola Femsa SAB de CV,MX,MXN,45101020.0,1.0,1.0,5119767190.0
51897,2023-12-18,1148,MX00DW,MX01OR010004,Orbia Advance Corp SAB de CV,MX,MXN,50203015.0,1.0,0.4543,2113630735.0
51901,2023-12-18,1148,MX702S,MX41BB000000,BNC.DEL BAJIO IDBC. MTPL.,MX,MXN,30101010.0,1.0,0.779,3075976592.0
51911,2023-12-18,1148,EW059,PLPGER000010,PGE,PL,PLN,65101015.0,1.0,0.383,1859392224.0
51904,2023-12-18,1148,414933,PLBUDMX00013,BUDIMEX,PL,PLN,50101010.0,1.0,0.4986,1954988356.0
51908,2023-12-18,1148,PL11CO,NL0015000AU7,PEPCO GROUP,PL,PLN,40401010.0,1.0,0.2785,1060651237.0
51910,2023-12-18,1148,525606,PLBH00000012,HANDLOWY,PL,PLN,30101010.0,1.0,0.25,838863096.0
51913,2023-12-18,1148,555255,PLTLKPL00017,ORANGE POLSKA,PL,PLN,15102015.0,1.0,0.4933,1335250666.0
51914,2023-12-18,1148,407732,PLBIG0000016,BANK MILLENNIUM,PL,PLN,30101010.0,1.0,0.499,1272621360.0
51909,2023-12-18,1148,EW041,PLCFRPT00013,CYFROWY POLSAT,PL,PLN,15102010.0,1.0,0.3796,779017890.0
51915,2023-12-18,1148,451944,CZ0008019106,KOMERCNI BANKA,CZ,CZK,30101010.0,1.0,0.3965,2368620257.0
51916,2023-12-18,1148,EG004Y,EGS60121C018,Commercial International Bank,EG,EGP,30101010.0,1.0,0.7644,5727501089.0
51917,2023-12-18,1148,EG2051,EGS37091C013,EASTERN TOBACCO,EG,EGP,45103010.0,1.0,0.4385,898109751.0
51919,2023-12-18,1148,404238,HU0000123096,RICHTER GEDEON,HU,HUF,20103015.0,1.0,0.7475,3513016444.0
51920,2023-12-18,1148,CO0044,COE15PA00026,Interconexion Electrica SA,CO,COP,65101015.0,1.0,0.3977,1698431124.0
