,Date,Index_Component_Count,Internal_Number,ISIN,Instrument_Name,Country,Currency,ICB,Close_USD_Cutoff
50930,2023-12-18,1148,CN2Y98,CNE100002GK7,G BITS NET.TECH.XIAMEN 'A' (CCS),CN,CNY,40203040.0,35.943448870682005
50892,2023-12-18,1148,CN3035,CNE100002RH0,XINFENGMING GROUP 'A' (CCS),CN,CNY,55201010.0,1.6912254433320002
51043,2023-12-18,1148,CN353A,CNE100003ZJ7,CHINA SUNTIEN GREEN ENERGY 'A' (CCS),CN,CNY,65102020.0,1.099436772448
51492,2023-12-18,1148,CN91LU,HK0000056256,CHINA TRADITIONAL CHI MEDICINE,CN,HKD,20103015.0,0.5121453188
51123,2023-12-18,1148,CN33OT,CNE0000010Y1,Cnhtc Truck 'A' (CCS),CN,CNY,50206015.0,2.193264173608
51094,2023-12-18,1148,CN2XIG,CNE100000SM2,GUANGZHOU ZHUJIANG BREW. 'A' (CCS),CN,CNY,45101010.0,1.161139856616
50878,2023-12-18,1148,CN2QH8,CNE100000M47,TAIJI COMPUTER 'A' (CCS),CN,CNY,10101010.0,4.12288789668
51145,2023-12-18,1148,CN2MK7,CNE100000S58,ZHENGZHOU COAL MNG.MCH. GP.'A' (CCS),CN,CNY,50204020.0,1.66878795818
51170,2023-12-18,1148,CN2GVC,CNE1000008K2,SHANGHAI STONEHILL TECHNOLOGY (CCS),CN,CNY,10101015.0,0.44734736021800003
50864,2023-12-18,1148,CN2GK1,CNE0000014B1,Newland 'A' (CCS),CN,CNY,10101015.0,2.479342109296
51216,2023-12-18,1148,CN2TKE,CNE000000XH3,Shunxin 'A' (CCS),CN,CNY,45101015.0,3.444153970832
51138,2023-12-18,1148,CN2WYV,CNE000000FB3,Wanxiang 'A' (CCS),CN,CNY,40101025.0,0.772690894922
51484,2023-12-18,1148,CN87P3,KYG2110A1114,CHINASOFT INTERNATIONAL,CN,HKD,10101010.0,0.8565630456930001
51118,2023-12-18,1148,CN2TMG,CNE100000CT1,ZHEJIANG CRYSTAL OPTECH 'A' (CCS),CN,CNY,10102015.0,1.8300573827100002
51120,2023-12-18,1148,CN30GI,CNE000001DZ5,SHENGHE RESOURCES HDG. 'A' (CCS),CN,CNY,55102000.0,1.45142482077
51111,2023-12-18,1148,CN32W0,CNE100000643,Beijing BDStar 'A' (CCS),CN,CNY,15101010.0,4.666996911616001
51161,2023-12-18,1148,CN3C9N,CNE100001D21,GUOSHENG FINL.HLDG.'A' (CCS),CN,CNY,30202000.0,1.31119053857
51137,2023-12-18,1148,CN31PS,CNE1000026G2,QIANHE CONDIMENT &.FOOD 'A' (CCS),CN,CNY,45102020.0,2.4569046241440002
51115,2023-12-18,1148,CN2KH2,CNE000000Q29,CHINA MEHECO GROUP 'A' (CCS),CN,CNY,20103015.0,1.685616072044
51470,2023-12-18,1148,CN2CR4,HK0000658531,SIMCERE PHARMACEUTICAL GROUP,CN,HKD,20103015.0,0.944908113186
51116,2023-12-18,1148,CN2V95,CNE1000005X1,CNNC HUA YUAN TITANIUM DIOXIDE (CCS),CN,CNY,55201020.0,0.647882383764
51108,2023-12-18,1148,CN2FK0,CNE1000023Q8,LBX PHMCY.CHAIN 'A' (CCS),CN,CNY,45201015.0,4.28415732121
50911,2023-12-18,1148,CN38T3,CNE1000046G0,QINGDAO SENTURY TIRE 'A' (CCS),CN,CNY,40101015.0,3.855040417678
51495,2023-12-18,1148,HK90U4,KYG711391022,PING AN HEALTHCARE AND TECH CO,CN,HKD,20101025.0,2.2355143165620004
50784,2023-12-18,1148,CN91T2,US88557W1018,QIFU TECHNOLOGY ADR,CN,USD,30201020.0,15.52
51222,2023-12-18,1148,CN75R2,CNE000001642,CHINA PETROLEUM ENGINEERING A (CCS),CN,CNY,60101030.0,0.445945017396
51110,2023-12-18,1148,CN2N9X,CNE000001DG5,Gaochun Ceram 'A' (CCS),CN,CNY,50201020.0,2.002545549816
51460,2023-12-18,1148,HK01IK,HK1208013172,MMG,CN,HKD,55102040.0,0.28680137852800003
51048,2023-12-18,1148,CN2WPM,CNE100005154,QILU BANK 'A' (CCS),CN,CNY,30101010.0,0.538499643648
51472,2023-12-18,1148,CN2CU7,KYG2006G1156,CENTRAL NEW ENERGY HOLDING GROUP,CN,HKD,50101015.0,2.332821927134
51227,2023-12-18,1148,CN95DQ,CNE100004P08,ZHEJIANG PUBLISHIN 'A' (CCS),CN,CNY,40301030.0,1.105046143736
51107,2023-12-18,1148,CN36EM,CNE000001BG9,Pharm Glass 'A' (CCS),CN,CNY,20102015.0,3.696575678792
51117,2023-12-18,1148,CN2QZQ,CNE1000020C4,CHENGDU KANGHONG PHARM. 'A' (CCS),CN,CNY,20103015.0,2.665853704622
51129,2023-12-18,1148,CN2Y21,CNE000000XP6,ANHUI ZHONGDING SEALING PART A (CCS),CN,CNY,40101025.0,1.859506581972
51125,2023-12-18,1148,CN2SJC,CNE100001JZ1,HEFEI MEIYA OT.TECH.'A' (CCS),CN,CNY,50202025.0,2.7738341019160004
51467,2023-12-18,1148,CN2CAN,CNE100004QP1,SHANGHAI MICROPORT MEDBOT 'H',CN,HKD,20102010.0,2.567128410485
51230,2023-12-18,1148,CN4CCR,CNE100005857,SHENZHEN KTC TECHNOLOGY 'A' (CCS),CN,CNY,10102030.0,3.5885952814980002
51454,2023-12-18,1148,BM1075,BMG4404N1149,CHINA RUYI HOLDINGS,CN,HKD,40301010.0,0.226624303569
51150,2023-12-18,1148,CN33RW,CNE0000014Z0,SICHUAN NEW ENERGY POWER 'A' (CCS),CN,CNY,60102020.0,1.635131730452
51113,2023-12-18,1148,CN2URM,CNE0000004H9,Northeast Secs 'A' (CCS),CN,CNY,30202015.0,1.022307917238
51128,2023-12-18,1148,CN35OV,CNE100004355,SHAI.HUAFON ACP.'A' (CCS),CN,CNY,55102035.0,2.379775768934
51134,2023-12-18,1148,CN395G,CNE100004BQ1,CHINA NAT. GOLD GRP JEWEL 'A' (CCS),CN,CNY,40204030.0,1.4107568789320002
51131,2023-12-18,1148,CN2HHZ,CNE000000GH8,Fenghua Adv 'A' (CCS),CN,CNY,50202010.0,2.04742052012
51217,2023-12-18,1148,CN2VHD,CNE100002XN6,CHINA KINGS RESOURCES GP.'A' (CCS),CN,CNY,55102000.0,3.890098988228
51136,2023-12-18,1148,CN2I6P,CNE1000010M4,BBMG 'A' (CCS),CN,CNY,50101030.0,0.283273250044
51132,2023-12-18,1148,CN7D2L,CNE0000017Z3,China Railway 'A' (CCS),CN,CNY,50206025.0,1.0629758590760001
51186,2023-12-18,1148,CN37PY,CNE100002W27,JOINN LABORATORIES CHINA 'A' (CCS),CN,CNY,20103010.0,3.731634249342
51055,2023-12-18,1148,CN33UZ,CNE1000032W7,DOUBLE MEDICAL TECHNOLOGY 'A' (CCS),CN,CNY,20102010.0,5.685097800388
51443,2023-12-18,1148,635425,BMG2442N1048,COSCO SHIPPING PORTS,CN,HKD,50206060.0,0.672190730925
51154,2023-12-18,1148,CN2KCX,CNE000000B83,Sh Tunnel Eng 'A' (CCS),CN,CNY,50101010.0,0.747448724126
51474,2023-12-18,1148,CN887M,BMG653181005,NINE DRAGONS PAPER HDG.,CN,HKD,55101015.0,0.500622049127
51221,2023-12-18,1148,CN2G0H,CNE000001PP0,XINJIANG ZHONGTAI CHEMICAL 'A' (CCS),CN,CNY,55201000.0,0.905913463012
51109,2023-12-18,1148,CN33QV,CNE100002QJ8,CHOW TAI SENG JEWELLERY 'A' (CCS),CN,CNY,40204030.0,2.139975146372
51214,2023-12-18,1148,CN309B,CNE100001X35,NANJING ESTUN ATMTN.'A' (CCS),CN,CNY,50204000.0,2.6882911897740005
51174,2023-12-18,1148,CN96AO,CNE100000B65,HONGBO 'A' (CCS),CN,CNY,50205030.0,4.685227368302
51122,2023-12-18,1148,CN2QI9,CNE000000HN4,XINGRONG ENVIRONMENT 'A' (CCS),CN,CNY,65102030.0,0.779702609032
51173,2023-12-18,1148,CN2QXO,CNE000000FS7,Zhongjin 'A' (CCS),CN,CNY,55102050.0,0.621237870146
51162,2023-12-18,1148,CN33V0,CNE100003670,FORYOU 'A' (CCS),CN,CNY,50202010.0,4.861922563874001
51127,2023-12-18,1148,CN2R0S,CNE100001104,ZHEJIANG SEMIR GRMT.A (CCS),CN,CNY,40204020.0,0.861038492708
51133,2023-12-18,1148,CN3226,CNE000000D24,INNER MONGOLIA XINGYE SILVER TIN MINING.'A' (CCS),CN,CNY,55102000.0,1.2621085398
51187,2023-12-18,1148,CN38BL,CNE100000Z75,ANHUI HONGLU STL.CON. GP 'A' (CCS),CN,CNY,55102010.0,3.315138431208
51130,2023-12-18,1148,CN2KN8,CNE000000DD4,MAANSHAN IRON & STL. 'A' (CCS),CN,CNY,55102010.0,0.37863256194000006
51124,2023-12-18,1148,CN95FS,CNE100005Z88,SHENZHEN CECPORT TECHNOLOGIES 'A' (CCS),CN,CNY,10102010.0,3.006623010368
51215,2023-12-18,1148,CN7DVE,CNE000000CB0,SHANGHAI BAILIAN GROUP 'A' (CCS),CN,CNY,45201010.0,1.4177685930419999
51202,2023-12-18,1148,CN34RX,CNE100002W68,CHINA PUBLISHING & MEDIA HDG A (CCS),CN,CNY,40301030.0,1.193393741522
51238,2023-12-18,1148,CN2IQ9,CNE000001BJ3,WOLONG ELECTRIC DRIVE GRP 'A' (CCS),CN,CNY,50202010.0,1.730491042348
51486,2023-12-18,1148,CN8FVH,KYG8875G1029,3SBIO,CN,HKD,20103010.0,0.929543753622
51226,2023-12-18,1148,CN2F1H,CNE000000B00,WUXI TAIJI IND. 'A' (CCS),CN,CNY,50101015.0,1.07279225883
51218,2023-12-18,1148,CN2J9T,CNE0000008P3,SHANGHAI WANYE ENTS. 'A' (CCS),CN,CNY,35101010.0,2.421846053594
51183,2023-12-18,1148,CN4BM0,CNE000001DW2,SHUANGLIANG ECO-ENERGY SYS. A (CCS),CN,CNY,50204000.0,1.204612484098
51114,2023-12-18,1148,CN2PUK,CNE100000P85,DFD NEW MATERIALS 'A' (CCS),CN,CNY,55201020.0,2.102111890178
51240,2023-12-18,1148,CN35MT,CNE100000VV7,DAJIN HEAVY INDUSTRY 'A' (CCS),CN,CNY,60102020.0,3.522685168864
51180,2023-12-18,1148,CN35T0,CNE100003LK5,SICHUAN TEWAY FOOD GROUP 'A' (CCS),CN,CNY,45102020.0,2.09650251889
51231,2023-12-18,1148,CN2Z77,CNE100000P93,ZIBO QIXIANG TENGDA CHM. 'A' (CCS),CN,CNY,55201000.0,0.7853119803199999
50866,2023-12-18,1148,CN2IZI,CNE000001GR5,Huafa Ind 'A' (CCS),CN,CNY,35101010.0,1.0503547736780001
51233,2023-12-18,1148,CN33DI,CNE100000WW3,GCL SY.INTG.TECH.'A' (CCS),CN,CNY,60102020.0,0.380034904762
51207,2023-12-18,1148,CN2WKH,CNE000000ZV9,CHINA RAILWAY MTRL. CMPNY 'A' (CCS),CN,CNY,50206020.0,0.367413819364
51135,2023-12-18,1148,CN789N,CNE0000007X9,ZHEJIANG DLY. DGT. CULT. GR. A (CCS),CN,CNY,40203040.0,1.7529285275
51235,2023-12-18,1148,CN2WXU,CNE100004JY8,INNER MONGOLIA DAZHONG MI. 'A' (CCS),CN,CNY,55102010.0,1.4710576202780001
51223,2023-12-18,1148,CN2LI4,CNE000000CM7,CETC DIGITAL TECHNOLOGY 'A' (CCS),CN,CNY,10101010.0,3.236607233176
51236,2023-12-18,1148,CN2ULG,CNE100000P02,SHENZHEN HEPALINK PHARM. 'A' (CCS),CN,CNY,20103015.0,1.7767683554740001
51189,2023-12-18,1148,CN2PC2,CNE100001F37,GUANGDONG HONGDA HLDGS 'A' (CCS),CN,CNY,55102000.0,2.949126954666
51213,2023-12-18,1148,CN385F,CNE100000PX5,COFCO CAPITAL HOLDINGS 'A' (CCS),CN,CNY,30301010.0,0.95359311896
51241,2023-12-18,1148,CN4C9O,CNE1000056L9,BANK OF LANZHOU 'A' (CCS),CN,CNY,30101010.0,0.38424193322800004
51219,2023-12-18,1148,CN32X1,CNE0000004F3,SHAANXI TRUST 'A' (CCS),CN,CNY,30202000.0,0.42771456070999997
51239,2023-12-18,1148,CN2F7N,CNE000001329,SHAANXI CONSTR. ENGIN. GP. 'A' (CCS),CN,CNY,50101010.0,0.577765242664
51229,2023-12-18,1148,CN2T0U,CNE000000QG9,XINXING PIPES 'A' (CCS),CN,CNY,55102010.0,0.5455113577580001
51212,2023-12-18,1148,CN31LO,CNE0000011Z6,INFORE ENVM.TECH.GP.'A' (CCS),CN,CNY,50204000.0,0.6843432971360001
51410,2023-12-18,1148,CN89UA,BMG4600H1198,HOPSON DEVELOPMENT HOLDINGS,CN,HKD,35101010.0,0.572322393759
51182,2023-12-18,1148,CN2HJ1,CNE100000HW4,ZHONGSHENG PHARM 'A' (CCS),CN,CNY,20103015.0,2.535435822176
51126,2023-12-18,1148,CN2U94,CNE1000000F9,LEO GROUP 'A' (CCS),CN,CNY,40301020.0,0.319734163416
51209,2023-12-18,1148,CN2OYN,CNE100002RX7,RED STAR MACALLINE GROUP 'A' (CCS),CN,CNY,35101010.0,0.59599569935
51190,2023-12-18,1148,CN2L8U,CNE100001SM0,CHINA WAFER LEVEL CSP 'A' (CCS),CN,CNY,10102020.0,3.2744704893700005
51172,2023-12-18,1148,CN2ZCC,CNE100001WJ8,YIXINTANG PHARMA. GROUP 'A' (CCS),CN,CNY,45201015.0,3.581583567388
51069,2023-12-18,1148,CN2YUT,CNE100002SZ0,CHINA DEPPON LOGISTICS 'A' (CCS),CN,CNY,50206040.0,2.06144394834
51012,2023-12-18,1148,CN34FL,CNE0000005V7,HAINAN HAIDE CAPITAL MGMT.'A' (CCS),CN,CNY,30202010.0,1.565014589352
51237,2023-12-18,1148,CN2NH5,CNE1000019T0,YANTAI VALIANT FINE CHEMS.'A' (CCS),CN,CNY,55201020.0,2.2647836575299998
51211,2023-12-18,1148,CN34TZ,CNE000000QN5,FUJIAN XIAMEN XIANGYU 'A' (CCS),CN,CNY,50206040.0,0.928350948164
51208,2023-12-18,1148,CN2HEW,CNE100000J34,PRET COMPOSITES 'A' (CCS),CN,CNY,50203015.0,1.888955781234
51210,2023-12-18,1148,CN2KWH,CNE000000MN4,Xiamen ITG 'A' (CCS),CN,CNY,50205010.0,0.9465814048500001
51198,2023-12-18,1148,CN2G8P,CNE100000ZS4,CETC POTEVIO SCI&TECH 'A' (CCS),CN,CNY,15101010.0,3.068326094536
51019,2023-12-18,1148,CN2FO4,CNE1000022J5,ANHUI GXIN.AGROCHEMICAL 'A' (CCS),CN,CNY,55201015.0,2.2998422280799997
51232,2023-12-18,1148,CN2M5S,CNE000001Q44,GUANGSHEN RAILWAY 'A' (CCS),CN,CNY,50206020.0,0.370218505008
51191,2023-12-18,1148,CN2XFD,CNE100000XC3,SHENZHEN KSTAR SCTC.'A' (CCS),CN,CNY,50202010.0,3.56195076788
51234,2023-12-18,1148,CN2U1W,CNE100001203,SUOFEIYA HOME CLLN.'A' (CCS),CN,CNY,40202015.0,2.291428171148
51197,2023-12-18,1148,CN2GJ0,CNE0000009N6,CHINA NAT.ACCORD MDC.'A' (CCS),CN,CNY,45201015.0,4.303790120718
51205,2023-12-18,1148,CN2SA3,CNE000000F48,Biocause 'A' (CCS),CN,CNY,30301010.0,0.422105189422
51206,2023-12-18,1148,CN2G5M,CNE000000YG3,YONFER AGRICULTURAL TECH. (CCS),CN,CNY,55201015.0,1.593061445792
51178,2023-12-18,1148,CN2F0G,CNE000000ZF2,GREE REAL ESTATE 'A' (CCS),CN,CNY,35101010.0,1.1022414580920001
51185,2023-12-18,1148,CN34KQ,CNE100003JQ6,QINGDAO RURAL COMMER. BANK 'A' (CCS),CN,CNY,30101010.0,0.37162084783
51184,2023-12-18,1148,CN30UW,CNE1000033H6,XIAMEN INTRETECH 'A' (CCS),CN,CNY,40203010.0,2.637806848182
51181,2023-12-18,1148,CN380A,CNE100002XD7,JIG.PRVL.AGRI.RECLM.& DEV.'A' (CCS),CN,CNY,45102010.0,1.49349510543
51203,2023-12-18,1148,CN2XA8,CNE100000WF8,SICHUAN YAHUA INDUSTRIAL A (CCS),CN,CNY,55201020.0,1.78097538394
51224,2023-12-18,1148,CN2G7O,CNE100001NY6,HARBIN BOSHI ATMTN.'A' (CCS),CN,CNY,50204000.0,2.002545549816
51188,2023-12-18,1148,CN3428,CNE1000036Q0,BANK OF ZHENGZHOU 'A' (CCS),CN,CNY,30101010.0,0.288882621332
51199,2023-12-18,1148,CN2SWP,CNE000001KP1,Da An Gene 'A' (CCS),CN,CNY,20103010.0,1.452827163592
51177,2023-12-18,1148,CN2J7R,CNE000000SN1,Three Gorges 'A' (CCS),CN,CNY,65101010.0,1.064378201898
51489,2023-12-18,1148,CN0Q2R,CNE1000002N9,China National 'H',CN,HKD,50101030.0,0.445566427356
51179,2023-12-18,1148,CN2NXL,CNE0000000L9,CHINA RESOURCES JINHUA 'A' (CCS),CN,CNY,40203010.0,1.7641472700760001
51067,2023-12-18,1148,CN2NWK,CNE000000TX8,BENGANG STEEL PLATES 'A' (CCS),CN,CNY,55102010.0,0.54691370058
50987,2023-12-18,1148,CN2TUO,CNE000001LQ7,Denghai Seeds 'A' (CCS),CN,CNY,45102010.0,2.297037542436
51458,2023-12-18,1148,663094,HK0257001336,CHINA EVERBRIGHT ENVIR. GP.,CN,HKD,65103035.0,0.329053367329
51449,2023-12-18,1148,HK0157,BMG0957L1090,BEIJING ENTS.WATER GROUP,CN,HKD,65102030.0,0.20101703762900003
51407,2023-12-18,1148,HK50JP,BMG210A71016,Grand Pharmaceutical Group,CN,HKD,20103015.0,0.5684813038680001
50972,2023-12-18,1148,CN2P5V,CNE100000X36,C&S PAPER 'A' (CCS),CN,CNY,45201020.0,1.506116190828
50794,2023-12-18,1148,CN86U7,US46591M1099,JOYY ADR,CN,USD,10101020.0,38.41
51021,2023-12-18,1148,CN36MU,CNE100002W84,ZHEJIANG CFMOTO POWER'A' (CCS),CN,CNY,40203055.0,13.285795895628
51193,2023-12-18,1148,CN2ZHH,CNE000000DM5,ADDSINO 'A' (CCS),CN,CNY,50201020.0,1.249487454402
51009,2023-12-18,1148,CN2RVN,CNE1000006B5,HUNAN GOLD CORPORATION 'A' (CCS),CN,CNY,55103025.0,1.656166872782
51046,2023-12-18,1148,CN2ND1,CNE1000023H7,BEIJING DAHAO TECH.'A' (CCS),CN,CNY,50202040.0,1.7893894408720001
51014,2023-12-18,1148,CN2H9R,CNE100000V79,NANTONG JNH.CAPACIT.'A' (CCS),CN,CNY,10102015.0,2.3559359409600003
51105,2023-12-18,1148,CN31X0,CNE000000H95,CHINA MERC. PRO. O.&S. 'A' (CCS),CN,CNY,35101015.0,1.8637136104379999
51194,2023-12-18,1148,CN2L0M,CNE000001675,Grandblue Enviroment 'A' (CCS),CN,CNY,65103035.0,2.4064202825520002
51192,2023-12-18,1148,CN2S5Y,CNE000000VK1,Sz Airport 'A' (CCS),CN,CNY,50206060.0,0.954995461782
50774,2023-12-18,1148,CN1OXL,US54975P2011,LUFAX HLDG 1:2 ADS,CN,USD,30201020.0,0.8489
51023,2023-12-18,1148,CN2FCS,CNE000000KN8,CHENGTUN MINING GP.'A' (CCS),CN,CNY,55102050.0,0.618433184502
51017,2023-12-18,1148,CN37QZ,CNE100002Z65,YANTAI EDDIE PRECN.MCH. 'A' (CCS),CN,CNY,50204000.0,2.309658627834
51011,2023-12-18,1148,CN356D,CNE100004C60,BANK OF CHONGQING 'A' (CCS),CN,CNY,30101010.0,1.020905574416
51018,2023-12-18,1148,CN35Z6,CNE100003N01,QUECTEL WIRELESS SOLUTIONS 'A' (CCS),CN,CNY,15101010.0,7.301999074154001
51033,2023-12-18,1148,CN2V62,CNE100000T99,STO EXPRESS 'A' (CCS),CN,CNY,50206040.0,1.2579015113340002
51200,2023-12-18,1148,CN2XWU,CNE0000009B1,BOHAI LEASING 'A' (CCS),CN,CNY,50206050.0,0.31132010648400005
51053,2023-12-18,1148,CN2MVI,CNE0000019G9,SHN.EXPRESSWAY 'A' (CCS),CN,CNY,50206060.0,1.342042080654
51071,2023-12-18,1148,CN2ZPP,CNE100002FW4,OPPLE LIGHTING 'A' (CCS),CN,CNY,50101035.0,2.569092049904
51006,2023-12-18,1148,CN2VEA,CNE100001R82,GUANGDONG XINBAO ELECT. APP.A (CCS),CN,CNY,40202020.0,2.302646913724
51034,2023-12-18,1148,CN2OH6,CNE100001X19,MLS 'A' (CCS),CN,CNY,10102010.0,1.2803389964860001
51016,2023-12-18,1148,CN2F9P,CNE000000Y94,LUENMEI QUANTUM HDG.'A' (CCS),CN,CNY,65102000.0,0.830186950624
50781,2023-12-18,1148,CN429E,US04965M1062,ATOUR LIFESTYLE HOLDINGS LTD ADR,CN,USD,40501025.0,17.81
51066,2023-12-18,1148,CN2SPI,CNE0000002G5,Weifu Hi-Tech Gp 'A' (CCS),CN,CNY,40101025.0,2.2858187998600004
51196,2023-12-18,1148,CN2EP4,CNE0000017V2,Panjiang Coal 'A' (CCS),CN,CNY,60101040.0,0.8820736350380001
51013,2023-12-18,1148,CN2GO5,CNE000001JS7,TRANSFAR ZHILIAN 'A' (CCS),CN,CNY,50206060.0,0.674526897382
51035,2023-12-18,1148,CN3248,CNE100000C56,Tayho Advanced Materials Group 'A' (CCS),CN,CNY,55201010.0,2.189057145142
50793,2023-12-18,1148,CN247C,CNE000000SK7,INNER MONGOLIA YITAI COAL 'B',CN,USD,60101040.0,1.422
51020,2023-12-18,1148,CN32Z3,CNE100002FF9,CENTRAL CHINA SECS.'A' (CCS),CN,CNY,30202015.0,0.54691370058
51061,2023-12-18,1148,CN36PX,CNE100004HT2,XIAMEN BANK 'A' (CCS),CN,CNY,30101010.0,0.713792496398
51028,2023-12-18,1148,CN369H,CNE100003J15,RIYUE HEAVY IND.'A' (CCS),CN,CNY,55102015.0,1.820240982956
51176,2023-12-18,1148,CN30HJ,CNE000001GT1,CHONGQING FULING ELEC. PWR A (CCS),CN,CNY,65101015.0,1.709455900018
51036,2023-12-18,1148,CN2UC7,CNE100000HQ6,SICHUAN DEVELOPMENT LOMON 'A' (CCS),CN,CNY,55201015.0,0.9914563751540001
51413,2023-12-18,1148,CN8BK2,KYG9891U1334,ZHONGYU ENERGY HOLDINGS LTD.,CN,HKD,65102020.0,0.663228187846
50989,2023-12-18,1148,CN2RH9,CNE100002524,Toly Bread 'A' (CCS),CN,CNY,45102020.0,1.1667492279040002
51026,2023-12-18,1148,CN35BI,CNE1000026H0,JINHUI LIQUOR 'A' (CCS),CN,CNY,45101015.0,3.67413819364
51015,2023-12-18,1148,CN2VPL,CNE000000LD7,Shanxi Coking 'A' (CCS),CN,CNY,60101040.0,0.726413581796
51404,2023-12-18,1148,CN24BG,CNE100001NN9,CHINA INTL.MAR.CTRS. (GP.) 'H',CN,HKD,50206060.0,0.6017707495900001
51029,2023-12-18,1148,CN2EXC,CNE1000015X0,JIANGSU LINYANG ENERGY 'A' (CCS),CN,CNY,50202025.0,0.900304091724
51054,2023-12-18,1148,CN2LF1,CNE1000022K3,KINGCLEAN ELEC.'A' (CCS),CN,CNY,40202025.0,3.216974433668
51039,2023-12-18,1148,CN37Z8,CNE100003M36,JINGJIN EQUIPMENT INC 'A' (CCS),CN,CNY,50204000.0,3.195939291338
51106,2023-12-18,1148,CN31VY,CNE1000008C9,Youngy 'A' (CCS),CN,CNY,55102050.0,7.0944523364980006
51032,2023-12-18,1148,CN2SD6,CNE000001261,Zhongk Sanhuan 'A' (CCS),CN,CNY,50202010.0,1.510323219294
51466,2023-12-18,1148,CN8B8Q,BMG0171W1055,ALIBABA PICTURES GROUP,CN,HKD,40301010.0,0.067859254741
50983,2023-12-18,1148,CN2P3T,CNE1000016Y6,ROSHOW TECHNOLOGY 'A' (CCS),CN,CNY,50202010.0,0.950788433316
50792,2023-12-18,1148,CN1O7V,US23703Q2030,DAQO NEW ENERGY ADR,CN,USD,55201020.0,23.66
51059,2023-12-18,1148,CN34V1,CNE100003S63,SICHUAN ANNING IRON & TI. 'A' (CCS),CN,CNY,55102000.0,4.556211828678
51085,2023-12-18,1148,CN2ZNN,CNE000000TM1,TELLING TELECM.HLDG.'A' (CCS),CN,CNY,40401030.0,1.772561327008
50975,2023-12-18,1148,CN34CI,CNE100002JV8,SHN.MEGMEET ELECT.'A' (CCS),CN,CNY,50202040.0,3.636274937446
50997,2023-12-18,1148,CN34PV,CNE100003LG3,BEJ.YUANLIU HX. ELTECH. 'A' (CCS),CN,CNY,10102015.0,7.82507294676
51022,2023-12-18,1148,CN3215,CNE100000K31,KEHUA DATA 'A' (CCS),CN,CNY,50202010.0,3.93357161571
51417,2023-12-18,1148,CN2DCQ,KYG7339A1076,RADIANCE HOLDINGS GROUP,CN,HKD,35101010.0,0.44812715395
51025,2023-12-18,1148,CN2I5O,CNE000001C99,Bright Dairy and Food 'A' (CCS),CN,CNY,45102020.0,1.3055811672820001
51038,2023-12-18,1148,CN3237,CNE000001PN5,JIANGSU GUOTAI INTL.GP. 'A' (CCS),CN,CNY,55101020.0,1.098034429626
51070,2023-12-18,1148,CN37IR,CNE1000031H0,XIANHE 'A' (CCS),CN,CNY,55101015.0,2.5256194224220003
51007,2023-12-18,1148,CN2XXV,CNE100000P51,SHENZHEN H & T INTEL. CNTL.'A' (CCS),CN,CNY,10102015.0,1.912795609208
51090,2023-12-18,1148,CN2TRL,CNE000000ZR7,COFCO BIOTECHNOLOGY 'A' (CCS),CN,CNY,45102020.0,0.95359311896
51008,2023-12-18,1148,CN2XZX,CNE1000007X7,BAOWU MAGNESIUM TECHNOLOGY 'A' (CCS),CN,CNY,55102050.0,2.745787245476
50985,2023-12-18,1148,CN329D,CNE1000009J2,Sanquan Foods 'A' (CCS),CN,CNY,45102020.0,2.0179713208580004
50988,2023-12-18,1148,CN32DH,CNE0000006M4,CHINA TUNGSTEN &HIGHTECH 'A' (CCS),CN,CNY,55102050.0,1.2691202539100002
51447,2023-12-18,1148,HK00WX,BMG8086V1467,SHENZHEN INTL.HDG.,CN,HKD,50206060.0,0.737489259072
50979,2023-12-18,1148,CN32SW,CNE1000005H4,SHENZHEN TOPBAND 'A' (CCS),CN,CNY,10102015.0,1.3869170509580002
51030,2023-12-18,1148,CN2RYQ,CNE000001CR4,JILIN ELECTRIC POWER 'A' (CCS),CN,CNY,65101015.0,0.629651927078
51027,2023-12-18,1148,CN2HCU,CNE0000011X1,CHN ENERGY CHANGYUAN EL. 'A' (CCS),CN,CNY,65101015.0,0.63806598401
51412,2023-12-18,1148,CN3103,KYG2198S1093,CIMC ENRIC HOLDINGS,CN,HKD,60101030.0,0.864245225475
50982,2023-12-18,1148,CN2PYO,CNE100000049,MONTNETS CLOUD TECH. GP. 'A' (CCS),CN,CNY,15102015.0,2.139975146372
51491,2023-12-18,1148,CN0Q6V,CNE1000004X4,ZHUZHOU CRRC TIMES ELEC 'H',CN,HKD,50206025.0,3.16249734359
51459,2023-12-18,1148,HK60X4,KYG984191075,YIHAI INTL HLDG,CN,HKD,45102020.0,1.6644722861
51444,2023-12-18,1148,CN8CCV,KYG2816P1072,DONGYUE GROUP,CN,HKD,55201000.0,0.764376888309
51403,2023-12-18,1148,CN8DL5,KYG2157Q1029,CHINA LESSO GROUP HDG.,CN,HKD,50101035.0,0.553116944304
50981,2023-12-18,1148,CN2IJ2,CNE000001R76,CHONGQING IRON & STEEL 'A' (CCS),CN,CNY,55102010.0,0.204742052012
50992,2023-12-18,1148,CN390B,CNE1000042H7,WUXI NCE POWER 'A' (CCS),CN,CNY,10102010.0,5.7468008845559995
51058,2023-12-18,1148,CN2VTP,CNE100003Y65,CHINA-SG SZH. INPK.DEVGP.'A' (CCS),CN,CNY,35101010.0,1.1401047142860001
51004,2023-12-18,1148,CN2PND,CNE000001L07,LIANCHUANG ELEC TECH 'A' (CCS),CN,CNY,50202010.0,1.5986708170800001
50976,2023-12-18,1148,CN2U50,CNE100000C07,Broad-Ocean 'A' (CCS),CN,CNY,50202010.0,0.713792496398
50998,2023-12-18,1148,CN36GO,CNE100003SS3,BEI MO GAO FRICTION MTRL 'A' (CCS),CN,CNY,50201010.0,5.112941929012
51092,2023-12-18,1148,CN2SF8,CNE000001568,Changyu-A 'A' (CCS),CN,CNY,45101015.0,3.6769428792839998
51204,2023-12-18,1148,CN2FUA,CNE000000S27,Tibet Mineral 'A' (CCS),CN,CNY,55102000.0,3.243618947286
51002,2023-12-18,1148,CN30IK,CNE000000NP7,XINYU IRON & STEEL 'A' (CCS),CN,CNY,55102010.0,0.530085586716
50980,2023-12-18,1148,CN2T60,CNE000000KT5,Financial St 'A' (CCS),CN,CNY,35101010.0,0.556730100334
50977,2023-12-18,1148,CN32UY,CNE1000009B9,TOPSEC TECHS. GP.'A' (CCS),CN,CNY,10101010.0,1.402342822
51040,2023-12-18,1148,CN37EN,CNE000001048,SICHUAN HEXIE SHUANGMA 'A' (CCS),CN,CNY,50101030.0,2.175033716922
51100,2023-12-18,1148,CN2P7X,CNE1000036B2,YANGTZE OPT. FIBRE&CABLE. 'A' (CCS),CN,CNY,15101010.0,4.079415269198
50978,2023-12-18,1148,CN2QWN,CNE000000FM0,DIGITAL CHINA INFORMATION SERVICE GROUP 'A' (CCS),CN,CNY,10101010.0,1.674397329468
51024,2023-12-18,1148,CN2WUR,CNE100001765,HENAN MINGTAI AL INDL. 'A' (CCS),CN,CNY,55102035.0,1.6772020151120002
50995,2023-12-18,1148,CN35U1,CNE100003LB4,JIANGSU GUOMAO REDUCER 'A' (CCS),CN,CNY,50204000.0,2.4555022813220004
51422,2023-12-18,1148,CN8EF0,HK0000083920,SUN ART RETAIL GROUP,CN,HKD,40401010.0,0.170288318501
51399,2023-12-18,1148,HK40IN,KYG6501M1050,NEXTEER AUTOMOTIVE GROUP,CN,HKD,40101025.0,0.6453031016880001
50974,2023-12-18,1148,CN391C,CNE000001618,CNSIG INNER MON. CHE. IND. 'A' (CCS),CN,CNY,55201000.0,1.099436772448
51086,2023-12-18,1148,CN2ZFF,CNE100001V11,BEIJING GEOENVIRON E&T. 'A' (CCS),CN,CNY,65103035.0,1.060171173432
51000,2023-12-18,1148,CN2ZBB,CNE0000003F5,GUOCHENG MINING 'A' (CCS),CN,CNY,55102050.0,1.4444131066600001
51400,2023-12-18,1148,PH227,KYG2113L1068,CHINA RESOURCES BUILDING MATERIALS TECHNOLOGY HDG,CN,HKD,50101030.0,0.23046539346000003
50999,2023-12-18,1148,CN2IM5,CNE000001F39,Tang Sanyou 'A' (CCS),CN,CNY,55201000.0,0.776897923388
51041,2023-12-18,1148,CN2UE9,CNE000001PF1,ZHEJ.WANFENG AUTO WHEEL 'A' (CCS),CN,CNY,40101025.0,0.746046381304
50990,2023-12-18,1148,CN2ONC,CNE1000015C4,ANHUI JINHE INDL.'A' (CCS),CN,CNY,55201000.0,2.845353585838
51075,2023-12-18,1148,CN35Y5,CNE100003N68,BEIDA JD.BIRD 'A' (CCS),CN,CNY,50202020.0,2.15960794588
50788,2023-12-18,1148,CN86LY,US47759T1007,JINKOSOLAR HOLDING ADR,CN,USD,60102020.0,31.4
51060,2023-12-18,1148,CN36KS,CNE0000018Q0,INMYSHOW DIGITAL TECH. 'A' (CCS),CN,CNY,40301020.0,0.87646426375
50994,2023-12-18,1148,CN2J5P,CNE000001G04,Fangda Steel 'A' (CCS),CN,CNY,55102010.0,0.678733925848
51084,2023-12-18,1148,CN4C6L,CNE1000043M5,WUXI PAIKE N. MTRLS TECH. 'A' (CCS),CN,CNY,55102015.0,13.027764816380001
51496,2023-12-18,1148,CN0OI5,CNE1000004J3,TRAVELSKY TECHNOLOGY 'H',CN,HKD,10101010.0,1.687518825446
51081,2023-12-18,1148,CN2EYD,CNE000000XB6,Sh Belling 'A' (CCS),CN,CNY,10102010.0,2.200275887718
51083,2023-12-18,1148,CN2SNG,CNE100000WV5,PENGDU AGRI. & ANIMAL HUSB.'A' (CCS),CN,CNY,45102010.0,0.24540999385
51406,2023-12-18,1148,HK90HR,KYG2163M1033,CHINA EDUCATION GROUP HOLDINGS,CN,HKD,40201010.0,0.608172566075
51042,2023-12-18,1148,CN2IUD,CNE100001757,BEIJING JINGYUNTONG TECH.'A' (CCS),CN,CNY,10102020.0,0.639468326832
51003,2023-12-18,1148,CN37MV,CNE100003K38,BANK OF QINGDAO 'A' (CCS),CN,CNY,30101010.0,0.436128617642
50993,2023-12-18,1148,CN2TXR,CNE0000002R2,Csg Holding 'A' (CCS),CN,CNY,50203020.0,0.782507294676
51077,2023-12-18,1148,CN2TTN,CNE100000J59,ZHEJIANG YONGTAI TECH. 'A' (CCS),CN,CNY,55201020.0,1.6786043579340002
51418,2023-12-18,1148,KY11J3,KYG1193D1097,Blue Moon Group Holdings Ltd,CN,HKD,45201030.0,0.261194112588
51074,2023-12-18,1148,CN2YZY,CNE1000018X4,XIAMEN KINGDOMWAY GP.'A' (CCS),CN,CNY,45102020.0,2.498974908804
51461,2023-12-18,1148,CN8CK3,KYG982771092,XTEP INTERNATIONAL HDG.,CN,HKD,40204025.0,0.577443846947
51471,2023-12-18,1148,PH047,HK0817039453,CHINA JINMAO HOLDINGS GROUP,CN,HKD,35101010.0,0.11395233343300001
50996,2023-12-18,1148,CN2YFE,CNE0000016D2,TIBET SUMMIT RESOURCES 'A' (CCS),CN,CNY,55102050.0,1.656166872782
51076,2023-12-18,1148,CN33CH,CNE000001QF9,SANSTEEL MINGUANG 'A' (CCS),CN,CNY,55102010.0,0.612823813214
51072,2023-12-18,1148,CN2IVE,CNE000001907,Xinan Chemical 'A' (CCS),CN,CNY,55201015.0,1.31119053857
51005,2023-12-18,1148,CN2HI0,CNE000001PZ9,XINJIANG TECON ANM BIO-TECH A (CCS),CN,CNY,45102010.0,1.096632086804
51089,2023-12-18,1148,CN376F,CNE1000031J6,WENCAN GROUP 'A' (CCS),CN,CNY,40101025.0,5.617785344932001
51465,2023-12-18,1148,KY119T,KYG5141L1059,Jiumaojiu International Holdin,CN,HKD,40501040.0,1.010206641333
51088,2023-12-18,1148,CN2USN,CNE000001P86,Gold Mantis 'A' (CCS),CN,CNY,50101035.0,0.549718386224
51063,2023-12-18,1148,CN2HGY,CNE100000BT3,JIANGSU AZURE 'A' (CCS),CN,CNY,50203000.0,1.264913225444
51095,2023-12-18,1148,CN2TVP,CNE100000BQ9,Joyoung 'A' (CCS),CN,CNY,40202020.0,1.894565152522
51079,2023-12-18,1148,CN2F4K,CNE100001M04,CTS INTL.LOGISTICS 'A' (CCS),CN,CNY,50206040.0,1.105046143736
51097,2023-12-18,1148,CN2L1N,CNE000000TB4,NUODE NEW MATERIALS 'A' (CCS),CN,CNY,50202010.0,0.8273822649800001
51098,2023-12-18,1148,CN2HBT,CNE0000009C9,HUBEI YIHUA CHM.IND.'A' (CCS),CN,CNY,55201000.0,1.3616748801620002
51068,2023-12-18,1148,CN3CBP,CNE100005HS1,HOLLY FUTURES 'A' (CCS),CN,CNY,30202015.0,1.887553438412
51078,2023-12-18,1148,CN3204,CNE0000013G2,CHENGZHI 'A' (CCS),CN,CNY,55201000.0,1.169553913548
51101,2023-12-18,1148,CN31Z2,CNE1000006X9,ANHUI TRUCHUM ADMA. & TECH.'A' (CCS),CN,CNY,55102040.0,1.0629758590760001
51103,2023-12-18,1148,CN30QS,CNE100000C98,LIER CHEMICAL 'A' (CCS),CN,CNY,55201015.0,1.769756641364
51087,2023-12-18,1148,CN31MP,CNE1000013N6,JIANGSU SHUANGXING A (CCS),CN,CNY,50203015.0,1.217233569496
51062,2023-12-18,1148,CN367F,CNE100003PQ3,BAFANG ELECTRIC (SUZHOU) 'A' (CCS),CN,CNY,40101025.0,8.287846078020001
51099,2023-12-18,1148,CN2E7M,CNE000000438,SHANGHAI WAIGAOQIAO 'A' (CCS),CN,CNY,35101010.0,1.482276362854
51096,2023-12-18,1148,CN2F3J,CNE000001C57,Jinjing 'A' (CCS),CN,CNY,50203020.0,0.969018890002
51057,2023-12-18,1148,CN392D,CNE100001ZW4,SHINGHWA ADVANCED MATERIAL GROUP A (CCS),CN,CNY,55201000.0,6.825202514674
51398,2023-12-18,1148,CN92IS,VGG9833A1049,XINYI ENERGY HOLDINGS,CN,HKD,65101010.0,0.167727591907
51093,2023-12-18,1148,CN2FT9,CNE1000016H1,ZHEJIANG AKCOME NEW ENERGY TECHNOLOGY 'A' (CCS),CN,CNY,60102020.0,0.304308392374
51494,2023-12-18,1148,CN8FF1,KYG2116J1085,CHINA CONCH VET.HOLDINGS,CN,HKD,65103035.0,0.749012528745
51091,2023-12-18,1148,CN2IK3,CNE1000013D7,CAMEL GROUP 'A' (CCS),CN,CNY,40101025.0,1.145714085574
51409,2023-12-18,1148,HK60RY,KYG410121084,GREENTOWN SER GRP,CN,HKD,35101015.0,0.41483770822800003
51414,2023-12-18,1148,KY11DX,KYG0405D1051,ANGELALIGN TECHNOLOGY,CN,HKD,20102015.0,7.893439726005
51065,2023-12-18,1148,CN35HO,CNE100004FX8,GUANGDONG SHUNKONG DEV. 'A' (CCS),CN,CNY,65102030.0,2.16661965999
51082,2023-12-18,1148,CN2QRI,CNE000000073,JINKE PROPERTY GROUP 'A' (CCS),CN,CNY,35101010.0,0.249617022316
51243,2023-12-18,1148,CN38R1,CNE100000YT5,XIZI CLEAN ENERGY EQUIPMENT'A' (CCS),CN,CNY,50202010.0,1.799205840626
51056,2023-12-18,1148,CN346C,CNE1000036C0,MILKYWAY CHEM. SUPPLY CHAIN'A' (CCS),CN,CNY,50206060.0,8.074689969076
51469,2023-12-18,1148,CN92FP,KYG5140J1013,JINXIN FERTILITY GROUP,CN,HKD,20101010.0,0.480136236375
51402,2023-12-18,1148,CN8EXI,KYG7956A1094,SEAZEN GROUP,CN,HKD,35101010.0,0.184372314768
51421,2023-12-18,1148,680206,HK0604011236,SHENZHEN INVESTMENT,CN,HKD,35101010.0,0.144681052561
51050,2023-12-18,1148,CN2KJ4,CNE000001782,Capital Dev 'A' (CCS),CN,CNY,35101010.0,0.493624673344
51051,2023-12-18,1148,CN2P8Y,CNE000001P11,JIANGSU SHAGANG 'A' (CCS),CN,CNY,55102010.0,0.556730100334
51102,2023-12-18,1148,CN2V40,CNE100000080,NANJI E-COMMERCE A (CCS),CN,CNY,10101020.0,0.49783170180999997
51047,2023-12-18,1148,CN2U61,CNE1000008B1,SHENZHEN JINJIA GP.'A' (CCS),CN,CNY,50203030.0,0.8273822649800001
51052,2023-12-18,1148,CN366E,CNE100003Q57,GRG METROLOGY & TEST GROUP 'A' (CCS),CN,CNY,40201070.0,2.069858005272
51045,2023-12-18,1148,CN2H1J,CNE1000005Y9,RiseSun Real Est 'A' (CCS),CN,CNY,35101010.0,0.26644513618
51049,2023-12-18,1148,CN34U0,CNE0000004Q0,GANSU SHANGFENG CMT.'A' (CCS),CN,CNY,50101030.0,1.17095625637
51464,2023-12-18,1148,CN93KV,CNE100000353,HISENSE HOME APPLIANCES GROUP 'H',CN,HKD,40202020.0,2.463418983428
51457,2023-12-18,1148,CN1AU4,CNE1000003J5,JIANGSU EXPRESSWAY H,CN,HKD,50206060.0,0.9000953977910001
51411,2023-12-18,1148,CN57U5,CNE100001ZT0,LEGEND HOLDINGS 'H',CN,HKD,10102030.0,0.8616844988810001
51064,2023-12-18,1148,CN36Y6,CNE100005568,JIANGSU BOQIAN NEW MATLS. 'A' (CCS),CN,CNY,55201000.0,4.083622297664
51416,2023-12-18,1148,CN534B,BMG202981087,CGN NEW ENERGY HOLDINGS,CN,HKD,65101015.0,0.241988663133
51451,2023-12-18,1148,CN1IDV,CNE100000X44,CHONGQING RUR.COML.BK. 'H',CN,HKD,30101010.0,0.37002499283300005
51405,2023-12-18,1148,608071,CNE1000002Z3,DATANG INTL.PWR.GNRTN. 'H',CN,HKD,65101015.0,0.151082869046
50790,2023-12-18,1148,CN1SF7,US23344D1081,DADA NEXUS 1 ADS,CN,USD,10101020.0,3.08
51462,2023-12-18,1148,HK00LM,CNE1000004F1,SINOTRANS 'H',CN,HKD,50206060.0,0.36490353964500005
50775,2023-12-18,1148,CN24GL,CNE000000J85,INNER MONGOLIA EERDUOSI 'B',CN,USD,40204020.0,0.882
50789,2023-12-18,1148,CN24OT,CNE0000004K3,LAO FENG XIANG 'B',CN,USD,40204030.0,3.406
51408,2023-12-18,1148,CN12Y0,CNE100000TW9,CHINA SUNTIEN GRN.EN.'H',CN,HKD,65102020.0,0.33289445722000005
51420,2023-12-18,1148,CN427C,CNE100005KF2,AIM VACCINE H 'H',CN,HKD,20103015.0,1.125439338063
51401,2023-12-18,1148,HK009A,CNE1000004C8,SINOPEC SHAI.PETROCHEM. 'H',CN,HKD,60101020.0,0.14340068926400001
50773,2023-12-18,1148,CN24IN,CNE000000SJ9,SHAI.ZHENHUA HEAVY IND. 'B',CN,USD,50204020.0,0.199
50776,2023-12-18,1148,CN24EJ,CNE000000HH6,SHAI.LJZ.FN&T.ZONE DEV. 'B',CN,USD,35101010.0,0.341
51419,2023-12-18,1148,B018L7,CNE100000536,COSCO SHIPPING DEVELOPMENT 'H',CN,HKD,50206030.0,0.10114870046300001
51423,2023-12-18,1148,CN24CH,CNE0000002M3,CSG HOLDING 'B',CN,HKD,50203020.0,0.334174820517
51415,2023-12-18,1148,CN249E,CNE000000T59,YANTAI CHANGYU PION.WINE 'B',CN,HKD,45101015.0,1.133121517845
51394,2023-12-18,1148,CN24MR,CNE000000HW5,GUANGDONG ELEC.PWR.DEV. 'B',CN,HKD,65101015.0,0.28424065193400005
51395,2023-12-18,1148,CN0P0O,CNE100000F20,BBMG 'H',CN,HKD,50101030.0,0.096027247275
51397,2023-12-18,1148,CN299J,CNE100004BP3,JOINN LAB. 'H',CN,HKD,20103010.0,1.7464155371080001
51396,2023-12-18,1148,CN24RW,CNE000000J36,WEIFU HIGH TECH.GP.'B',CN,HKD,40101025.0,1.142084060924
51426,2023-12-18,1148,CN6319,CNE0000007C3,CHINA MERCHANTS PORT GR.'B',CN,HKD,50206060.0,0.9589921094530001
50777,2023-12-18,1148,CN257D,CNE0000004L1,SHANGHAI HUAYI GROUP 'B',CN,USD,40101015.0,0.394
50778,2023-12-18,1148,CN24TY,CNE000000FG2,SHANGHAI BAILIAN GROUP 'B',CN,USD,45201010.0,0.53
50780,2023-12-18,1148,CN267E,CNE000000GW7,SHANGHAI LINGANG HOLDINGS 'B',CN,USD,35101010.0,0.612
51424,2023-12-18,1148,CN258E,CNE000000RN3,BENGANG STL.PLATES 'B',CN,HKD,55102010.0,0.184372314768
50779,2023-12-18,1148,CN25EK,CNE000000K58,HUADIAN ENERGY 'B',CN,USD,65101015.0,0.131
51425,2023-12-18,1148,CN26KR,CNE000000Q52,ADAMA 'B',CN,HKD,55201015.0,0.297044284904
51662,2023-12-18,1148,IN0AET,INE813H01021,Torrent Pow,IN,INR,65101015.0,11.556613543875
51628,2023-12-18,1148,IN043C,INE188A01015,FERT.& CHEMS.TRAVANCORE,IN,INR,55201015.0,8.508425566855
51758,2023-12-18,1148,IN12CK,INE513A01022,Schaeffler India Ltd,IN,INR,40101025.0,34.018113579890006
51726,2023-12-18,1148,IN2119,INE699H01024,ADANI WILMAR,IN,INR,45102020.0,4.08423613286
51652,2023-12-18,1148,IN06ZA,INE356A01018,Mphasis,IN,INR,10101010.0,28.14957228975
51715,2023-12-18,1148,IN82AP,INE674K01013,ADITYA BIRLA FIN. SERVICES,IN,INR,30301010.0,2.01693634042
51735,2023-12-18,1148,IN0AO3,INE686F01025,United Brew,IN,INR,45101010.0,19.761659268800003
51704,2023-12-18,1148,IN0AT8,INE628A01036,UPL Ltd,IN,INR,55201015.0,6.840436001145001
51629,2023-12-18,1148,IN02KR,INE084A01016,Bank of India,IN,INR,30101010.0,1.245416220666
51653,2023-12-18,1148,IN087K,INE211B01039,Phoenix Mills,IN,INR,35101010.0,28.406785633995
51651,2023-12-18,1148,IN81HV,INE00R701025,DALMIA BHARAT,IN,INR,50101030.0,26.96962855671
51648,2023-12-18,1148,IN11SZ,INE761H01022,PAGE INDUSTRIES,IN,INR,40204020.0,446.316115282
51644,2023-12-18,1148,IN066H,INE220G01021,JINDAL STAINLESS,IN,INR,55102010.0,6.019032081295
51698,2023-12-18,1148,IN20GN,INE04I401011,KPIT TECHNOLOGIES,IN,INR,10101010.0,17.968360637945
51725,2023-12-18,1148,IN311A,INE249Z01012,MAZAGON DOCK SHIPBUILDERS,IN,INR,50206030.0,24.136684380585
51741,2023-12-18,1148,IN70IU,INE405E01023,UNO MINDA,IN,INR,40101025.0,8.084533179020001
51631,2023-12-18,1148,IN02W3,INE483A01010,Central Bank IN,IN,INR,30101010.0,0.5278569423620001
51755,2023-12-18,1148,IN00FK,INE114A01011,Steel Authority of India Ltd,IN,INR,55102010.0,1.105837510782
51673,2023-12-18,1148,IN20LS,INE417T01026,PB FINTECH,IN,INR,30302015.0,9.973762194675
51635,2023-12-18,1148,IN10EK,INE797F01020,JUBILANT FOODWORKS,IN,INR,40501040.0,6.7223217148600005
51727,2023-12-18,1148,IN20X4,INE317I01021,METRO BRANDS,IN,INR,40401020.0,16.24341240626
51734,2023-12-18,1148,IN2018,INE498L01015,L&T FINANCE HOLDINGS,IN,INR,30201020.0,1.7753116837050003
51636,2023-12-18,1148,IN827M,INE545U01014,BANDHAN BANK,IN,INR,30101010.0,2.7118320653150003
51663,2023-12-18,1148,IN04OX,INE776C01039,GMR AIRPORTS INFRASTRUCTURE,IN,INR,50206060.0,0.717319452342
51737,2023-12-18,1148,IN01CI,INE012A01025,ACC,IN,INR,50101030.0,22.58680910116
51646,2023-12-18,1148,IN06Y9,INE180A01020,MAX FINANCIAL SVS.,IN,INR,30301010.0,12.267697521205
51680,2023-12-18,1148,IN12X5,INE591G01017,COFORGE,IN,INR,10101010.0,69.15381614270001
51719,2023-12-18,1148,IN0ADS,INE470A01017,3M India,IN,INR,50203000.0,374.008587739
51724,2023-12-18,1148,IN07ZB,INE881D01027,Oracle Fin,IN,INR,10101015.0,48.2889574487
51760,2023-12-18,1148,IN11U1,INE042A01014,Escorts Kubota Ltd,IN,INR,50204010.0,37.726422517315
51710,2023-12-18,1148,IN044D,INE171A01029,The Federal Bank,IN,INR,30101010.0,1.7663182101300001
51714,2023-12-18,1148,IN30RZ,INE415G01027,RAIL VIKAS NIGAM,IN,INR,50101010.0,1.970769842735
51739,2023-12-18,1148,IN039H,INE169A01031,Coromandel Intl,IN,INR,55201015.0,13.934487957105
51747,2023-12-18,1148,IN01IO,INE212H01026,AIA Engg,IN,INR,50204000.0,43.225631825975
51733,2023-12-18,1148,IN073F,INE774D01024,M&M Fin Services,IN,INR,30201020.0,3.293410023165
51732,2023-12-18,1148,IN20Y5,INE575P01011,STAR HEALTH ALLIED INSURANCE,IN,INR,30301010.0,6.925574217655
51716,2023-12-18,1148,IN30Y6,INE303R01014,KALYAN JEWELLERS INDIA,IN,INR,40204030.0,3.9031675315500003
51720,2023-12-18,1148,IN217F,INE825V01034,VEDANT FASHIONS,IN,INR,40204020.0,16.4160870989
51745,2023-12-18,1148,IN07U6,INE274J01014,OIL INDIA Ltd,IN,INR,60101010.0,3.6621424397399998
51643,2023-12-18,1148,IN812G,INE935N01020,DIXON TECHNOLOGIES (INDIA),IN,INR,40203010.0,66.1559916177
51639,2023-12-18,1148,IN19CR,INE073K01018,SONA BLW PRECISION FORGINGS,IN,INR,40101025.0,6.695341294135001
51718,2023-12-18,1148,IN055F,INE671A01010,Honeywell Auto,IN,INR,50203000.0,439.02660516701
51751,2023-12-18,1148,IN18S6,INE511C01022,MAGMA FINCORP,IN,INR,30201020.0,4.90923744214
51736,2023-12-18,1148,IN18O2,INE09N301011,GUJARAT FLUOROCHEMICALS,IN,INR,55201000.0,34.1871908831
51717,2023-12-18,1148,IN03CK,INE007A01025,CRISIL Ltd,IN,INR,30201030.0,51.329950646860006
51630,2023-12-18,1148,IN30T1,INE457A01014,BANK OF MAHARASHTRA,IN,INR,30101010.0,0.5270175514950001
51752,2023-12-18,1148,IN08CP,INE347G01014,Petronet Lng,IN,INR,60101020.0,2.432434819585
51750,2023-12-18,1148,IN50IS,INE398R01022,SYNGENE INTERNATIONAL,IN,INR,20103010.0,9.008462697625001
51721,2023-12-18,1148,IN0A8N,INE152A01029,Thermax,IN,INR,50101025.0,30.374557652205002
51665,2023-12-18,1148,IN80CP,INE288B01029,DEEPAK NITRITE,IN,INR,55201000.0,26.337687146840004
51722,2023-12-18,1148,IN603E,INE844O01030,GUJARAT GAS,IN,INR,65102020.0,5.193431207110001
51749,2023-12-18,1148,IN13EN,INE068V01023,GLAND PHARMA,IN,INR,20103015.0,21.2725628294
51667,2023-12-18,1148,IN05S2,INE571A01038,IPCA Labs,IN,INR,20103015.0,13.609523778595001
51666,2023-12-18,1148,IN219H,INE148O01028,DELHIVERY,IN,INR,50206040.0,4.69699146577
51757,2023-12-18,1148,IN02CJ,INE376G01013,Biocon,IN,INR,20103010.0,2.859325031945
51728,2023-12-18,1148,IN04KT,INE159A01016,GlaxoSmith P,IN,INR,20103015.0,19.85639052379
51658,2023-12-18,1148,IN0B2I,INE226A01021,Voltas Ltd,IN,INR,50101025.0,9.93718873547
51759,2023-12-18,1148,IN05IS,INE203G01027,INDRAGAS,IN,INR,65102020.0,4.6646149609
51743,2023-12-18,1148,IN216E,INE0FS801015,MOTHERSON SUMI WIRING INDIA,IN,INR,40101025.0,0.738424136998
51723,2023-12-18,1148,IN30LT,INE281B01032,LLOYDS METALS & ENERGY,IN,INR,55102010.0,6.2114924158
51729,2023-12-18,1148,IN06EP,INE531A01024,Kansai,IN,INR,50203010.0,3.8444101708600003
51730,2023-12-18,1148,IN0AIX,INE092A01019,Tata Chemicals,IN,INR,55201000.0,11.639953065670001
50782,2023-12-18,1148,IN13IR,US92932M1018,WNS HDG. ADR,IN,USD,50205020.0,59.48
51627,2023-12-18,1148,IN505F,INE131B01039,RELAXO FOOTWEARS,IN,INR,40204025.0,10.905486057045001
51746,2023-12-18,1148,IN03W4,INE548C01032,Emami,IN,INR,45201020.0,6.0915794348
51713,2023-12-18,1148,IN601C,INE647O01011,ADITYA FASH.& RETAIL,IN,INR,40204020.0,2.76639247167
51731,2023-12-18,1148,IN20BI,INE100A01010,ATUL,IN,INR,55201000.0,78.902741498
51671,2023-12-18,1148,IN60HS,INE299U01018,CRMPTN.GREAVES CSM.ELEC,IN,INR,40202020.0,3.424115172455
51519,2023-12-18,1148,TW10SI,TW0009941005,YULON FINANCE,TW,TWD,30201020.0,6.0659433983
51507,2023-12-18,1148,TW08YV,TW0002368008,GOLD CIRCUIT ELECTRONICS,TW,TWD,10102015.0,7.2983382312
51511,2023-12-18,1148,TW052W,TW0002834009,Taiwan Business Bank,TW,TWD,30101010.0,0.4321384479
51514,2023-12-18,1148,TW012S,TW0001229003,Lien Hwa Ind,TW,TWD,45102020.0,2.18950146936
51557,2023-12-18,1148,TW00G5,TW0002353000,Acer Inc,TW,TWD,10102030.0,1.1267609900800002
51554,2023-12-18,1148,TW10J9,TW0003533006,Lotes,TW,TWD,10102015.0,29.6414965004
51526,2023-12-18,1148,TW08VS,TW0009945006,Ruentex C D,TW,TWD,35101010.0,1.1459671433199998
51549,2023-12-18,1148,TW060V,TW0003044004,Tripod Tech,TW,TWD,10102015.0,6.1779792922
51550,2023-12-18,1148,TW03UM,TW0002449006,King Yuan Elec,TW,TWD,10102020.0,2.65044914712
51524,2023-12-18,1148,TW601W,TW0008464009,NIEN MADE ENTERPRISE,TW,TWD,40202015.0,10.9154970914
51572,2023-12-18,1148,TW6050,TW0005269005,ASMEDIA TECHNOLOGY,TW,TWD,10102010.0,46.094767776
51510,2023-12-18,1148,TW01G6,TW0001504009,Teco Electric,TW,TWD,50202040.0,1.49487892718
51525,2023-12-18,1148,TW208Z,KYG989221000,ZHEN DING TECH.HOLDING,TW,TWD,10102015.0,3.3130614339
51563,2023-12-18,1148,TW20I9,TW0006789001,VISERA TECHNOLOGIES,TW,TWD,10102010.0,9.8111432801
51508,2023-12-18,1148,TW05WQ,TW0003035002,Faraday Tech,TW,TWD,10102010.0,12.3399534567
51509,2023-12-18,1148,TW03A2,TW0002371002,Tatung,TW,TWD,50202010.0,1.29161380539
51512,2023-12-18,1148,TW027Y,TW0002027000,Ta Chen,TW,TWD,55102010.0,1.23719637121
51513,2023-12-18,1148,TW036Y,TW0002360005,Chroma Ate,TW,TWD,50202025.0,6.882204911
51506,2023-12-18,1148,TW08JG,TW0009904003,Pou Chen,TW,TWD,40204025.0,0.98911689186
51516,2023-12-18,1148,TW070W,TW0003653002,JENTECH PRECISION INDL.,TW,TWD,10102015.0,20.7426454992
51520,2023-12-18,1148,TW032U,TW0002352002,Qisda,TW,TWD,10102030.0,1.40044867375
51562,2023-12-18,1148,TW080X,TW0006239007,PTI,TW,TWD,10102010.0,3.5851486048
51518,2023-12-18,1148,TW02A1,TW0002059003,King Slide,TW,TWD,55102015.0,27.9449529642
51570,2023-12-18,1148,TW02G7,TW0002201001,Yulon Motor,TW,TWD,40101020.0,2.46158864026
51521,2023-12-18,1148,TW104U,TW0002049004,HIWIN Tech,TW,TWD,50204000.0,7.3143433588999995
51523,2023-12-18,1148,TW04D6,TW0002542008,Highwealth Const,TW,TWD,35101010.0,1.31081995863
51573,2023-12-18,1148,TW033V,TW0002354008,Foxconn Tech,TW,TWD,10102015.0,1.7061466128199998
51522,2023-12-18,1148,TW08OL,TW0009921007,GIANT MFG,TW,TWD,40203050.0,6.081948526
51574,2023-12-18,1148,TW05MG,TW0002915006,Ruentex Ind,TW,TWD,55101020.0,2.0166460902
51564,2023-12-18,1148,TW1P8N,TW0001795003,LOTUS PHARMACEUTICAL,TW,TWD,20103015.0,8.2746510209
51580,2023-12-18,1148,TW10WM,TW0002492006,Walsin Tech,TW,TWD,10102015.0,4.3693998621
51569,2023-12-18,1148,TW1PET,KYG0097V1086,ADVANCED ENERGY SO,TW,TWD,50202010.0,24.167742827
51504,2023-12-18,1148,TW06QL,TW0003532008,FORMOSA SUMCO TECHNOLOGY,TW,TWD,10102010.0,5.2496818856
51576,2023-12-18,1148,TW01UK,TW0001722007,Twn Fertilizer,TW,TWD,55201015.0,2.03905326898
50783,2023-12-18,1148,TW1AYY,US82706C1080,SILICON MOTION TECH.ADR,TW,USD,10102010.0,58.8
51503,2023-12-18,1148,TW02LC,TW0002227006,Yulon Nissan,TW,TWD,40101020.0,6.081948526
51581,2023-12-18,1148,TW08MJ,TW0009914002,Merida Industry,TW,TWD,40203050.0,6.0019228875
51567,2023-12-18,1148,TW01ZP,TW0001802007,Twn Glass Ind,TW,TWD,50203020.0,0.60659433983
51565,2023-12-18,1148,TW1P0F,KYG7171A1085,POLARIS GROUP,TW,TWD,20103010.0,2.31434146542
51575,2023-12-18,1148,TW02WN,TW0002337003,Macronix,TW,TWD,10102010.0,0.92189535552
51568,2023-12-18,1148,TW0683,TW0003189007,Kinsus,TW,TWD,10102010.0,3.1658142590600002
51566,2023-12-18,1148,TW01C2,TW0001434009,Formosa Taffeta,TW,TWD,55101020.0,0.8114599743900001
51271,2023-12-18,1148,KR06EV,KR7078930005,GS Holdings,KR,KRW,50203000.0,32.01234862
51326,2023-12-18,1148,KR04T8,KR7029780004,Samsung Card,KR,KRW,30201020.0,25.5788742
51269,2023-12-18,1148,KR03T7,KR7011780004,Kumho,KR,KRW,55201000.0,99.2150272
51284,2023-12-18,1148,KR04IX,KR7021240007,COWAY,KR,KRW,40202020.0,38.75587
51340,2023-12-18,1148,KR03U8,KR7011790003,SKC,KR,KRW,55201000.0,75.1863878
51270,2023-12-18,1148,KR30BP,KR7180640005,HANJIN KAL,KR,KRW,40501010.0,41.77882786
51301,2023-12-18,1148,KR043I,KR7016360000,Samsung Sec,KR,KRW,30202015.0,30.38460208
51278,2023-12-18,1148,KR19SD,KR7035900000,JYP ENTERTAINMENT,KR,KRW,40301010.0,74.4112704
51312,2023-12-18,1148,KR02ZC,KR7005940002,NH INV&SEC,KR,KRW,30202015.0,7.952704524
51282,2023-12-18,1148,KR068P,KR7071050009,Kr Inv Holdings,KR,KRW,30202015.0,46.42953226
51343,2023-12-18,1148,KR055L,KR7035250000,Kangwon Land,KR,KRW,40501020.0,12.0143197
51310,2023-12-18,1148,KR1AOA,KR7383220001,F&F,KR,KRW,40204020.0,66.58258466
51339,2023-12-18,1148,KR03M0,KR7010620003,Hyundai Mipo Dk,KR,KRW,50206030.0,62.86202114
51338,2023-12-18,1148,KR15O5,KR7068760008,Celltrion Pharm,KR,KRW,20103015.0,62.08690374
51306,2023-12-18,1148,KR07P7,KR7272210006,HANWHA SYSTEMS,KR,KRW,50201020.0,12.47939014
51247,2023-12-18,1148,KR025I,KR7003410008,SSANGYONG C&E,KR,KRW,50101030.0,4.673957922
51324,2023-12-18,1148,KR02O1,KR7004990008,LOTTE CORP,KR,KRW,45102020.0,21.7032872
51345,2023-12-18,1148,KR401G,KR7064350002,HYUNDAI ROTEM,KR,KRW,50206025.0,20.57936697
51331,2023-12-18,1148,KR01MY,KR7001450006,Hyundai Mar&Fire,KR,KRW,30302025.0,24.18366288
51336,2023-12-18,1148,KR01CO,KR7000990002,DB HITEK,KR,KRW,10102010.0,47.97976706
51335,2023-12-18,1148,KR032G,KR7006260004,Ls,KR,KRW,50202010.0,65.65244378
51341,2023-12-18,1148,KR01DP,KR7001040005,CJ Corp,KR,KRW,50203000.0,71.3108008
51305,2023-12-18,1148,KR00ZA,KR7000120006,CJ LOGISTICS,KR,KRW,50206060.0,87.66577794
51332,2023-12-18,1148,KR03ES,KR7008770000,Hotel Shilla,KR,KRW,40401030.0,50.84770144
51325,2023-12-18,1148,KR03FT,KR7008930000,HANMI SCIENCE,KR,KRW,20103015.0,27.74920292
51320,2023-12-18,1148,KR20DQ,KR7007070006,GS RETAIL,KR,KRW,45201010.0,18.48654999
51311,2023-12-18,1148,KR812M,KR7263750002,PEARLABYSS,KR,KRW,40203040.0,29.29943772
51309,2023-12-18,1148,KR05GW,KR7039490008,KIWOOM,KR,KRW,30202015.0,71.54333602
51316,2023-12-18,1148,KR04R6,KR7028670008,PANOCEAN,KR,KRW,50206030.0,3.507406235
51323,2023-12-18,1148,KR71H0,KR7282330000,BGF RETAIL,KR,KRW,45201010.0,105.18343118
51252,2023-12-18,1148,KR05R7,KR7052690005,KEPCO E&C,KR,KRW,50101015.0,47.43718488
51249,2023-12-18,1148,KR058O,KR7036460004,Korea Gas,KR,KRW,65102020.0,19.26166739
51307,2023-12-18,1148,KR03ZD,KR7012750006,S-1 Corporation,KR,KRW,50205040.0,46.66206748
51327,2023-12-18,1148,KR01ZB,KR7002790004,AMOREG,KR,KRW,40204035.0,21.47075198
51330,2023-12-18,1148,KR14JZ,KR7014680003,Hansol Chemical,KR,KRW,55201000.0,155.7985974
51344,2023-12-18,1148,KR60L2,KR7112610001,CS WIND,KR,KRW,60102020.0,41.4687809
51302,2023-12-18,1148,KR1AG2,KR7293490009,KAKAO GAMES,KR,KRW,40203040.0,20.42434349
51313,2023-12-18,1148,KR17P8,KR7139480008,E-MART,KR,KRW,40401010.0,58.75389892
51319,2023-12-18,1148,KR18O8,KR7020150009,LOTTE ENERGY MATERIALS,KR,KRW,10102015.0,34.880283
51254,2023-12-18,1148,KR05N3,KR7047040001,Daewoo Eng&Const,KR,KRW,50101010.0,3.596544736
51317,2023-12-18,1148,KR01W8,KR7002380004,KCC,KR,KRW,50203010.0,161.6119779
51303,2023-12-18,1148,KR12AO,KR7112040001,WEMADE,KR,KRW,40203040.0,41.54629264
51251,2023-12-18,1148,KR057N,KR7035760008,CJ ENM,KR,KRW,40301035.0,59.37399284
51318,2023-12-18,1148,KR82G1,KR7298020009,HYOSUNG TNC,KR,KRW,55101020.0,295.7072881
51315,2023-12-18,1148,KR91I3,KR7336260005,DOOSAN FUEL CELL,KR,KRW,60102010.0,18.83535282
51245,2023-12-18,1148,KR1KIE,KR7137310009,SD BIOSENSOR,KR,KRW,20102015.0,8.805333664
51304,2023-12-18,1148,KR035J,KR7006360002,GS E&C,KR,KRW,50101010.0,12.564653054
51253,2023-12-18,1148,KR033H,KR7006280002,GC BIOPHARMA,KR,KRW,20103015.0,88.82845404
51314,2023-12-18,1148,KR116J,KR7096530001,Seegene,KR,KRW,20103010.0,16.58751236
51248,2023-12-18,1148,KR801K,KR7285130001,SK CHEMICALS,KR,KRW,55201010.0,49.84004882
51246,2023-12-18,1148,KR012E,KR7000210005,DL,KR,KRW,50203015.0,37.2056352
51256,2023-12-18,1148,KR30T7,KR7456040005,OCI,KR,KRW,55201000.0,81.92990918
51255,2023-12-18,1148,KR204H,KR7019170000,SHIN POONG PHARM.,KR,KRW,20103015.0,9.812986284
51244,2023-12-18,1148,KR518P,KR7071051007,KOREA INVESTMENT 1P,KR,KRW,30202015.0,34.1051656
51264,2023-12-18,1148,KR188S,KR7011781002,KUMHO PETRO CHEMICAL PF.,KR,KRW,55201000.0,49.45249012
51262,2023-12-18,1148,KR189T,KR7005941000,NH INVESTMENT & SECURITIES.PF.,KR,KRW,30202015.0,7.681413434
51263,2023-12-18,1148,KR51IZ,KR7097951008,CJ CHEIL JEDANG 1P,KR,KRW,45102020.0,103.24563768
51258,2023-12-18,1148,KR50AQ,KR7001041003,CJ PF,KR,KRW,50203000.0,38.21328782
51260,2023-12-18,1148,KR50EU,KR7002791002,AMOREPACIFIC GROUP PF 1P,KR,KRW,40204035.0,7.47988291
51261,2023-12-18,1148,KR08O7,KR728513K010,SK CHEMICALS PRE,KR,KRW,55201010.0,22.71093982
51259,2023-12-18,1148,KR809S,KR7006801005,MIRAE ASSET SEC PF.,KR,KRW,30202015.0,3.077216078
51291,2023-12-18,1148,KR089S,KR7019171008,SHIN POONG PHARM.PF.,KR,KRW,20103015.0,14.874502906
51362,2023-12-18,1148,405180,TRAARCLK91H5,ARCELIK,TR,TRY,40202020.0,4.71024839196
51353,2023-12-18,1148,ET020,TRETTLK00013,TURK TELEKOMUNIKASYON,TR,TRY,15102015.0,0.8283659791599999
51351,2023-12-18,1148,B03MVZ,TRAMRDIN91F2,OYAK CIMENTO FABRIKALARI A S,TR,TRY,50101030.0,2.25981011888
51361,2023-12-18,1148,ET027,TREKOAL00014,KOZA ALTIN ISLETMELERI,TR,TRY,55103025.0,0.8054906006559999
51355,2023-12-18,1148,TR304R,TREPEGS00016,PEGASUS HAVA TASIMACILIGI,TR,TRY,40501010.0,24.435063401999997
51349,2023-12-18,1148,B01GNH,TRETTRK00010,TURK TRAKTOR,TR,TRY,50204010.0,23.9324982682
51359,2023-12-18,1148,416441,TRAAEFES91A9,ANADOLU EFES,TR,TRY,45101010.0,3.84375678196
51356,2023-12-18,1148,TR806Y,TRAHEKTS91E4,HEKTAS TICARET,TR,TRY,55201000.0,0.77291051612
51346,2023-12-18,1148,TR002M,TREAKSN00011,AKSA ENERJI URETIM,TR,TRY,65101015.0,1.192985648648
51364,2023-12-18,1148,ID8014,ID1000098007,BANK CIMB NIAGA,ID,IDR,30101010.0,0.10994522
51387,2023-12-18,1148,ID00OJ,ID1000106602,ANEKA TAMBANG,ID,IDR,55103025.0,0.11220216000000001
51369,2023-12-18,1148,ID00FA,ID1000068604,Gudang Garam Tbk PT,ID,IDR,45103010.0,1.3622245
51383,2023-12-18,1148,ID5099,ID1000135700,MITRA KELUARGA KARYASEHAT,ID,IDR,20101010.0,0.1805552
51375,2023-12-18,1148,ID3075,ID1000113905,ELANG MAHKOTA TEKNOLOGI,ID,IDR,40301035.0,0.04159218
51372,2023-12-18,1148,ID00LG,ID1000068703,BUMI RESOURCES,ID,IDR,60101040.0,0.006577368
51384,2023-12-18,1148,ID00C7,ID1000061302,Indocement Tunggal Prakarsa Tb,ID,IDR,50101030.0,0.6577368
51377,2023-12-18,1148,ID210Y,ID1000143605,MNC DIGITAL ENTERTAINMENT,ID,IDR,40301010.0,0.193452
51385,2023-12-18,1148,ID00PK,ID1000108103,Jasa Marga PT,ID,IDR,50206060.0,0.2998506
51366,2023-12-18,1148,ID2142,ID1000165004,AVIA AVIAN PT,ID,IDR,50203010.0,0.031339224
51379,2023-12-18,1148,ID2131,ID1000164700,CISARUA MOUNTAIN DAIRY,ID,IDR,45102020.0,0.23085272
51373,2023-12-18,1148,ID00HC,ID1000094006,BUKIT ASAM TBK PT,ID,IDR,60101040.0,0.15605128000000001
51371,2023-12-18,1148,ID00JE,ID1000108509,INDO TAMBANGRAYA MEGAH,ID,IDR,60101040.0,1.5830822
51386,2023-12-18,1148,ID0061,ID1000111602,Perusahaan Gas Negara PT,ID,IDR,65102020.0,0.07189966
51378,2023-12-18,1148,ID20SP,ID1000092703,BANK PAN INDONESIA,ID,IDR,30101010.0,0.07222208000000001
51582,2023-12-18,1148,CL00OL,CLP3064M1019,COMP. SUDAMERICANA DE VAPORES,CL,CLP,50206030.0,0.058284839580000004
51587,2023-12-18,1148,CL00C9,CLP3615W1037,Colbun SA,CL,CLP,65101010.0,0.1589586534
51590,2023-12-18,1148,CL9028,CL0002539816,CENCOSUD SHOPPING,CL,CLP,35101010.0,1.60122046443
51583,2023-12-18,1148,CL9017,CL0002456714,PLAZA,CL,CLP,35101010.0,1.3926160287000002
51591,2023-12-18,1148,CL00GD,CLP249051044,Cia Cervecerias Unidas SA,CL,CLP,45101010.0,6.151008762000001
51589,2023-12-18,1148,CL00KH,CL0002841873,BANCO ITAU CHILE,CL,CLP,30101010.0,9.90611898
51600,2023-12-18,1148,TH22U8,THA848010007,THAI LIFE INSURANCE,TH,THB,30301010.0,0.27716618670000004
51621,2023-12-18,1148,TH00Q0,TH0221B10Z05,BTS Group Holdings PCL,TH,THB,50206020.0,0.2060979337
51620,2023-12-18,1148,TH510G,TH6068010Y02,MUANGTHAI CAPITAL,TH,THB,30201020.0,1.2436944275000001
51597,2023-12-18,1148,TH00MW,TH0143010Z08,Land and Houses PCL,TH,THB,35101010.0,0.21889021924000002
51611,2023-12-18,1148,TH30BO,TH5097010000,DIGITAL TELECOM.IFCF.,TH,THB,35102025.0,0.23736796502
51614,2023-12-18,1148,TH21T6,TH0991010008,SIAM GLOBAL HOUSE,TH,THB,40401025.0,0.47757866016000006
51612,2023-12-18,1148,TH50ZE,TH6066010005,CARABAO GROUP,TH,THB,45101020.0,2.3239318731000003
51593,2023-12-18,1148,TH001B,TH0637010Y00,Ratch Group,TH,THB,65101015.0,0.9238872890000001
51598,2023-12-18,1148,TH00PZ,TH0450010Y08,THAI UNION GROUP,TH,THB,45102020.0,0.41788132764
51604,2023-12-18,1148,TH207J,TH0465010005,ELECTRICITY GENERATING,TH,THB,65101015.0,3.6671218548
51623,2023-12-18,1148,TH12JW,THA271010003,NGERN TID LOR,TH,THB,30201020.0,0.6509851974799999
51599,2023-12-18,1148,TH00AK,TH0148A10Z06,Banpu PCL,TH,THB,60101040.0,0.21178339394
51594,2023-12-18,1148,TH401F,TH0122C10Z04,KCE ELECTRONICS,TH,THB,10102015.0,1.492433313
51607,2023-12-18,1148,TH50XC,TH5456010Y00,SRISAWAD CORPORATION,TH,THB,30201020.0,1.2579080781
51605,2023-12-18,1148,TH706N,TH6678010005,COM7,TH,THB,40401030.0,0.6509851974799999
51603,2023-12-18,1148,TH704L,TH7462010003,BANPU POWER,TH,THB,65101015.0,0.41503859752
51596,2023-12-18,1148,TH806O,TH8193010007,TOA PAINT THAILAND,TH,THB,50203010.0,0.60265878544
51601,2023-12-18,1148,TH00JT,TH0471010Y04,IRPC PCL,TH,THB,60101020.0,0.056286056376
51595,2023-12-18,1148,TH80AS,TH3925010Z05,JMT NETWORK SERVICES,TH,THB,50205020.0,0.7391098312000001
51602,2023-12-18,1148,TH403H,TH4577010002,MK RESTAURANT GROUP,TH,THB,40501040.0,1.1299852227
51763,2023-12-18,1148,MY00L5,MYL5398OO002,Gamuda Bhd,MY,MYR,50101010.0,1.0237114950839998
51772,2023-12-18,1148,MY23K9,MYL7277OO006,DIALOG GROUP,MY,MYR,60101030.0,0.47429819793199995
51771,2023-12-18,1148,MY501Q,MYL5246OO003,WESTPORTS HOLDINGS,MY,MYR,50206060.0,0.7511509921999999
51773,2023-12-18,1148,MY22MA,MYL5014OO005,MALAYSIA AIRPORTS HDG.,MY,MYR,50206060.0,1.5409326068559999
51779,2023-12-18,1148,MY50NC,MYQ0166OO007,INARI AMERTRON,MY,MYR,10102010.0,0.626674542064
51761,2023-12-18,1148,MY242S,MYL3689OO006,FRASER & NEAVE HDG.,MY,MYR,45101020.0,6.043546268672
51767,2023-12-18,1148,MY22AY,MYL5168OO009,HARTALEGA HOLDINGS,MY,MYR,20102015.0,0.5150749660799999
51768,2023-12-18,1148,MY208U,MYL7113OO003,TOP GLOVE,MY,MYR,20102015.0,0.173837801052
51770,2023-12-18,1148,MY00M6,MYL3336OO004,IJM Corp BHD,MY,MYR,50101010.0,0.388452370252
51762,2023-12-18,1148,MY00UE,MYL2291OO002,Genting Plantations Bhd,MY,MYR,45102010.0,1.173941693524
51791,2023-12-18,1148,PH04AK,PHY6028G1361,Metropolitan Bank & Trust,PH,PHP,30101010.0,0.9001620518850001
51788,2023-12-18,1148,PH903I,PHY1001H1024,ACEN,PH,PHP,65101010.0,0.08650205904
51786,2023-12-18,1148,PH11AI,PHY6142T1052,MONDE NISSIN,PH,PHP,45102020.0,0.15137860332
51782,2023-12-18,1148,PH04LV,PHY7628G1124,Semirara Mining Corp,PH,PHP,60101040.0,0.5217155435849999
51789,2023-12-18,1148,PH04JT,PHY2088F1004,DMCI Holdings Inc,PH,PHP,50203000.0,0.16579561316
51790,2023-12-18,1148,PH20IQ,PHY290451046,GT CAPITAL HOLDINGS,PH,PHP,40101020.0,9.776534797750001
51780,2023-12-18,1148,PH30AJ,PHY5342M1000,LT GROUP,PH,PHP,30101010.0,0.15948817135499999
51781,2023-12-18,1148,PH04HR,PHY003341054,Alliance Global Group Inc,PH,PHP,50203000.0,0.17660837054
51795,2023-12-18,1148,412267,GRS014003032,Piraeus Financial Holdings,GR,EUR,30101010.0,3.5569859999999998
51801,2023-12-18,1148,423586,GRS015003007,ALPHA SERVICES AND HOLDINGS,GR,EUR,30101010.0,1.702116
51796,2023-12-18,1148,724353,GRS282183003,JUMBO,GR,EUR,40401010.0,26.230044
51802,2023-12-18,1148,599623,GRS426003000,MOTOR OIL (HELLAS),GR,EUR,60101020.0,27.05928
51793,2023-12-18,1148,547565,GRS298343005,HELLENIQ ENERGY HOLDINGS,GR,EUR,60101020.0,8.303271
51806,2023-12-18,1148,KW203L,KW0EQ0100028,GULF BANK OF KUWAIT,KW,KWD,30101010.0,0.8193776335943
51803,2023-12-18,1148,KW208Q,KW0EQ0100077,BURGAN BANK,KW,KWD,30101010.0,0.550569951427
51814,2023-12-18,1148,ZA102C,ZAE000063863,WOOLWORTHS HDG.,ZA,ZAR,40401010.0,3.562009155
51811,2023-12-18,1148,ZA00LU,ZAE000084992,Exxaro Resources Ltd,ZA,ZAR,60101040.0,9.9076625015
51810,2023-12-18,1148,ZA702I,ZAE000314084,OUTSURANCE GROUP LIMITED,ZA,ZAR,30302010.0,2.189975999
51808,2023-12-18,1148,073892,ZAE000255360,OLD MUTUAL,ZA,ZAR,30301010.0,0.606860819
51823,2023-12-18,1148,ZA20T4,ZAE000298253,NORTHAM PLATINUM HOLDINGS,ZA,ZAR,55103030.0,6.42005975996
51820,2023-12-18,1148,ZA00JS,ZAE000054045,African Rainbow Minerals Ltd,ZA,ZAR,55102000.0,9.58945635032
51822,2023-12-18,1148,ZA20IT,ZAE000200457,MR PRICE GROUP,ZA,ZAR,40401020.0,8.10080037606
51824,2023-12-18,1148,ZA206H,ZAE000179420,GROWTHPOINT PROPS.,ZA,ZAR,35102000.0,0.5593673636
51825,2023-12-18,1148,ZA20Y9,ZAE000148466,THE FOSCHINI GROUP,ZA,ZAR,40401020.0,5.771510241220001
51807,2023-12-18,1148,ZA901J,ZAE000265971,MULTICHOICE GROUP,ZA,ZAR,15102010.0,3.57045243596
51853,2023-12-18,1148,BR708H,BRCRFBACNOR2,ATACADAO,BR,BRL,45201010.0,2.299144813308
51848,2023-12-18,1148,BR05PW,BRNEOEACNOR3,NEOENERGIA ON,BR,BRL,65101010.0,3.9271988565940004
51828,2023-12-18,1148,BR00JL,BRNTCOACNOR5,NATURA &CO HOLDING,BR,BRL,40204035.0,3.3432890627379996
51827,2023-12-18,1148,BR008A,BRCSNAACNOR6,Cia Siderurgica Nacional SA,BR,BRL,55102010.0,3.3290968108040007
51829,2023-12-18,1148,BR00RT,BRHYPEACNOR0,HYPERA,BR,BRL,20103015.0,6.848775290436
51843,2023-12-18,1148,BR05AH,BRTOTSACNOR8,Totvs,BR,BRL,10101015.0,6.753484456022001
51832,2023-12-18,1148,BR0439,BRENEVACNOR8,ENEVA ON,BR,BRL,65101015.0,2.572852529178
51849,2023-12-18,1148,BR04KQ,BRPSSAACNOR7,Porto Seguro,BR,BRL,30302010.0,5.6769007736
51846,2023-12-18,1148,BR1104,BRASAIACNOR0,SENDAS DISTRIBUIDORA,BR,BRL,45201010.0,2.621511678666
51844,2023-12-18,1148,BR00TV,BRCMIGACNPR3,CEMIG - PREF,BR,BRL,65101010.0,2.244403270134
51833,2023-12-18,1148,BR109C,BRKLBNACNPR9,KLABIN S.A. - PREF,BR,BRL,55101015.0,0.9164139820239999
51845,2023-12-18,1148,BR03X2,BRLRENACNOR1,LOJAS RENNER,BR,BRL,40401020.0,3.3189594879940003
51852,2023-12-18,1148,BR046C,BRMULTACNOR5,MULTIPLAN,BR,BRL,35101010.0,5.512676144078
51851,2023-12-18,1148,BR20GK,BRAUREACNOR9,AUREN ENERGIA ON,BR,BRL,65101010.0,2.978345441578
51855,2023-12-18,1148,BR704D,BRMGLUACNOR2,MAGAZINE LUIZA ON,BR,BRL,40401030.0,0.40954784152400003
51826,2023-12-18,1148,BR2015,BRCMIGACNOR6,CMPH.ENGT.MINASGR. ON,BR,BRL,65101010.0,3.150679929348
51860,2023-12-18,1148,AE23RK,AEM001001019,MULTIPLY GROUP,AE,AED,30202000.0,0.9558156654539999
51858,2023-12-18,1148,AE213U,AEA000801018,ABU DHABI ISLAMIC BANK,AE,AED,30101010.0,2.7775839850799997
51864,2023-12-18,1148,AE22UM,AEA004601018,ABU DHABI PORTS COMPANY PJSC,AE,AED,50206060.0,1.6910584850339998
51873,2023-12-18,1148,AE302T,AEE01135A222,AMERICANA RESTAURANTS INTL.,AE,SAR,40501040.0,0.9063069178799998
51862,2023-12-18,1148,AE23MF,AEF000901015,FERTIGLOBE COMPANY PJSC,AE,AED,55201015.0,0.863229532618
51868,2023-12-18,1148,QA20BD,QA0006929812,QATAR ELTY& WT,QA,QAR,65102000.0,4.636083725424
51866,2023-12-18,1148,QA20WY,QA000A0KD6L1,QATAR GSTRANNAKILAT,QA,QAR,50206030.0,0.8898644117520002
51865,2023-12-18,1148,QA2046,QA0001200771,QATAR FUEL COMPANY,QA,QAR,60101020.0,4.372420196016001
51870,2023-12-18,1148,QA20HJ,QA0006929879,QATAR INTLISLAMIC BANK,QA,QAR,30101010.0,2.7547345832940002
51888,2023-12-18,1148,SA21Y3,SA000A0B89Q3,SAUDI INDUSTRIAL INV,SA,SAR,55201000.0,6.002950526663999
51885,2023-12-18,1148,SA22NT,SA000A0MQCJ2,SAUDI KAYAN PETROCH,SA,SAR,55201020.0,3.0174689148239997
51881,2023-12-18,1148,SA24HP,SA135G51UI10,DALLAH HEALTHCARE,SA,SAR,20101010.0,44.249102461199996
51874,2023-12-18,1148,SA236D,SA11U0S23612,DAR ALARKAN RLSTDEV,SA,SAR,35101010.0,3.9717567871799995
51891,2023-12-18,1148,SA3016,SA15L1I156H7,ARABIAN DRILLING,SA,SAR,60101030.0,46.648150185
51887,2023-12-18,1148,SA20BF,SA0007879063,THE SAUDI INVESTMENT BK,SA,SAR,30101010.0,3.9984128729999995
51883,2023-12-18,1148,SA3027,SA15L0N10HH3,POWER&WATER UTILITY CMP.FOR JUBAIL&YANBU,SA,SAR,65101015.0,15.727090633799998
51894,2023-12-18,1148,SA20AE,SA0007879055,BANK ALJAZIRA,SA,SAR,30101010.0,4.526203372236
51893,2023-12-18,1148,SA228E,SA000A0JK5M3,SAUDI RESEARCH AND MEDIA GROUP,SA,SAR,40301030.0,42.43648862543999
51884,2023-12-18,1148,SA3038,SA15LGLI0N19,RIYADH CABLES,SA,SAR,50202010.0,20.951683454519998
51895,2023-12-18,1148,MX00K3,MX01CH170002,Grupo Comercial Chedraui SA de,MX,MXN,40401010.0,5.878606445064
51899,2023-12-18,1148,MX00TC,MX01KO000002,Coca-Cola Femsa SAB de CV,MX,MXN,45101020.0,8.454670276014001
51897,2023-12-18,1148,MX00DW,MX01OR010004,Orbia Advance Corp SAB de CV,MX,MXN,50203015.0,2.131081184844
51901,2023-12-18,1148,MX702S,MX41BB000000,BNC.DEL BAJIO IDBC. MTPL.,MX,MXN,30101010.0,3.202954001208
51904,2023-12-18,1148,451944,CZ0008019106,KOMERCNI BANKA,CZ,CZK,30101010.0,31.0173161715
51912,2023-12-18,1148,EW059,PLPGER000010,PGE,PL,PLN,65101015.0,2.1071422890784
51908,2023-12-18,1148,414933,PLBUDMX00013,BUDIMEX,PL,PLN,50101010.0,139.089435114
51909,2023-12-18,1148,PL11CO,NL0015000AU7,PEPCO GROUP,PL,PLN,40401010.0,5.6888832019599995
51911,2023-12-18,1148,525606,PLBH00000012,HANDLOWY,PL,PLN,30101010.0,24.28426353612
51915,2023-12-18,1148,555255,PLTLKPL00017,ORANGE POLSKA,PL,PLN,15102015.0,2.012411106244
51914,2023-12-18,1148,407732,PLBIG0000016,BANK MILLENNIUM,PL,PLN,30101010.0,1.991109120686
51910,2023-12-18,1148,EW041,PLCFRPT00013,CYFROWY POLSAT,PL,PLN,15102010.0,3.215346761284
51916,2023-12-18,1148,EG004Y,EGS60121C018,Commercial International Bank,EG,EGP,30101010.0,2.4983905275200002
51917,2023-12-18,1148,EG2051,EGS37091C013,EASTERN TOBACCO,EG,EGP,45103010.0,0.8381906044399999
51919,2023-12-18,1148,404238,HU0000123096,RICHTER GEDEON,HU,HUF,20103015.0,25.195768400000002
51920,2023-12-18,1148,CO0044,COE15PA00026,Interconexion Electrica SA,CO,COP,65101015.0,3.738283176
