STOXXID;SEDOL;ISIN;effectiveDate;weightFactor;capFactor
VN204O;B1LB8G0;VN000000SSI1;20130318;1;0.8998469949595239
VN007P;B1H4JB5;VN000000ITA7;20130318;1;1.0
VN005N;B291F68;VN000000DPM1;20130318;1;0.504480956966956
VN002K;B3KLW63;VN000000HAG6;20130318;1;0.4455856397661631
VN21DY;B61NT57;VN000000BVH3;20130318;1;0.7952306982474354
VN21L6;B58P9L5;VN000000EIB7;20130318;1;0.25848731238947126
VN002K;B3KLW63;VN000000HAG6;20130923;1;0.9999999999999992
VN007P;B1H4JB5;VN000000ITA7;20130923;1;0.9999999999999971
VN005N;B291F68;VN000000DPM1;20130923;1;0.9999999999999977
VN204O;B1LB8G0;VN000000SSI1;20130923;1;0.9999999999999992
VN21DY;B61NT57;VN000000BVH3;20130923;1;0.9999999999999986
VN21L6;B58P9L5;VN000000EIB7;20130923;1;0.49310824159655736
VN103M;B27Y417;VN000000VIC9;20130923;1;0.40002352006973396
VN22SE;B83C9P6;VN000000GAS3;20130923;1;1.0
VN205P;B16GLK5;VN000000VNM8;20130923;1;0.1656429262500766
VN002K;B3KLW63;VN000000HAG6;20140324;1;0.9046580814091304
VN204O;B1LB8G0;VN000000SSI1;20140324;1;0.9999999999999993
VN007P;B1H4JB5;VN000000ITA7;20140324;1;0.9999999999999982
VN22SE;B83C9P6;VN000000GAS3;20140324;1;1.0
VN205P;B16GLK5;VN000000VNM8;20140324;1;0.20110964693820757
VN005N;B291F68;VN000000DPM1;20140324;1;0.9999999999999988
VN21DY;B61NT57;VN000000BVH3;20140324;1;0.9999999999999986
VN103M;B27Y417;VN000000VIC9;20140324;1;0.42138058923742827
VN21L6;B58P9L5;VN000000EIB7;20140324;1;0.4999999999999987
VN204O;B1LB8G0;VN000000SSI1;20140922;1;0.9999999999999993
VN002K;B3KLW63;VN000000HAG6;20140922;1;0.8079314569925111
VN007P;B1H4JB5;VN000000ITA7;20140922;1;0.9999999999999988
VN103M;B27Y417;VN000000VIC9;20140922;1;0.30420204973857506
VN005N;B291F68;VN000000DPM1;20140922;1;1.0
VN22SE;B83C9P6;VN000000GAS3;20140922;1;0.9999999999999992
VN205P;B16GLK5;VN000000VNM8;20140922;1;0.18524340475257772
VN21DY;B61NT57;VN000000BVH3;20140922;1;0.500000000000001
VN21L6;B58P9L5;VN000000EIB7;20140922;1;0.4999999999999995
VN204O;B1LB8G0;VN000000SSI1;20150323;1;0.9999999999999991
VN002K;B3KLW63;VN000000HAG6;20150323;1;0.8216194758260731
VN103M;B27Y417;VN000000VIC9;20150323;1;0.28390763595998625
VN007P;B1H4JB5;VN000000ITA7;20150323;1;1.0
VN22SE;B83C9P6;VN000000GAS3;20150323;1;0.999999999999998
VN005N;B291F68;VN000000DPM1;20150323;1;0.49999999999999933
VN21DY;B61NT57;VN000000BVH3;20150323;1;0.4999999999999988
VN205P;B16GLK5;VN000000VNM8;20150323;1;0.13998486488288053
VN403P;B3QX973;VN000000FLC6;20150323;1;0.9999999999999997
VN206Q;B2B3VJ7;VN000000KBC7;20150323;1;0.9999999999999987
VN403P;B3QX973;VN000000FLC6;20150921;1;1.0
VN204O;B1LB8G0;VN000000SSI1;20150921;1;0.9999999999999979
VN103M;B27Y417;VN000000VIC9;20150921;1;0.24758159649337652
VN002K;B3KLW63;VN000000HAG6;20150921;1;0.9999999999999991
VN206Q;B2B3VJ7;VN000000KBC7;20150921;1;0.9999999999999967
VN22SE;B83C9P6;VN000000GAS3;20150921;1;0.4999999999999989
VN205P;B16GLK5;VN000000VNM8;20150921;1;0.11713693663480021
VN005N;B291F68;VN000000DPM1;20150921;1;0.49999999999999756
VN007P;B1H4JB5;VN000000ITA7;20150921;1;0.4999999999999992
VN21DY;B61NT57;VN000000BVH3;20150921;1;0.4314928155296854
VN406S;BJ4WY68;VN000000BID9;20150921;1;0.7721184460187124
VN205P;B16GLK5;VN000000VNM8;20160321;1;0.1203013529749558
VN204O;B1LB8G0;VN000000SSI1;20160321;1;0.999999999999995
VN103M;B27Y417;VN000000VIC9;20160321;1;0.22357525947104256
VN002K;B3KLW63;VN000000HAG6;20160321;1;0.999999999999998
VN406S;BJ4WY68;VN000000BID9;20160321;1;0.8058805464627291
VN22SE;B83C9P6;VN000000GAS3;20160321;1;0.9999999999999962
VN21DY;B61NT57;VN000000BVH3;20160321;1;0.999999999999995
VN007P;B1H4JB5;VN000000ITA7;20160321;1;0.4999999999999994
VN005N;B291F68;VN000000DPM1;20160321;1;0.4999999999999977
VN206Q;B2B3VJ7;VN000000KBC7;20160321;1;0.4999999999999973
VN20YI;B2PXTH7;VN000000SBT4;20160321;1;1.0
VN00DV;B16GKN1;VN000000CII6;20160321;1;0.9999999999999966
VN006O;B29CC15;VN000000HPG4;20160321;1;0.4999999999999975
VN006O;B29CC15;VN000000HPG4;20160919;1;0.6200927821289285
VN205P;B16GLK5;VN000000VNM8;20160919;1;0.18402369547432218
VN20YI;B2PXTH7;VN000000SBT4;20160919;1;0.9999999999999968
VN206Q;B2B3VJ7;VN000000KBC7;20160919;1;0.9999999999999948
VN00DV;B16GKN1;VN000000CII6;20160919;1;0.999999999999996
VN204O;B1LB8G0;VN000000SSI1;20160919;1;0.9999999999999956
VN103M;B27Y417;VN000000VIC9;20160919;1;0.2598548938441646
VN22SE;B83C9P6;VN000000GAS3;20160919;1;0.9999999999999996
VN002K;B3KLW63;VN000000HAG6;20160919;1;1.0
VN406S;BJ4WY68;VN000000BID9;20160919;1;0.9999999999999968
VN21DY;B61NT57;VN000000BVH3;20160919;1;1.0
VN007P;B1H4JB5;VN000000ITA7;20160919;1;0.4999999999999977
VN005N;B291F68;VN000000DPM1;20160919;1;0.4999999999999988
VN20L5;B3FQWF2;VN000000HSG8;20160919;1;0.9999999999999998
VN202M;B1HMTK8;VN000000PVD2;20160919;1;0.9999999999999992
VN205P;B16GLK5;VN000000VNM8;20170320;1;0.21314428602240365
VN006O;B29CC15;VN000000HPG4;20170320;1;0.8174211617621908
VN20L5;B3FQWF2;VN000000HSG8;20170320;1;0.999999999999997
VN206Q;B2B3VJ7;VN000000KBC7;20170320;1;0.9999999999999963
VN00DV;B16GKN1;VN000000CII6;20170320;1;0.9999999999999989
VN20YI;B2PXTH7;VN000000SBT4;20170320;1;0.999999999999996
VN202M;B1HMTK8;VN000000PVD2;20170320;1;1.0
VN406S;BJ4WY68;VN000000BID9;20170320;1;0.9999999999999961
VN103M;B27Y417;VN000000VIC9;20170320;1;0.43527070268986834
VN204O;B1LB8G0;VN000000SSI1;20170320;1;0.9999999999999986
VN002K;B3KLW63;VN000000HAG6;20170320;1;0.9999999999999968
VN007P;B1H4JB5;VN000000ITA7;20170320;1;0.49999999999999734
VN005N;B291F68;VN000000DPM1;20170320;1;0.4999999999999985
VN22SE;B83C9P6;VN000000GAS3;20170320;1;0.4999999999999992
VN21DY;B61NT57;VN000000BVH3;20170320;1;0.49999999999999817
VN20I2;B24C726;VN000000HBC3;20170320;1;0.999999999999996
VN006O;B29CC15;VN000000HPG4;20170918;1;0.4999999999999972
VN205P;B16GLK5;VN000000VNM8;20170918;1;0.2966676257835227
VN20I2;B24C726;VN000000HBC3;20170918;1;0.9999999999999948
VN204O;B1LB8G0;VN000000SSI1;20170918;1;0.9999999999999951
VN20L5;B3FQWF2;VN000000HSG8;20170918;1;0.9999999999999949
VN406S;BJ4WY68;VN000000BID9;20170918;1;1.0
VN20YI;B2PXTH7;VN000000SBT4;20170918;1;0.9999999999999933
VN00DV;B16GKN1;VN000000CII6;20170918;1;0.9999999999999961
VN002K;B3KLW63;VN000000HAG6;20170918;1;0.9999999999999988
VN206Q;B2B3VJ7;VN000000KBC7;20170918;1;0.9999999999999957
VN202M;B1HMTK8;VN000000PVD2;20170918;1;0.9999999999999957
VN22SE;B83C9P6;VN000000GAS3;20170918;1;0.49999999999999756
VN103M;B27Y417;VN000000VIC9;20170918;1;0.4999999999999974
VN007P;B1H4JB5;VN000000ITA7;20170918;1;0.49999999999999917
VN005N;B291F68;VN000000DPM1;20170918;1;0.5000000000000018
VN21DY;B61NT57;VN000000BVH3;20170918;1;0.4999999999999974
VN701Q;BZ57C71;VN000000ROS1;20170918;1;0.9999999999999958
VN21RC;B56QVW5;VN000000DXG7;20170918;1;0.9999999999999972
VN701Q;BZ57C71;VN000000ROS1;20180319;1;0.9999999999999918
VN006O;B29CC15;VN000000HPG4;20180319;1;0.6039879714489046
VN205P;B16GLK5;VN000000VNM8;20180319;1;0.36895113504022375
VN103M;B27Y417;VN000000VIC9;20180319;1;0.4999999999999945
VN204O;B1LB8G0;VN000000SSI1;20180319;1;0.9999999999999901
VN21RC;B56QVW5;VN000000DXG7;20180319;1;0.9999999999999876
VN20I2;B24C726;VN000000HBC3;20180319;1;0.9999999999999907
VN20L5;B3FQWF2;VN000000HSG8;20180319;1;0.9999999999999927
VN20YI;B2PXTH7;VN000000SBT4;20180319;1;0.9999999999999891
VN202M;B1HMTK8;VN000000PVD2;20180319;1;1.0
VN22SE;B83C9P6;VN000000GAS3;20180319;1;0.4999999999999921
VN406S;BJ4WY68;VN000000BID9;20180319;1;0.49999999999999434
VN00DV;B16GKN1;VN000000CII6;20180319;1;0.4999999999999959
VN206Q;B2B3VJ7;VN000000KBC7;20180319;1;0.4999999999999937
VN002K;B3KLW63;VN000000HAG6;20180319;1;0.4999999999999967
VN21DY;B61NT57;VN000000BVH3;20180319;1;0.49999999999999367
VN70D2;BYP2451;VN000000VJC7;20180319;1;0.7193304167291613
VN212N;B19HJ45;VN000000STB4;20180319;1;0.4999999999999942
VN707W;BYZCMP7;VN000000NVL0;20180319;1;0.4999999999999935
VN006O;B29CC15;VN000000HPG4;20180924;1;0.8331639985247324
VN103M;B27Y417;VN000000VIC9;20180924;1;0.3964079765751295
VN204O;B1LB8G0;VN000000SSI1;20180924;1;0.999999999999998
VN205P;B16GLK5;VN000000VNM8;20180924;1;0.4999999999999988
VN707W;BYZCMP7;VN000000NVL0;20180924;1;0.9999999999999984
VN70D2;BYP2451;VN000000VJC7;20180924;1;0.9999999999999977
VN21RC;B56QVW5;VN000000DXG7;20180924;1;0.9999999999999981
VN212N;B19HJ45;VN000000STB4;20180924;1;0.9999999999999971
VN406S;BJ4WY68;VN000000BID9;20180924;1;1.0
VN701Q;BZ57C71;VN000000ROS1;20180924;1;0.9999999999999947
VN22SE;B83C9P6;VN000000GAS3;20180924;1;0.9999999999999984
VN20YI;B2PXTH7;VN000000SBT4;20180924;1;0.4999999999999981
VN20I2;B24C726;VN000000HBC3;20180924;1;0.4999999999999987
VN002K;B3KLW63;VN000000HAG6;20180924;1;0.49999999999999434
VN20L5;B3FQWF2;VN000000HSG8;20180924;1;0.4999999999999971
VN206Q;B2B3VJ7;VN000000KBC7;20180924;1;0.49999999999999994
VN202M;B1HMTK8;VN000000PVD2;20180924;1;0.4999999999999995
VN00DV;B16GKN1;VN000000CII6;20180924;1;0.49999999999999684
VN21DY;B61NT57;VN000000BVH3;20180924;1;0.49999999999999967
VN806W;BF47045;VN000000VPB6;20180924;1;0.4999999999999986
VN006O;B29CC15;VN000000HPG4;20190318;1;0.9999999999999859
VN205P;B16GLK5;VN000000VNM8;20190318;1;0.49999999999999345
VN701Q;BZ57C71;VN000000ROS1;20190318;1;0.9999999999999855
VN70D2;BYP2451;VN000000VJC7;20190318;1;0.9280138019328954
VN103M;B27Y417;VN000000VIC9;20190318;1;0.3318156782327337
VN212N;B19HJ45;VN000000STB4;20190318;1;0.9999999999999861
VN806W;BF47045;VN000000VPB6;20190318;1;0.9593560015199287
VN204O;B1LB8G0;VN000000SSI1;20190318;1;0.9999999999999887
VN406S;BJ4WY68;VN000000BID9;20190318;1;0.9999999999999875
VN21RC;B56QVW5;VN000000DXG7;20190318;1;0.9999999999999888
VN22SE;B83C9P6;VN000000GAS3;20190318;1;0.9999999999999871
VN202M;B1HMTK8;VN000000PVD2;20190318;1;0.999999999999987
VN20YI;B2PXTH7;VN000000SBT4;20190318;1;0.9999999999999875
VN20I2;B24C726;VN000000HBC3;20190318;1;1.0
VN20L5;B3FQWF2;VN000000HSG8;20190318;1;0.49999999999998995
VN206Q;B2B3VJ7;VN000000KBC7;20190318;1;0.4999999999999902
VN707W;BYZCMP7;VN000000NVL0;20190318;1;0.4999999999999935
VN002K;B3KLW63;VN000000HAG6;20190318;1;0.49999999999999445
VN00DV;B16GKN1;VN000000CII6;20190318;1;0.49999999999998745
VN21DY;B61NT57;VN000000BVH3;20190318;1;0.49999999999999345
VN701Q;BZ57C71;VN000000ROS1;20190923;1;0.9999999999999953
VN006O;B29CC15;VN000000HPG4;20190923;1;0.9999999999999973
VN205P;B16GLK5;VN000000VNM8;20190923;1;0.4999999999999984
VN70D2;BYP2451;VN000000VJC7;20190923;1;0.9999999999999972
VN103M;B27Y417;VN000000VIC9;20190923;1;0.3601979509684948
VN202M;B1HMTK8;VN000000PVD2;20190923;1;0.9999999999999959
VN406S;BJ4WY68;VN000000BID9;20190923;1;1.0
VN22SE;B83C9P6;VN000000GAS3;20190923;1;0.9999999999999972
VN806W;BF47045;VN000000VPB6;20190923;1;0.4999999999999986
VN212N;B19HJ45;VN000000STB4;20190923;1;0.9999999999999986
VN20I2;B24C726;VN000000HBC3;20190923;1;0.9999999999999963
VN206Q;B2B3VJ7;VN000000KBC7;20190923;1;0.49999999999999556
VN204O;B1LB8G0;VN000000SSI1;20190923;1;0.49999999999999817
VN707W;BYZCMP7;VN000000NVL0;20190923;1;0.49999999999999944
VN20YI;B2PXTH7;VN000000SBT4;20190923;1;0.49999999999999917
VN21RC;B56QVW5;VN000000DXG7;20190923;1;0.4999999999999986
VN20L5;B3FQWF2;VN000000HSG8;20190923;1;0.5000000000000051
VN21DY;B61NT57;VN000000BVH3;20190923;1;0.4999999999999969
VN002K;B3KLW63;VN000000HAG6;20190923;1;0.4999999999999903
VN00DV;B16GKN1;VN000000CII6;20190923;1;0.4999999999999926
VN807X;BZ0WW59;VN000000VRE6;20190923;1;0.9999999999999977
VN80H7;BFZBXH0;VN000000VHM0;20190923;1;0.49999999999999845
VN701Q;BZ57C71;VN000000ROS1;20200323;1;1.0
VN006O;B29CC15;VN000000HPG4;20200323;1;0.9999999999999908
VN205P;B16GLK5;VN000000VNM8;20200323;1;0.7551535581671321
VN80H7;BFZBXH0;VN000000VHM0;20200323;1;0.49999999999999517
VN807X;BZ0WW59;VN000000VRE6;20200323;1;0.9999999999999908
VN806W;BF47045;VN000000VPB6;20200323;1;0.4999999999999953
VN70D2;BYP2451;VN000000VJC7;20200323;1;0.9999999999999908
VN212N;B19HJ45;VN000000STB4;20200323;1;0.9999999999999908
VN103M;B27Y417;VN000000VIC9;20200323;1;0.4398064232038381
VN406S;BJ4WY68;VN000000BID9;20200323;1;0.9999999999999917
VN202M;B1HMTK8;VN000000PVD2;20200323;1;0.4999999999999983
VN204O;B1LB8G0;VN000000SSI1;20200323;1;0.49999999999999795
VN206Q;B2B3VJ7;VN000000KBC7;20200323;1;0.4999999999999976
VN22SE;B83C9P6;VN000000GAS3;20200323;1;0.49999999999999467
VN20L5;B3FQWF2;VN000000HSG8;20200323;1;0.49999999999999706
VN20YI;B2PXTH7;VN000000SBT4;20200323;1;0.4999999999999954
VN21RC;B56QVW5;VN000000DXG7;20200323;1;0.4999999999999943
VN707W;BYZCMP7;VN000000NVL0;20200323;1;0.49999999999999595
VN20I2;B24C726;VN000000HBC3;20200323;1;0.4999999999999943
VN21DY;B61NT57;VN000000BVH3;20200323;1;0.49999999999999273
VN00DV;B16GKN1;VN000000CII6;20200323;1;0.4999999999999985
VN006O;B29CC15;VN000000HPG4;20200921;1;0.9794887289898719
VN205P;B16GLK5;VN000000VNM8;20200921;1;0.4999999999999966
VN80H7;BFZBXH0;VN000000VHM0;20200921;1;0.9999999999999943
VN212N;B19HJ45;VN000000STB4;20200921;1;0.9999999999999956
VN20L5;B3FQWF2;VN000000HSG8;20200921;1;0.999999999999996
VN806W;BF47045;VN000000VPB6;20200921;1;0.4999999999999966
VN807X;BZ0WW59;VN000000VRE6;20200921;1;0.9999999999999937
VN204O;B1LB8G0;VN000000SSI1;20200921;1;0.9999999999999941
VN707W;BYZCMP7;VN000000NVL0;20200921;1;0.9999999999999944
VN103M;B27Y417;VN000000VIC9;20200921;1;0.4974260554786622
VN202M;B1HMTK8;VN000000PVD2;20200921;1;0.999999999999999
VN22SE;B83C9P6;VN000000GAS3;20200921;1;1.0
VN406S;BJ4WY68;VN000000BID9;20200921;1;0.9999999999999948
VN20I2;B24C726;VN000000HBC3;20200921;1;0.9999999999999832
VN70D2;BYP2451;VN000000VJC7;20200921;1;0.49999999999999684
VN20YI;B2PXTH7;VN000000SBT4;20200921;1;0.49999999999999967
VN21RC;B56QVW5;VN000000DXG7;20200921;1;0.4999999999999963
VN206Q;B2B3VJ7;VN000000KBC7;20200921;1;0.4999999999999948
VN21DY;B61NT57;VN000000BVH3;20200921;1;0.4999999999999963
VN00DV;B16GKN1;VN000000CII6;20200921;1;0.4999999999999953
VN102L;B59R0P1;VN000000MSN4;20200921;1;0.9999999999999951
VN006O;B29CC15;VN000000HPG4;20210322;1;0.7468873198432415
VN212N;B19HJ45;VN000000STB4;20210322;1;0.9999999999999811
VN205P;B16GLK5;VN000000VNM8;20210322;1;0.4999999999999902
VN204O;B1LB8G0;VN000000SSI1;20210322;1;0.999999999999979
VN80H7;BFZBXH0;VN000000VHM0;20210322;1;0.9999999999999815
VN20L5;B3FQWF2;VN000000HSG8;20210322;1;0.9999999999999812
VN806W;BF47045;VN000000VPB6;20210322;1;0.49999999999999
VN807X;BZ0WW59;VN000000VRE6;20210322;1;0.9999999999999819
VN707W;BYZCMP7;VN000000NVL0;20210322;1;0.9999999999999815
VN102L;B59R0P1;VN000000MSN4;20210322;1;0.4999999999999895
VN202M;B1HMTK8;VN000000PVD2;20210322;1;0.9999999999999745
VN206Q;B2B3VJ7;VN000000KBC7;20210322;1;0.9999999999999856
VN21RC;B56QVW5;VN000000DXG7;20210322;1;0.9999999999999811
VN20I2;B24C726;VN000000HBC3;20210322;1;1.0
VN103M;B27Y417;VN000000VIC9;20210322;1;0.49999999999999034
VN406S;BJ4WY68;VN000000BID9;20210322;1;0.4999999999999899
VN22SE;B83C9P6;VN000000GAS3;20210322;1;0.49999999999999256
VN20YI;B2PXTH7;VN000000SBT4;20210322;1;0.49999999999999245
VN70D2;BYP2451;VN000000VJC7;20210322;1;0.4999999999999898
VN21DY;B61NT57;VN000000BVH3;20210322;1;0.49999999999999184
VN00DV;B16GKN1;VN000000CII6;20210322;1;0.4999999999999867
VN803T;BYV0WY4;VN000000GEX5;20210322;1;0.999999999999981
VN703S;BYQ4467;VN000000TCH5;20210322;1;0.9999999999999919
VN006O;B29CC15;VN000000HPG4;20210920;1;0.5433520591841187
VN806W;BF47045;VN000000VPB6;20210920;1;0.5009850913950178
VN212N;B19HJ45;VN000000STB4;20210920;1;0.9999999999999973
VN204O;B1LB8G0;VN000000SSI1;20210920;1;0.999999999999997
VN80H7;BFZBXH0;VN000000VHM0;20210920;1;0.9999999999999986
VN20L5;B3FQWF2;VN000000HSG8;20210920;1;0.9999999999999956
VN205P;B16GLK5;VN000000VNM8;20210920;1;0.4999999999999984
VN206Q;B2B3VJ7;VN000000KBC7;20210920;1;1.0
VN707W;BYZCMP7;VN000000NVL0;20210920;1;0.4999999999999984
VN103M;B27Y417;VN000000VIC9;20210920;1;0.4999999999999986
VN102L;B59R0P1;VN000000MSN4;20210920;1;0.49999999999999817
VN21RC;B56QVW5;VN000000DXG7;20210920;1;0.9999999999999978
VN807X;BZ0WW59;VN000000VRE6;20210920;1;0.4999999999999984
VN803T;BYV0WY4;VN000000GEX5;20210920;1;0.499999999999997
VN202M;B1HMTK8;VN000000PVD2;20210920;1;0.500000000000005
VN406S;BJ4WY68;VN000000BID9;20210920;1;0.49999999999999784
VN703S;BYQ4467;VN000000TCH5;20210920;1;0.49999999999999284
VN20I2;B24C726;VN000000HBC3;20210920;1;0.5000000000000029
VN20YI;B2PXTH7;VN000000SBT4;20210920;1;0.4999999999999923
VN22SE;B83C9P6;VN000000GAS3;20210920;1;0.49999999999999767
VN70D2;BYP2451;VN000000VJC7;20210920;1;0.4999999999999981
VN21DY;B61NT57;VN000000BVH3;20210920;1;0.5000000000000012
VN006O;B29CC15;VN000000HPG4;20220321;1;0.9657378629030321
VN204O;B1LB8G0;VN000000SSI1;20220321;1;0.9999999999999966
VN212N;B19HJ45;VN000000STB4;20220321;1;0.9999999999999939
VN80H7;BFZBXH0;VN000000VHM0;20220321;1;0.9999999999999946
VN803T;BYV0WY4;VN000000GEX5;20220321;1;0.999999999999993
VN206Q;B2B3VJ7;VN000000KBC7;20220321;1;0.9999999999999939
VN806W;BF47045;VN000000VPB6;20220321;1;0.4999999999999971
VN20L5;B3FQWF2;VN000000HSG8;20220321;1;0.9999999999999916
VN21RC;B56QVW5;VN000000DXG7;20220321;1;0.9999999999999949
VN707W;BYZCMP7;VN000000NVL0;20220321;1;0.9999999999999944
VN103M;B27Y417;VN000000VIC9;20220321;1;0.4999999999999968
VN202M;B1HMTK8;VN000000PVD2;20220321;1;0.9999999999999867
VN102L;B59R0P1;VN000000MSN4;20220321;1;0.49999999999999745
VN205P;B16GLK5;VN000000VNM8;20220321;1;0.4999999999999959
VN807X;BZ0WW59;VN000000VRE6;20220321;1;0.9999999999999946
VN703S;BYQ4467;VN000000TCH5;20220321;1;1.0
VN20I2;B24C726;VN000000HBC3;20220321;1;0.9999999999999981
VN22SE;B83C9P6;VN000000GAS3;20220321;1;0.4999999999999913
VN20YI;B2PXTH7;VN000000SBT4;20220321;1;0.5000000000000029
VN70D2;BYP2451;VN000000VJC7;20220321;1;0.49999999999999695
VN406S;BJ4WY68;VN000000BID9;20220321;1;0.49999999999999695
VN00AS;B3XZ1Y3;VN000000DIG8;20220321;1;0.9999999999999933
VN70G5;B4XXQS3;VN000000VND7;20220321;1;0.9999999999999967
VN10VE;B3V86Y9;VN000000SHB9;20220321;1;0.9999999999999932
VN224Q;B4V9BD3;VN000000PDR0;20220321;1;0.9999999999999952
VN403P;B3QX973;VN000000FLC6;20220321;1;0.9999999999999879
VN006O;B29CC15;VN000000HPG4;20220919;1;0.99999999999999
VN806W;BF47045;VN000000VPB6;20220919;1;0.49999999999999467
VN204O;B1LB8G0;VN000000SSI1;20220919;1;0.9999999999999913
VN00AS;B3XZ1Y3;VN000000DIG8;20220919;1;0.9999999999999953
VN70G5;B4XXQS3;VN000000VND7;20220919;1;0.9999999999999873
VN212N;B19HJ45;VN000000STB4;20220919;1;0.9999999999999897
VN803T;BYV0WY4;VN000000GEX5;20220919;1;0.9999999999999907
VN21RC;B56QVW5;VN000000DXG7;20220919;1;0.9999999999999916
VN707W;BYZCMP7;VN000000NVL0;20220919;1;0.99999999999999
VN20L5;B3FQWF2;VN000000HSG8;20220919;1;0.999999999999987
VN80H7;BFZBXH0;VN000000VHM0;20220919;1;0.49999999999999467
VN206Q;B2B3VJ7;VN000000KBC7;20220919;1;0.9999999999999912
VN202M;B1HMTK8;VN000000PVD2;20220919;1;0.9999999999999922
VN205P;B16GLK5;VN000000VNM8;20220919;1;0.9999999999999903
VN224Q;B4V9BD3;VN000000PDR0;20220919;1;0.9999999999999903
VN10VE;B3V86Y9;VN000000SHB9;20220919;1;0.9999999999999902
VN103M;B27Y417;VN000000VIC9;20220919;1;0.49999999999999495
VN20I2;B24C726;VN000000HBC3;20220919;1;1.0
VN403P;B3QX973;VN000000FLC6;20220919;1;0.4999999999999958
VN102L;B59R0P1;VN000000MSN4;20220919;1;0.4999999999999943
VN22SE;B83C9P6;VN000000GAS3;20220919;1;0.49999999999999334
VN807X;BZ0WW59;VN000000VRE6;20220919;1;0.4999999999999938
VN70D2;BYP2451;VN000000VJC7;20220919;1;0.4999999999999955
VN703S;BYQ4467;VN000000TCH5;20220919;1;0.5000000000000011
VN406S;BJ4WY68;VN000000BID9;20220919;1;0.499999999999996
VN20YI;B2PXTH7;VN000000SBT4;20220919;1;0.4999999999999908
VN00K2;BP0RTK8;VN000000DGC1;20220919;1;0.9999999999999923
VN005N;B291F68;VN000000DPM1;20220919;1;0.9999999999999887
VN22CY;B3WZ5F3;VN000000NKG3;20220919;1;0.999999999999985
VN505S;BWG92M0;VN000000DCM9;20220919;1;0.9999999999999966
VN006O;B29CC15;VN000000HPG4;20230320;1;0.9850278602543154
VN212N;B19HJ45;VN000000STB4;20230320;1;0.9999999999999821
VN806W;BF47045;VN000000VPB6;20230320;1;0.5767168979867587
VN204O;B1LB8G0;VN000000SSI1;20230320;1;0.9999999999999821
VN70G5;B4XXQS3;VN000000VND7;20230320;1;0.9999999999999871
VN707W;BYZCMP7;VN000000NVL0;20230320;1;0.99999999999998
VN00AS;B3XZ1Y3;VN000000DIG8;20230320;1;0.9999999999999789
VN00K2;BP0RTK8;VN000000DGC1;20230320;1;0.9999999999999789
VN20L5;B3FQWF2;VN000000HSG8;20230320;1;0.9999999999999781
VN803T;BYV0WY4;VN000000GEX5;20230320;1;0.9999999999999835
VN21RC;B56QVW5;VN000000DXG7;20230320;1;0.999999999999979
VN22CY;B3WZ5F3;VN000000NKG3;20230320;1;0.9999999999999953
VN206Q;B2B3VJ7;VN000000KBC7;20230320;1;0.9999999999999831
VN10VE;B3V86Y9;VN000000SHB9;20230320;1;0.9999999999999842
VN205P;B16GLK5;VN000000VNM8;20230320;1;0.499999999999991
VN202M;B1HMTK8;VN000000PVD2;20230320;1;0.9999999999999863
VN80H7;BFZBXH0;VN000000VHM0;20230320;1;0.49999999999999156
VN224Q;B4V9BD3;VN000000PDR0;20230320;1;0.9999999999999836
VN505S;BWG92M0;VN000000DCM9;20230320;1;1.0
VN005N;B291F68;VN000000DPM1;20230320;1;0.9999999999999826
VN103M;B27Y417;VN000000VIC9;20230320;1;0.4999999999999907
VN102L;B59R0P1;VN000000MSN4;20230320;1;0.4999999999999909
VN406S;BJ4WY68;VN000000BID9;20230320;1;0.4999999999999895
VN807X;BZ0WW59;VN000000VRE6;20230320;1;0.49999999999998973
VN703S;BYQ4467;VN000000TCH5;20230320;1;0.4999999999999863
VN70D2;BYP2451;VN000000VJC7;20230320;1;0.49999999999999184
VN20I2;B24C726;VN000000HBC3;20230320;1;0.4999999999999746
VN22SE;B83C9P6;VN000000GAS3;20230320;1;0.49999999999998795
VN002K;B3KLW63;VN000000HAG6;20230320;1;0.9999999999999765
VN70F4;BYVTMH4;VN000000VCI9;20230320;1;0.999999999999989
VN212N;B19HJ45;VN000000STB4;20230918;1;0.9999999999999967
VN006O;B29CC15;VN000000HPG4;20230918;1;0.9504444879144103
VN70G5;B4XXQS3;VN000000VND7;20230918;1;0.9999999999999982
VN204O;B1LB8G0;VN000000SSI1;20230918;1;0.9999999999999962
VN707W;BYZCMP7;VN000000NVL0;20230918;1;0.999999999999998
VN00AS;B3XZ1Y3;VN000000DIG8;20230918;1;0.9999999999999963
VN806W;BF47045;VN000000VPB6;20230918;1;0.4999999999999983
VN21RC;B56QVW5;VN000000DXG7;20230918;1;1.0
VN803T;BYV0WY4;VN000000GEX5;20230918;1;0.9999999999999956
VN103M;B27Y417;VN000000VIC9;20230918;1;0.49999999999999745
VN10VE;B3V86Y9;VN000000SHB9;20230918;1;0.9999999999999959
VN20L5;B3FQWF2;VN000000HSG8;20230918;1;0.999999999999998
VN206Q;B2B3VJ7;VN000000KBC7;20230918;1;0.9999999999999972
VN205P;B16GLK5;VN000000VNM8;20230918;1;0.4999999999999978
VN224Q;B4V9BD3;VN000000PDR0;20230918;1;0.9999999999999969
VN00K2;BP0RTK8;VN000000DGC1;20230918;1;0.9999999999999967
VN70F4;BYVTMH4;VN000000VCI9;20230918;1;0.9999999999999992
VN22CY;B3WZ5F3;VN000000NKG3;20230918;1;0.9999999999999847
VN80H7;BFZBXH0;VN000000VHM0;20230918;1;0.4999999999999978
VN807X;BZ0WW59;VN000000VRE6;20230918;1;0.9999999999999957
VN002K;B3KLW63;VN000000HAG6;20230918;1;0.49999999999999145
VN102L;B59R0P1;VN000000MSN4;20230918;1;0.4999999999999969
VN202M;B1HMTK8;VN000000PVD2;20230918;1;0.4999999999999978
VN505S;BWG92M0;VN000000DCM9;20230918;1;0.4999999999999998
VN005N;B291F68;VN000000DPM1;20230918;1;0.49999999999999245
VN703S;BYQ4467;VN000000TCH5;20230918;1;0.49999999999999895
VN70D2;BYP2451;VN000000VJC7;20230918;1;0.4999999999999972
VN406S;BJ4WY68;VN000000BID9;20230918;1;0.4999999999999942
VN22SE;B83C9P6;VN000000GAS3;20230918;1;0.49999999999999967
VN108R;B5N90B9;VN000000VIX5;20230918;1;0.9999999999999952
VN204O;B1LB8G0;VN000000SSI1;20240318;1;0.99999999999999
VN006O;B29CC15;VN000000HPG4;20240318;1;0.7433909420627925
VN212N;B19HJ45;VN000000STB4;20240318;1;0.99999999999999
VN70G5;B4XXQS3;VN000000VND7;20240318;1;0.9999999999999906
VN108R;B5N90B9;VN000000VIX5;20240318;1;0.9999999999999913
VN00AS;B3XZ1Y3;VN000000DIG8;20240318;1;0.9999999999999942
VN707W;BYZCMP7;VN000000NVL0;20240318;1;0.9999999999999892
VN803T;BYV0WY4;VN000000GEX5;20240318;1;0.9999999999999882
VN224Q;B4V9BD3;VN000000PDR0;20240318;1;0.999999999999987
VN21RC;B56QVW5;VN000000DXG7;20240318;1;0.999999999999988
VN103M;B27Y417;VN000000VIC9;20240318;1;0.49999999999999484
VN80H7;BFZBXH0;VN000000VHM0;20240318;1;0.4999999999999955
VN00K2;BP0RTK8;VN000000DGC1;20240318;1;0.9999999999999902
VN10VE;B3V86Y9;VN000000SHB9;20240318;1;0.9999999999999903
VN20L5;B3FQWF2;VN000000HSG8;20240318;1;0.999999999999988
VN206Q;B2B3VJ7;VN000000KBC7;20240318;1;0.9999999999999937
VN70F4;BYVTMH4;VN000000VCI9;20240318;1;0.9999999999999896
VN22CY;B3WZ5F3;VN000000NKG3;20240318;1;1.0
VN205P;B16GLK5;VN000000VNM8;20240318;1;0.49999999999999484
VN002K;B3KLW63;VN000000HAG6;20240318;1;0.49999999999999994
VN102L;B59R0P1;VN000000MSN4;20240318;1;0.49999999999999534
VN807X;BZ0WW59;VN000000VRE6;20240318;1;0.49999999999999634
VN202M;B1HMTK8;VN000000PVD2;20240318;1;0.49999999999999534
VN505S;BWG92M0;VN000000DCM9;20240318;1;0.4999999999999965
VN703S;BYQ4467;VN000000TCH5;20240318;1;0.4999999999999955
VN005N;B291F68;VN000000DPM1;20240318;1;0.49999999999999495
VN70D2;BYP2451;VN000000VJC7;20240318;1;0.49999999999999495
VN406S;BJ4WY68;VN000000BID9;20240318;1;0.499999999999994
VN22SE;B83C9P6;VN000000GAS3;20240318;1;0.49999999999999467