Date;Index_Symbol;Index_Name;Index_ISIN;Index_Type;Index_Currency;Index_Open_Quotation;Index_Settlement_Value;Index_Value_high;Index_Value_low;Index_Close;Index_Component_Count;Index_Float;Index_Mcap_Units;Index_Divisor;Internal_Number;ISIN;SEDOL;RIC;CUSIP;Instrument_Name;Country;Currency;Exchange;ICB;Shares;Free_Float;Capfactor;Weightfactor;Ci-factor;Close_unadjusted_local;FX_local_to_Index_Currency;Mcap_Units_local;Mcap_Units_Index_Currency;Weight;
2014-11-28;SXXGT;ESTX Gross;CH0102635031;Gross Return;EUR;132.56;;132.71;131.79;132.71;293;0.7417;3345221992748;25206327782;490541;FR0000120271;B15C557;TOTF.PA;;TOTAL;FR;EUR;EURONEXT(FR);0537;2378344735;1.0;1.0;;;44.9900000;1.0000000;107001729628;107001729628;3.19864;
2014-11-28;SXXGT;ESTX Gross;CH0102635031;Gross Return;EUR;132.56;;132.71;131.79;132.71;293;0.7417;3345221992748;25206327782;408530;DE000BAY0017;5069211;BAYGn.DE;;BAYER;DE;EUR;XETRA(DE);1357;826947808;1.0;1.0;;;120.9500000;1.0000000;100019337378;100019337378;2.98992;
2014-11-28;SXXGT;ESTX Gross;CH0102635031;Gross Return;EUR;132.56;;132.71;131.79;132.71;293;0.7417;3345221992748;25206327782;477518;FR0000120578;5671735;SASY.PA;;SANOFI;FR;EUR;EURONEXT(FR);4577;1321400733;0.9104;1.0;;;77.8600000;1.0000000;93665831254;93665831254;2.79999;
2014-11-28;SXXGT;ESTX Gross;CH0102635031;Gross Return;EUR;132.56;;132.71;131.79;132.71;293;0.7417;3345221992748;25206327782;407228;ES0113900J37;5705946;SAN.MC;;BCO SANTANDER;ES;EUR;SIBE;8355;11988091130;1.0;1.0;;;7.2490000;1.0000000;86901672601;86901672601;2.59778;
2014-11-28;SXXGT;ESTX Gross;CH0102635031;Gross Return;EUR;132.56;;132.71;131.79;132.71;293;0.7417;3345221992748;25206327782;480710;DE0007236101;5727973;SIEGn.DE;;SIEMENS;DE;EUR;XETRA(DE);2727;881000000;0.9400;1.0;;;95.1600000;1.0000000;78805802400;78805802400;2.35577;
2014-11-28;SXXGT;ESTX Gross;CH0102635031;Gross Return;EUR;132.56;;132.71;131.79;132.71;293;0.7417;3345221992748;25206327782;475531;BE0003793107;4755317;ABI.BR;;ANHEUSER-BUSCH INBEV;BE;EUR;EURONEXT(BE);3533;1608242156;0.4780;1.0;;;94.4600000;1.0000000;72615156879;72615156879;2.17071;
2014-11-28;SXXGT;ESTX Gross;CH0102635031;Gross Return;EUR;132.56;;132.71;131.79;132.71;293;0.7417;3345221992748;25206327782;425240;DE0007100000;5529027;DAIGn.DE;;DAIMLER;DE;EUR;XETRA(DE);3353;1069837447;0.9316;1.0;;;67.8000000;1.0000000;67573586375;67573586375;2.02000;
2014-11-28;SXXGT;ESTX Gross;CH0102635031;Gross Return;EUR;132.56;;132.71;131.79;132.71;293;0.7417;3345221992748;25206327782;408348;DE000BASF111;5086577;BASFn.DE;;BASF;DE;EUR;XETRA(DE);1353;918478694;1.0;1.0;;;73.0100000;1.0000000;67058129449;67058129449;2.00459;
2014-11-28;SXXGT;ESTX Gross;CH0102635031;Gross Return;EUR;132.56;;132.71;131.79;132.71;293;0.7417;3345221992748;25206327782;401632;DE0008404005;5231485;ALVG.DE;;ALLIANZ;DE;EUR;XETRA(DE);8532;456500000;1.0;1.0;;;138.4500000;1.0000000;63202425000;63202425000;1.88933;
2014-11-28;SXXGT;ESTX Gross;CH0102635031;Gross Return;EUR;132.56;;132.71;131.79;132.71;293;0.7417;3345221992748;25206327782;413366;FR0000131104;7309681;BNPP.PA;;BNP PARIBAS;FR;EUR;EURONEXT(FR);8355;1246207472;0.8972;1.0;;;51.5600000;1.0000000;57649099057;57649099057;1.72333;
2014-11-28;SXXGT;ESTX Gross;CH0102635031;Gross Return;EUR;132.56;;132.71;131.79;132.71;293;0.7417;3345221992748;25206327782;476361;DE0007164600;4846288;SAPG.DE;;SAP;DE;EUR;XETRA(DE);9537;1228504232;0.7740;1.0;;;56.6800000;1.0000000;53894873804;53894873804;1.61110;
2014-11-28;SXXGT;ESTX Gross;CH0102635031;Gross Return;EUR;132.56;;132.71;131.79;132.71;293;0.7417;3345221992748;25206327782;488082;ES0178430E18;5732524;TEF.MC;;TELEFONICA;ES;EUR;SIBE;6535;4551024586;0.8760;1.0;;;12.8800000;1.0000000;51348664277;51348664277;1.53499;
2014-11-28;SXXGT;ESTX Gross;CH0102635031;Gross Return;EUR;132.56;;132.71;131.79;132.71;293;0.7417;3345221992748;25206327782;491207;NL0000009355;B12T3J1;UNc.AS;;UNILEVER NV;NL;EUR;EURONEXT(NL);3577;1714727700;0.9108;1.0;;;32.7550000;1.0000000;51155907010;51155907010;1.52922;
2014-11-28;SXXGT;ESTX Gross;CH0102635031;Gross Return;EUR;132.56;;132.71;131.79;132.71;293;0.7417;3345221992748;25206327782;550190;ES0113211835;5501906;BBVA.MC;;BCO BILBAO VIZCAYA ARGENTARIA;ES;EUR;SIBE;8355;5887168710;1.0;1.0;;;8.6380000;1.0000000;50853363317;50853363317;1.52018;
2014-11-28;SXXGT;ESTX Gross;CH0102635031;Gross Return;EUR;132.56;;132.71;131.79;132.71;293;0.7417;3345221992748;25206327782;448816;NL0000303600;7154182;ING.AS;;ING GRP;NL;EUR;EURONEXT(NL);8355;3857629962;1.0;1.0;;;11.7800000;1.0000000;45442880952;45442880952;1.35844;
2014-11-28;SXXGT;ESTX Gross;CH0102635031;Gross Return;EUR;132.56;;132.71;131.79;132.71;293;0.7417;3345221992748;25206327782;443639;IT0003132476;7145056;ENI.MI;;ENI;IT;EUR;Milan;0537;3634185330;0.7424;1.0;;;16.0700000;1.0000000;43357168367;43357168367;1.29609;
2014-11-28;SXXGT;ESTX Gross;CH0102635031;Gross Return;EUR;132.56;;132.71;131.79;132.71;293;0.7417;3345221992748;25206327782;511938;DE0005557508;5842359;DTEGn.DE;;DEUTSCHE TELEKOM;DE;EUR;XETRA(DE);6575;4535571247;0.6830;1.0;;;13.7000000;1.0000000;42439793719;42439793719;1.26867;
2014-11-28;SXXGT;ESTX Gross;CH0102635031;Gross Return;EUR;132.56;;132.71;131.79;132.71;293;0.7417;3345221992748;25206327782;458887;FR0000120628;7088429;AXAF.PA;;AXA;FR;EUR;EURONEXT(FR);8532;2421720408;0.8582;1.0;;;19.4150000;1.0000000;40350591614;40350591614;1.20622;
2014-11-28;SXXGT;ESTX Gross;CH0102635031;Gross Return;EUR;132.56;;132.71;131.79;132.71;293;0.7417;3345221992748;25206327782;454005;FR0000121014;4061412;LVMH.PA;;LVMH MOET HENNESSY;FR;EUR;EURONEXT(FR);3763;507748060;0.5354;1.0;;;144.5000000;1.0000000;39282080940;39282080940;1.17427;
2014-11-28;SXXGT;ESTX Gross;CH0102635031;Gross Return;EUR;132.56;;132.71;131.79;132.71;293;0.7417;3345221992748;25206327782;483410;FR0000121972;4834108;SCHN.PA;;SCHNEIDER ELECTRIC;FR;EUR;EURONEXT(FR);2733;583566504;1.0;1.0;;;65.6000000;1.0000000;38281962662;38281962662;1.14438;
2014-11-28;SXXGT;ESTX Gross;CH0102635031;Gross Return;EUR;132.56;;132.71;131.79;132.71;293;0.7417;3345221992748;25206327782;401140;FR0000120073;B1YXBJ7;AIRP.PA;;AIR LIQUIDE;FR;EUR;EURONEXT(FR);1353;344579248;1.0;1.0;;;101.2000000;1.0000000;34871419898;34871419898;1.04242;
2014-11-28;SXXGT;ESTX Gross;CH0102635031;Gross Return;EUR;132.56;;132.71;131.79;132.71;293;0.7417;3345221992748;25206327782;407683;IT0000072618;4076836;ISP.MI;;INTESA SANPAOLO;IT;EUR;Milan;8355;15517165817;0.9029;1.0;;;2.4780000;1.0000000;34717892662;34717892662;1.03784;
2014-11-28;SXXGT;ESTX Gross;CH0102635031;Gross Return;EUR;132.56;;132.71;131.79;132.71;293;0.7417;3345221992748;25206327782;426724;DE0005140008;5750355;DBKGn.DE;;DEUTSCHE BANK;DE;EUR;XETRA(DE);8355;1379273131;0.9417;1.0;;;26.2850000;1.0000000;34140574712;34140574712;1.02058;
2014-11-28;SXXGT;ESTX Gross;CH0102635031;Gross Return;EUR;132.56;;132.71;131.79;132.71;293;0.7417;3345221992748;25206327782;407023;FR0000120644;B1Y9TB3;DANO.PA;;DANONE;FR;EUR;EURONEXT(FR);3577;643792000;0.9293;1.0;;;56.7500000;1.0000000;33952157666;33952157666;1.01494;
2014-11-28;SXXGT;ESTX Gross;CH0102635031;Gross Return;EUR;132.56;;132.71;131.79;132.71;293;0.7417;3345221992748;25206327782;453478;FR0000120321;4057808;OREP.PA;;L'OREAL;FR;EUR;EURONEXT(FR);3767;558591514;0.4363;1.0;;;137.2000000;1.0000000;33437489182;33437489182;0.99956;
2014-11-28;SXXGT;ESTX Gross;CH0102635031;Gross Return;EUR;132.56;;132.71;131.79;132.71;293;0.7417;3345221992748;25206327782;423244;IT0004781412;B5M1SM3;CRDI.MI;;UNICREDIT;IT;EUR;Milan;8355;5863329150;0.9498;1.0;;;5.9450000;1.0000000;33107645711;33107645711;0.98970;
2014-11-28;SXXGT;ESTX Gross;CH0102635031;Gross Return;EUR;132.56;;132.71;131.79;132.71;293;0.7417;3345221992748;25206327782;546078;NL0010273215;B929F46;ASML.AS;;ASML HLDG;NL;EUR;EURONEXT(NL);9576;446889300;0.8591;1.0;;;84.9300000;1.0000000;32606546248;32606546248;0.97472;
2014-11-28;SXXGT;ESTX Gross;CH0102635031;Gross Return;EUR;132.56;;132.71;131.79;132.71;293;0.7417;3345221992748;25206327782;481775;FR0000130809;5966516;SOGN.PA;;GRP SOCIETE GENERALE;FR;EUR;EURONEXT(FR);8355;805191694;1.0;1.0;;;39.8900000;1.0000000;32119096674;32119096674;0.96015;
2014-11-28;SXXGT;ESTX Gross;CH0102635031;Gross Return;EUR;132.56;;132.71;131.79;132.71;293;0.7417;3345221992748;25206327782;442464;ES0144580Y14;B288C92;IBE.MC;;IBERDROLA;ES;EUR;SIBE;7535;6307239000;0.8483;1.0;;;5.9460000;1.0000000;31813661798;31813661798;0.95102;
2014-11-28;SXXGT;ESTX Gross;CH0102635031;Gross Return;EUR;132.56;;132.71;131.79;132.71;293;0.7417;3345221992748;25206327782;B0C2CQ;FR0010208488;B0C2CQ3;GSZ.PA;;GDF SUEZ;FR;EUR;EURONEXT(FR);7575;2412824089;0.6640;1.0;;;19.8150000;1.0000000;31745912589;31745912589;0.94899;
2014-11-28;SXXGT;ESTX Gross;CH0102635031;Gross Return;EUR;132.56;;132.71;131.79;132.71;293;0.7417;3345221992748;25206327782;408522;DE0005190003;5756029;BMWG.DE;;BMW;DE;EUR;XETRA(DE);3353;601995196;0.5330;1.0;;;91.9500000;1.0000000;29503393216;29503393216;0.88196;
2014-11-28;SXXGT;ESTX Gross;CH0102635031;Gross Return;EUR;132.56;;132.71;131.79;132.71;293;0.7417;3345221992748;25206327782;EG7;DE0007664039;5497168;VOWG_p.DE;;VOLKSWAGEN PREF;DE;EUR;XETRA(DE);3353;180641478;0.8541;1.0;;;185.2000000;1.0000000;28573746087;28573746087;0.85417;
2014-11-28;SXXGT;ESTX Gross;CH0102635031;Gross Return;EUR;132.56;;132.71;131.79;132.71;293;0.7417;3345221992748;25206327782;492752;DE000ENAG999;4942904;EONGn.DE;;E.ON;DE;EUR;XETRA(DE);7575;2001000000;1.0;1.0;;;14.2550000;1.0000000;28524255000;28524255000;0.85269;
2014-11-28;SXXGT;ESTX Gross;CH0102635031;Gross Return;EUR;132.56;;132.71;131.79;132.71;293;0.7417;3345221992748;25206327782;401225;NL0000235190;4012250;AIR.PA;;AIRBUS GROUP NV;FR;EUR;EURONEXT(FR);2713;784161990;0.7316;1.0;;;48.9950000;1.0000000;28108084223;28108084223;0.84025;
2014-11-28;SXXGT;ESTX Gross;CH0102635031;Gross Return;EUR;132.56;;132.71;131.79;132.71;293;0.7417;3345221992748;25206327782;517617;FR0000133308;5176177;ORAN.PA;;ORANGE;FR;EUR;EURONEXT(FR);6535;2648885384;0.7306;1.0;;;14.1650000;1.0000000;27413179752;27413179752;0.81947;
2014-11-28;SXXGT;ESTX Gross;CH0102635031;Gross Return;EUR;132.56;;132.71;131.79;132.71;293;0.7417;3345221992748;25206327782;430230;FR0000127771;4834777;VIV.PA;;VIVENDI;FR;EUR;EURONEXT(FR);5553;1348520855;0.9496;1.0;;;20.4800000;1.0000000;26225774674;26225774674;0.78398;
2014-11-28;SXXGT;ESTX Gross;CH0102635031;Gross Return;EUR;132.56;;132.71;131.79;132.71;293;0.7417;3345221992748;25206327782;451700;DE0006483001;5740817;LING.DE;;LINDE;DE;EUR;XETRA(DE);1353;185733180;0.9270;1.0;;;151.7500000;1.0000000;26127504352;26127504352;0.78104;
2014-11-28;SXXGT;ESTX Gross;CH0102635031;Gross Return;EUR;132.56;;132.71;131.79;132.71;293;0.7417;3345221992748;25206327782;461785;DE0005552004;4617859;DPWGn.DE;;DEUTSCHE POST;DE;EUR;XETRA(DE);2771;1209672789;0.7901;1.0;;;26.7150000;1.0000000;25533194413;25533194413;0.76327;
2014-11-28;SXXGT;ESTX Gross;CH0102635031;Gross Return;EUR;132.56;;132.71;131.79;132.71;293;0.7417;3345221992748;25206327782;461075;DE0008430026;5294121;MUVGn.DE;;MUENCHENER RUECK;DE;EUR;XETRA(DE);8538;172942618;0.8840;1.0;;;165.6500000;1.0000000;25324783038;25324783038;0.75704;
2014-11-28;SXXGT;ESTX Gross;CH0102635031;Gross Return;EUR;132.56;;132.71;131.79;132.71;293;0.7417;3345221992748;25206327782;579802;IT0003128367;7144569;ENEI.MI;;ENEL;IT;EUR;Milan;7535;9403357795;0.6876;1.0;;;3.8800000;1.0000000;25087105422;25087105422;0.74994;
2014-11-28;SXXGT;ESTX Gross;CH0102635031;Gross Return;EUR;132.56;;132.71;131.79;132.71;293;0.7417;3345221992748;25206327782;463841;FI0009000681;5902941;NOK1V.HE;;NOKIA;FI;EUR;OMX(FI);9578;3744948552;1.0;1.0;;;6.6900000;1.0000000;25053705813;25053705813;0.74894;
2014-11-28;SXXGT;ESTX Gross;CH0102635031;Gross Return;EUR;132.56;;132.71;131.79;132.71;293;0.7417;3345221992748;25206327782;711131;ES0148396007;BP9DL90;ITX.MC;;Industria de Diseno Textil SA;ES;EUR;SIBE;5371;3116652000;0.3372;1.0;;;23.4150000;1.0000000;24607644289;24607644289;0.73561;
2014-11-28;SXXGT;ESTX Gross;CH0102635031;Gross Return;EUR;132.56;;132.71;131.79;132.71;293;0.7417;3345221992748;25206327782;405671;IT0000062072;4056719;GASI.MI;;ASSICURAZIONI GENERALI;IT;EUR;Milan;8532;1556873283;0.8676;1.0;;;17.3900000;1.0000000;23489425291;23489425291;0.70218;
2014-11-28;SXXGT;ESTX Gross;CH0102635031;Gross Return;EUR;132.56;;132.71;131.79;132.71;293;0.7417;3345221992748;25206327782;481808;FR0000125486;B1XH026;SGEF.PA;;VINCI;FR;EUR;EURONEXT(FR);2357;611441717;0.8740;1.0;;;43.4750000;1.0000000;23233042652;23233042652;0.69451;
2014-11-28;SXXGT;ESTX Gross;CH0102635031;Gross Return;EUR;132.56;;132.71;131.79;132.71;293;0.7417;3345221992748;25206327782;468520;NL0000009538;5986622;PHG.AS;;PHILIPS;NL;EUR;EURONEXT(NL);2727;956657323;1.0;1.0;;;24.2550000;1.0000000;23203723369;23203723369;0.69364;
2014-11-28;SXXGT;ESTX Gross;CH0102635031;Gross Return;EUR;132.56;;132.71;131.79;132.71;293;0.7417;3345221992748;25206327782;491134;FR0000124711;B1YY4B3;UNBP.AS;;UNIBAIL-RODAMCO;FR;EUR;EURONEXT(NL);8672;98031638;1.0;1.0;;;212.5000000;1.0000000;20831723075;20831723075;0.62273;
2014-11-28;SXXGT;ESTX Gross;CH0102635031;Gross Return;EUR;132.56;;132.71;131.79;132.71;293;0.7417;3345221992748;25206327782;468232;FR0000120693;4682329;PERP.PA;;PERNOD RICARD;FR;EUR;EURONEXT(FR);3535;265421592;0.7936;1.0;;;95.3100000;1.0000000;20075962583;20075962583;0.60014;
2014-11-28;SXXGT;ESTX Gross;CH0102635031;Gross Return;EUR;132.56;;132.71;131.79;132.71;293;0.7417;3345221992748;25206327782;477319;FI0009003305;5226038;SAMAS.HE;;SAMPO;FI;EUR;OMX(FI);8536;558800000;0.8807;1.0;;;39.6700000;1.0000000;19523001797;19523001797;0.58361;
2014-11-28;SXXGT;ESTX Gross;CH0102635031;Gross Return;EUR;132.56;;132.71;131.79;132.71;293;0.7417;3345221992748;25206327782;430376;FR0000121667;7212477;ESSI.PA;;ESSILOR INTERNATIONAL;FR;EUR;EURONEXT(FR);4537;215096782;1.0;1.0;;;90.3000000;1.0000000;19423239415;19423239415;0.58063;
2014-11-28;SXXGT;ESTX Gross;CH0102635031;Gross Return;EUR;132.56;;132.71;131.79;132.71;293;0.7417;3345221992748;25206327782;476837;FR0000125007;7380482;SGOB.PA;;SAINT GOBAIN;FR;EUR;EURONEXT(FR);2353;567970458;0.8815;1.0;;;36.9400000;1.0000000;18494600525;18494600525;0.55287;
2014-11-28;SXXGT;ESTX Gross;CH0102635031;Gross Return;EUR;132.56;;132.71;131.79;132.71;293;0.7417;3345221992748;25206327782;422060;DE0005439004;4598589;CONG.DE;;CONTINENTAL;DE;EUR;XETRA(DE);3357;200005983;0.5400;1.0;;;169.2000000;1.0000000;18274146685;18274146685;0.54628;
2014-11-28;SXXGT;ESTX Gross;CH0102635031;Gross Return;EUR;132.56;;132.71;131.79;132.71;293;0.7417;3345221992748;25206327782;473322;ES0173516115;5669354;REP.MC;;REPSOL;ES;EUR;SIBE;0537;1350272389;0.7292;1.0;;;18.0500000;1.0000000;17772366199;17772366199;0.53128;
2014-11-28;SXXGT;ESTX Gross;CH0102635031;Gross Return;EUR;132.56;;132.71;131.79;132.71;293;0.7417;3345221992748;25206327782;435209;DE0005785604;4352097;FREG.DE;;FRESENIUS;DE;EUR;XETRA(DE);4533;539977443;0.7320;1.0;;;43.5950000;1.0000000;17231511759;17231511759;0.51511;
2014-11-28;SXXGT;ESTX Gross;CH0102635031;Gross Return;EUR;132.56;;132.71;131.79;132.71;293;0.7417;3345221992748;25206327782;476776;FR0000073272;B058TZ6;SAF.PA;;SAFRAN;FR;EUR;EURONEXT(FR);2713;417029585;0.7759;1.0;;;52.0300000;1.0000000;16835516458;16835516458;0.50327;
2014-11-28;SXXGT;ESTX Gross;CH0102635031;Gross Return;EUR;132.56;;132.71;131.79;132.71;293;0.7417;3345221992748;25206327782;417754;FR0000120172;5641567;CARR.PA;;CARREFOUR;FR;EUR;EURONEXT(FR);5337;734913909;0.8514;1.0;;;25.4450000;1.0000000;15921081587;15921081587;0.47593;
2014-11-28;SXXGT;ESTX Gross;CH0102635031;Gross Return;EUR;132.56;;132.71;131.79;132.71;293;0.7417;3345221992748;25206327782;442031;DE0006048432;5076705;HNKG_p.DE;;HENKEL PREF;DE;EUR;XETRA(DE);3724;178162875;1.0;1.0;;;89.2200000;1.0000000;15895691708;15895691708;0.47518;
2014-11-28;SXXGT;ESTX Gross;CH0102635031;Gross Return;EUR;132.56;;132.71;131.79;132.71;293;0.7417;3345221992748;25206327782;449667;FI0009013403;B09M9D2;KNEBV.HE;;KONE B;FI;EUR;OMX(FI);2757;446908318;0.8533;1.0;;;37.0000000;1.0000000;14109834116;14109834116;0.42179;
2014-11-28;SXXGT;ESTX Gross;CH0102635031;Gross Return;EUR;132.56;;132.71;131.79;132.71;293;0.7417;3345221992748;25206327782;473550;DE0007037129;4768962;RWEG.DE;;RWE;DE;EUR;XETRA(DE);7575;575745499;0.8385;1.0;;;29.1300000;1.0000000;14062874567;14062874567;0.42039;
2014-11-28;SXXGT;ESTX Gross;CH0102635031;Gross Return;EUR;132.56;;132.71;131.79;132.71;293;0.7417;3345221992748;25206327782;018270;IE0001827041;4182249;CRH.I;;CRH;IE;EUR;XETRA(IE);2353;739330362;1.0;1.0;;;19.0000000;1.0000000;14047276878;14047276878;0.41992;
2014-11-28;SXXGT;ESTX Gross;CH0102635031;Gross Return;EUR;132.56;;132.71;131.79;132.71;293;0.7417;3345221992748;25206327782;458836;FR0000121261;4588364;MICP.PA;;MICHELIN;FR;EUR;EURONEXT(FR);3357;186487976;1.0;1.0;;;73.9500000;1.0000000;13790785825;13790785825;0.41225;
2014-11-28;SXXGT;ESTX Gross;CH0102635031;Gross Return;EUR;132.56;;132.71;131.79;132.71;293;0.7417;3345221992748;25206327782;441930;NL0000009165;7792559;HEIN.AS;;HEINEKEN;NL;EUR;EURONEXT(NL);3533;576002613;0.3746;1.0;;;63.2500000;1.0000000;13647489122;13647489122;0.40797;
2014-11-28;SXXGT;ESTX Gross;CH0102635031;Gross Return;EUR;132.56;;132.71;131.79;132.71;293;0.7417;3345221992748;25206327782;ES0017;ES0109067019;B3MSM28;AMA.MC;;AMADEUS IT HLDG;ES;EUR;SIBE;2795;447581950;0.9496;1.0;;;32.0150000;1.0000000;13607137597;13607137597;0.40676;
2014-11-28;SXXGT;ESTX Gross;CH0102635031;Gross Return;EUR;132.56;;132.71;131.79;132.71;293;0.7417;3345221992748;25206327782;401190;NL0000009132;5458314;AKZO.AS;;AKZO NOBEL;NL;EUR;EURONEXT(NL);1357;243412901;1.0;1.0;;;55.5600000;1.0000000;13524020780;13524020780;0.40428;
2014-11-28;SXXGT;ESTX Gross;CH0102635031;Gross Return;EUR;132.56;;132.71;131.79;132.71;293;0.7417;3345221992748;25206327782;403197;DE000A1EWWW0;4031976;ADSGn.DE;;ADIDAS;DE;EUR;XETRA(DE);3765;209216186;1.0;1.0;;;64.5000000;1.0000000;13494443997;13494443997;0.40339;
2014-11-28;SXXGT;ESTX Gross;CH0102635031;Gross Return;EUR;132.56;;132.71;131.79;132.71;293;0.7417;3345221992748;25206327782;471279;FR0000131906;4712798;RENA.PA;;RENAULT;FR;EUR;EURONEXT(FR);3353;295722284;0.6999;1.0;;;64.5200000;1.0000000;13354093262;13354093262;0.39920;
2014-11-28;SXXGT;ESTX Gross;CH0102635031;Gross Return;EUR;132.56;;132.71;131.79;132.71;293;0.7417;3345221992748;25206327782;431192;NL0006144495;4148810;ELSN.AS;;REED ELSEVIER NV;NL;EUR;EURONEXT(NL);5557;736255437;0.9084;1.0;;;19.7700000;1.0000000;13222461459;13222461459;0.39526;
2014-11-28;SXXGT;ESTX Gross;CH0102635031;Gross Return;EUR;132.56;;132.71;131.79;132.71;293;0.7417;3345221992748;25206327782;512907;DE0005785802;5129074;FMEG.DE;;FRESENIUS MEDICAL CARE;DE;EUR;XETRA(DE);4533;310054559;0.6956;1.0;;;59.3900000;1.0000000;12808875950;12808875950;0.38290;
2014-11-28;SXXGT;ESTX Gross;CH0102635031;Gross Return;EUR;132.56;;132.71;131.79;132.71;293;0.7417;3345221992748;25206327782;401093;NL0010672325;BKWP5S5;AHLN.AS;;AHOLD;NL;EUR;EURONEXT(NL);5337;894373133;1.0;1.0;;;14.2050000;1.0000000;12704570354;12704570354;0.37978;
2014-11-28;SXXGT;ESTX Gross;CH0102635031;Gross Return;EUR;132.56;;132.71;131.79;132.71;293;0.7417;3345221992748;25206327782;726261;FR0000045072;7262610;CAGR.PA;;CREDIT AGRICOLE;FR;EUR;EURONEXT(FR);8355;2576365774;0.4354;1.0;;;11.3050000;1.0000000;12681379884;12681379884;0.37909;
2014-11-28;SXXGT;ESTX Gross;CH0102635031;Gross Return;EUR;132.56;;132.71;131.79;132.71;293;0.7417;3345221992748;25206327782;470384;FR0000121485;5505072;PRTP.PA;;Kering;FR;EUR;EURONEXT(FR);5373;126229821;0.5907;1.0;;;166.1000000;1.0000000;12385072926;12385072926;0.37023;
2014-11-28;SXXGT;ESTX Gross;CH0102635031;Gross Return;EUR;132.56;;132.71;131.79;132.71;293;0.7417;3345221992748;25206327782;011517;IE00B1GKF381;B1R9YB5;RYA.I;;RYANAIR;IE;EUR;XETRA(IE);5751;1383311000;1.0;1.0;;;8.5620000;1.0000000;11843908782;11843908782;0.35405;
2014-11-28;SXXGT;ESTX Gross;CH0102635031;Gross Return;EUR;132.56;;132.71;131.79;132.71;293;0.7417;3345221992748;25206327782;400609;NL0000303709;5927375;AEGN.AS;;AEGON;NL;EUR;EURONEXT(NL);8575;2145947511;0.8636;1.0;;;6.3130000;1.0000000;11699505825;11699505825;0.34974;
2014-11-28;SXXGT;ESTX Gross;CH0102635031;Gross Return;EUR;132.56;;132.71;131.79;132.71;293;0.7417;3345221992748;25206327782;421342;DE000CBK1001;B90LKT4;CBKG.DE;;COMMERZBANK;DE;EUR;XETRA(DE);8355;1138506941;0.8285;1.0;;;12.3050000;1.0000000;11606728177;11606728177;0.34696;
2014-11-28;SXXGT;ESTX Gross;CH0102635031;Gross Return;EUR;132.56;;132.71;131.79;132.71;293;0.7417;3345221992748;25206327782;470774;FR0000130577;4380429;PUBP.PA;;PUBLICIS GRP;FR;EUR;EURONEXT(FR);5555;215393720;0.9101;1.0;;;59.0600000;1.0000000;11577521465;11577521465;0.34609;
2014-11-28;SXXGT;ESTX Gross;CH0102635031;Gross Return;EUR;132.56;;132.71;131.79;132.71;293;0.7417;3345221992748;25206327782;702196;DE0005810055;7021963;DB1Gn.DE;;DEUTSCHE BOERSE;DE;EUR;XETRA(DE);8777;193000000;1.0;1.0;;;58.7500000;1.0000000;11338750000;11338750000;0.33895;
2014-11-28;SXXGT;ESTX Gross;CH0102635031;Gross Return;EUR;132.56;;132.71;131.79;132.71;293;0.7417;3345221992748;25206327782;449774;BE0003565737;4497749;KBC.BR;;KBC GRP;BE;EUR;EURONEXT(BE);8355;417364358;0.5897;1.0;;;46.0000000;1.0000000;11321509052;11321509052;0.33844;
2014-11-28;SXXGT;ESTX Gross;CH0102635031;Gross Return;EUR;132.56;;132.71;131.79;132.71;293;0.7417;3345221992748;25206327782;B11ZRK;FR0010307819;B11ZRK9;LEGD.PA;;LEGRAND;FR;EUR;EURONEXT(FR);2733;264790517;1.0;1.0;;;42.1650000;1.0000000;11164892149;11164892149;0.33376;
2014-11-28;SXXGT;ESTX Gross;CH0102635031;Gross Return;EUR;132.56;;132.71;131.79;132.71;293;0.7417;3345221992748;25206327782;469678;DE000PAH0038;7101069;PSHG_p.DE;;PORSCHE PREF;DE;EUR;XETRA(DE);3353;153125000;1.0;1.0;;;70.0400000;1.0000000;10724875000;10724875000;0.32060;
2014-11-28;SXXGT;ESTX Gross;CH0102635031;Gross Return;EUR;132.56;;132.71;131.79;132.71;293;0.7417;3345221992748;25206327782;450270;FR0000120537;4502706;LAFP.PA;;LAFARGE;FR;EUR;EURONEXT(FR);2353;287365397;0.6507;1.0;;;57.1800000;1.0000000;10692011808;10692011808;0.31962;
2014-11-28;SXXGT;ESTX Gross;CH0102635031;Gross Return;EUR;132.56;;132.71;131.79;132.71;293;0.7417;3345221992748;25206327782;474184;DE0006599905;4741844;MRCG.DE;;MERCK;DE;EUR;XETRA(DE);4577;129242252;1.0;1.0;;;80.0800000;1.0000000;10349719540;10349719540;0.30939;
2014-11-28;SXXGT;ESTX Gross;CH0102635031;Gross Return;EUR;132.56;;132.71;131.79;132.71;293;0.7417;3345221992748;25206327782;EE009;ES0140609019;B283W97;CABK.MC;;CAIXABANK;ES;EUR;SIBE;8355;5597501111;0.4116;1.0;;;4.4410000;1.0000000;10231759601;10231759601;0.30586;
2014-11-28;SXXGT;ESTX Gross;CH0102635031;Gross Return;EUR;132.56;;132.71;131.79;132.71;293;0.7417;3345221992748;25206327782;529525;LU0323134006;B03XPL1;ISPA.AS;;ARCELORMITTAL;LU;EUR;EURONEXT(NL);1757;1665392222;0.6065;1.0;;;9.8650000;1.0000000;9964245678;9964245678;0.29787;
2014-11-28;SXXGT;ESTX Gross;CH0102635031;Gross Return;EUR;132.56;;132.71;131.79;132.71;293;0.7417;3345221992748;25206327782;424910;NL0000009827;B0HZL93;DSMN.AS;;KONINKLIJKE DSM;NL;EUR;EURONEXT(NL);1357;181425000;1.0;1.0;;;52.8700000;1.0000000;9591939750;9591939750;0.28674;
2014-11-28;SXXGT;ESTX Gross;CH0102635031;Gross Return;EUR;132.56;;132.71;131.79;132.71;293;0.7417;3345221992748;25206327782;B00ZQQ;LU0088087324;B00ZQQ2;SESFd.PA;;SES;LU;EUR;EURONEXT(FR);5553;337600000;0.9476;1.0;;;29.9200000;1.0000000;9571700019;9571700019;0.28613;
2014-11-28;SXXGT;ESTX Gross;CH0102635031;Gross Return;EUR;132.56;;132.71;131.79;132.71;293;0.7417;3345221992748;25206327782;465940;IT0003497168;7634394;TLIT.MI;;TELECOM ITALIA;IT;EUR;Milan;6535;13417043525;0.7761;1.0;;;0.9060000;1.0000000;9434148537;9434148537;0.28202;
2014-11-28;SXXGT;ESTX Gross;CH0102635031;Gross Return;EUR;132.56;;132.71;131.79;132.71;293;0.7417;3345221992748;25206327782;416343;FR0000125338;4163437;CAPP.PA;;CAP GEMINI;FR;EUR;EURONEXT(FR);9533;159063915;1.0;1.0;;;58.9300000;1.0000000;9373636511;9373636511;0.28021;
2014-11-28;SXXGT;ESTX Gross;CH0102635031;Gross Return;EUR;132.56;;132.71;131.79;132.71;293;0.7417;3345221992748;25206327782;489108;DE0007500001;5636927;TKAG.DE;;THYSSENKRUPP;DE;EUR;XETRA(DE);2727;565937947;0.7697;1.0;;;21.2750000;1.0000000;9267441868;9267441868;0.27704;
2014-11-28;SXXGT;ESTX Gross;CH0102635031;Gross Return;EUR;132.56;;132.71;131.79;132.71;293;0.7417;3345221992748;25206327782;049065;IE0004906560;4519579;KYGa.I;;KERRY GRP;IE;EUR;XETRA(IE);3577;175794953;0.8631;1.0;;;59.6900000;1.0000000;9056681567;9056681567;0.27073;
2014-11-28;SXXGT;ESTX Gross;CH0102635031;Gross Return;EUR;132.56;;132.71;131.79;132.71;293;0.7417;3345221992748;25206327782;588950;DE0006231004;5889505;IFXGn.DE;;INFINEON TECHNOLOGIES;DE;EUR;XETRA(DE);9576;1127689897;1.0;1.0;;;7.8780000;1.0000000;8883941009;8883941009;0.26557;
2014-11-28;SXXGT;ESTX Gross;CH0102635031;Gross Return;EUR;132.56;;132.71;131.79;132.71;293;0.7417;3345221992748;25206327782;725147;IT0003153415;7251470;SRG.MI;;SNAM RETE GAS;IT;EUR;Milan;7573;3381638294;0.6146;1.0;;;4.2640000;1.0000000;8862105272;8862105272;0.26492;
2014-11-28;SXXGT;ESTX Gross;CH0102635031;Gross Return;EUR;132.56;;132.71;131.79;132.71;293;0.7417;3345221992748;25206327782;557955;FI0009007132;5579550;FUM1V.HE;;FORTUM;FI;EUR;OMX(FI);7535;888367045;0.4924;1.0;;;20.1800000;1.0000000;8827376408;8827376408;0.26388;
2014-11-28;SXXGT;ESTX Gross;CH0102635031;Gross Return;EUR;132.56;;132.71;131.79;132.71;293;0.7417;3345221992748;25206327782;433560;NL0010877643;BRJFWP3;FCHA.MI;;FIAT CHRYSLER AUTOMOBILES;IT;EUR;Milan;3353;1250963898;0.6994;1.0;;;10.0300000;1.0000000;8775489225;8775489225;0.26233;
2014-11-28;SXXGT;ESTX Gross;CH0102635031;Gross Return;EUR;132.56;;132.71;131.79;132.71;293;0.7417;3345221992748;25206327782;709538;ES0113860A34;B1X8QN2;SABE.MC;;BCO SABADELL;ES;EUR;SIBE;8355;4013205919;0.9497;1.0;;;2.2810000;1.0000000;8693670329;8693670329;0.25988;
2014-11-28;SXXGT;ESTX Gross;CH0102635031;Gross Return;EUR;132.56;;132.71;131.79;132.71;293;0.7417;3345221992748;25206327782;524918;PTEDP0AM0009;4103596;EDP.LS;;EDP ENERGIAS DE PORTUGAL;PT;EUR;EURONEXT(PT);7537;3656537715;0.7146;1.0;;;3.2990000;1.0000000;8620161146;8620161146;0.25769;
2014-11-28;SXXGT;ESTX Gross;CH0102635031;Gross Return;EUR;132.56;;132.71;131.79;132.71;293;0.7417;3345221992748;25206327782;453456;NL0000009082;5956078;KPN.AS;;KPN;NL;EUR;EURONEXT(NL);6535;4270254664;0.7517;1.0;;;2.6700000;1.0000000;8570567651;8570567651;0.25620;
2014-11-28;SXXGT;ESTX Gross;CH0102635031;Gross Return;EUR;132.56;;132.71;131.79;132.71;293;0.7417;3345221992748;25206327782;441870;DE0006047004;5120679;HEIG.DE;;HEIDELBERGCEMENT;DE;EUR;XETRA(DE);2353;187916477;0.7457;1.0;;;60.9700000;1.0000000;8543684457;8543684457;0.25540;
2014-11-28;SXXGT;ESTX Gross;CH0102635031;Gross Return;EUR;132.56;;132.71;131.79;132.71;293;0.7417;3345221992748;25206327782;407360;ES0113790226;BBHXPN6;POP.MC;;BCO POPULAR ESPANOL;ES;EUR;SIBE;8355;2096376368;0.9023;1.0;;;4.4200000;1.0000000;8360696955;8360696955;0.24993;
2014-11-28;SXXGT;ESTX Gross;CH0102635031;Gross Return;EUR;132.56;;132.71;131.79;132.71;293;0.7417;3345221992748;25206327782;419454;FR0000130403;4061393;DIOR.PA;;CHRISTIAN DIOR;FR;EUR;EURONEXT(FR);3763;181727048;0.2963;1.0;;;154.0000000;1.0000000;8292241496;8292241496;0.24788;
2014-11-28;SXXGT;ESTX Gross;CH0102635031;Gross Return;EUR;132.56;;132.71;131.79;132.71;293;0.7417;3345221992748;25206327782;555465;IT0003506190;7667163;ATL.MI;;ATLANTIA;IT;EUR;Milan;2777;825785115;0.4938;1.0;;;20.2800000;1.0000000;8269630153;8269630153;0.24721;
2014-11-28;SXXGT;ESTX Gross;CH0102635031;Gross Return;EUR;132.56;;132.71;131.79;132.71;293;0.7417;3345221992748;25206327782;417986;ES0116870314;5650422;GAS.MC;;GAS NATURAL SDG;ES;EUR;SIBE;7573;1000689341;0.3556;1.0;;;22.7800000;1.0000000;8106152061;8106152061;0.24232;
2014-11-28;SXXGT;ESTX Gross;CH0102635031;Gross Return;EUR;132.56;;132.71;131.79;132.71;293;0.7417;3345221992748;25206327782;491062;BE0003739530;5596991;UCB.BR;;UCB;BE;EUR;EURONEXT(BE);4577;194505658;0.6588;1.0;;;63.0800000;1.0000000;8083091827;8083091827;0.24163;
2014-11-28;SXXGT;ESTX Gross;CH0102635031;Gross Return;EUR;132.56;;132.71;131.79;132.71;293;0.7417;3345221992748;25206327782;421682;FR0000130007;5975006;ALUA.PA;;ALCATEL LUCENT;FR;EUR;EURONEXT(FR);9578;2814116180;1.0;1.0;;;2.8630000;1.0000000;8056814623;8056814623;0.24085;
2014-11-28;SXXGT;ESTX Gross;CH0102635031;Gross Return;EUR;132.56;;132.71;131.79;132.71;293;0.7417;3345221992748;25206327782;411515;FR0000120503;4002121;BOUY.PA;;BOUYGUES;FR;EUR;EURONEXT(FR);2357;335775099;0.7921;1.0;;;30.2550000;1.0000000;8046845381;8046845381;0.24055;
2014-11-28;SXXGT;ESTX Gross;CH0102635031;Gross Return;EUR;132.56;;132.71;131.79;132.71;293;0.7417;3345221992748;25206327782;480065;IT0001479374;4800659;LUX.MI;;LUXOTTICA;IT;EUR;Milan;3763;480533018;0.3865;1.0;;;43.0000000;1.0000000;7986218473;7986218473;0.23874;
2014-11-28;SXXGT;ESTX Gross;CH0102635031;Gross Return;EUR;132.56;;132.71;131.79;132.71;293;0.7417;3345221992748;25206327782;672716;ES0173093115;5723777;REE.MC;;RED ELECTRICA CORPORATION;ES;EUR;SIBE;7535;135270000;0.8000;1.0;;;73.6700000;1.0000000;7972272720;7972272720;0.23832;
2014-11-28;SXXGT;ESTX Gross;CH0102635031;Gross Return;EUR;132.56;;132.71;131.79;132.71;293;0.7417;3345221992748;25206327782;481830;FR0000121220;7062713;EXHO.PA;;SODEXO;FR;EUR;EURONEXT(FR);5757;157132025;0.6229;1.0;;;81.1200000;1.0000000;7939825883;7939825883;0.23735;
2014-11-28;SXXGT;ESTX Gross;CH0102635031;Gross Return;EUR;132.56;;132.71;131.79;132.71;293;0.7417;3345221992748;25206327782;007560;IE0030606259;3070732;BKIR.I;;BANK OF IRELAND;IE;EUR;XETRA(IE);8355;32363275073;0.7329;1.0;;;0.3300000;1.0000000;7827284619;7827284619;0.23398;
2014-11-28;SXXGT;ESTX Gross;CH0102635031;Gross Return;EUR;132.56;;132.71;131.79;132.71;293;0.7417;3345221992748;25206327782;525288;DE000PSM7770;BCZM1B2;PSMGn.DE;;PROSIEBENSAT.1 MEDIA;DE;EUR;XETRA(DE);5553;218797200;1.0;1.0;;;34.3500000;1.0000000;7515683820;7515683820;0.22467;
2014-11-28;SXXGT;ESTX Gross;CH0102635031;Gross Return;EUR;132.56;;132.71;131.79;132.71;293;0.7417;3345221992748;25206327782;492624;FR0000130338;4937579;VLOF.PA;;VALEO;FR;EUR;EURONEXT(FR);3355;79462540;0.9484;1.0;;;98.9500000;1.0000000;7457096913;7457096913;0.22292;
2014-11-28;SXXGT;ESTX Gross;CH0102635031;Gross Return;EUR;132.56;;132.71;131.79;132.71;293;0.7417;3345221992748;25206327782;B03851;ES0118900010;B038516;FER.MC;;FERROVIAL;ES;EUR;SIBE;2357;739421648;0.5928;1.0;;;16.4800000;1.0000000;7223664441;7223664441;0.21594;
2014-11-28;SXXGT;ESTX Gross;CH0102635031;Gross Return;EUR;132.56;;132.71;131.79;132.71;293;0.7417;3345221992748;25206327782;408930;DE0005200000;5107401;BEIG.DE;;BEIERSDORF;DE;EUR;XETRA(DE);3767;252000000;0.3954;1.0;;;71.5800000;1.0000000;7132288464;7132288464;0.21321;
2014-11-28;SXXGT;ESTX Gross;CH0102635031;Gross Return;EUR;132.56;;132.71;131.79;132.71;293;0.7417;3345221992748;25206327782;497711;NL0000395903;5671519;WLSNc.AS;;WOLTERS KLUWER;NL;EUR;EURONEXT(NL);5557;301896739;1.0;1.0;;;23.5650000;1.0000000;7114196655;7114196655;0.21267;
2014-11-28;SXXGT;ESTX Gross;CH0102635031;Gross Return;EUR;132.56;;132.71;131.79;132.71;293;0.7417;3345221992748;25206327782;505125;FI0009005987;5051252;UPM1V.HE;;UPM KYMMENE;FI;EUR;OMX(FI);1737;532149381;1.0;1.0;;;13.3500000;1.0000000;7104194236;7104194236;0.21237;
2014-11-28;SXXGT;ESTX Gross;CH0102635031;Gross Return;EUR;132.56;;132.71;131.79;132.71;293;0.7417;3345221992748;25206327782;533004;FR0000130650;5330047;DAST.PA;;DASSAULT SYSTEMS;FR;EUR;EURONEXT(FR);9537;255723498;0.5255;1.0;;;52.5700000;1.0000000;7064498434;7064498434;0.21118;
2014-11-28;SXXGT;ESTX Gross;CH0102635031;Gross Return;EUR;132.56;;132.71;131.79;132.71;293;0.7417;3345221992748;25206327782;B0NJJ1;FR0010242511;B0NJJ17;EDF.PA;;EDF;FR;EUR;EURONEXT(FR);7535;1860008468;0.1551;1.0;;;24.0750000;1.0000000;6945332060;6945332060;0.20762;
2014-11-28;SXXGT;ESTX Gross;CH0102635031;Gross Return;EUR;132.56;;132.71;131.79;132.71;293;0.7417;3345221992748;25206327782;411232;FR0000120404;5852842;ACCP.PA;;ACCOR;FR;EUR;EURONEXT(FR);5753;230158771;0.7868;1.0;;;37.9350000;1.0000000;6869608218;6869608218;0.20536;
2014-11-28;SXXGT;ESTX Gross;CH0102635031;Gross Return;EUR;132.56;;132.71;131.79;132.71;293;0.7417;3345221992748;25206327782;EG063;DE000A1DAHH0;B4YVF56;BNRGn.DE;;BRENNTAG;DE;EUR;XETRA(DE);1357;154500000;1.0;1.0;;;44.2900000;1.0000000;6842805000;6842805000;0.20455;
2014-11-28;SXXGT;ESTX Gross;CH0102635031;Gross Return;EUR;132.56;;132.71;131.79;132.71;293;0.7417;3345221992748;25206327782;458260;DE0006602006;4557104;G1AG.DE;;GEA GRP;DE;EUR;XETRA(DE);2757;192495476;0.9212;1.0;;;38.4300000;1.0000000;6814670154;6814670154;0.20371;
2014-11-28;SXXGT;ESTX Gross;CH0102635031;Gross Return;EUR;132.56;;132.71;131.79;132.71;293;0.7417;3345221992748;25206327782;406566;ES0111845014;4065663;ABE.MC;;ABERTIS INFRAESTRUCTURAS;ES;EUR;SIBE;2777;898305043;0.4315;1.0;;;17.2100000;1.0000000;6670916553;6670916553;0.19942;
2014-11-28;SXXGT;ESTX Gross;CH0102635031;Gross Return;EUR;132.56;;132.71;131.79;132.71;293;0.7417;3345221992748;25206327782;528983;AT0000652011;5289837;ERST.VI;;ERSTE GROUP BANK;AT;EUR;XETRA(AT);8355;429800000;0.7070;1.0;;;21.7800000;1.0000000;6618258108;6618258108;0.19784;
2014-11-28;SXXGT;ESTX Gross;CH0102635031;Gross Return;EUR;132.56;;132.71;131.79;132.71;293;0.7417;3345221992748;25206327782;EF2;FR0000124141;4031879;VIE.PA;;VEOLIA ENVIRONNEMENT;FR;EUR;EURONEXT(FR);7577;562301801;0.8001;1.0;;;14.6650000;1.0000000;6597749345;6597749345;0.19723;
2014-11-28;SXXGT;ESTX Gross;CH0102635031;Gross Return;EUR;132.56;;132.71;131.79;132.71;293;0.7417;3345221992748;25206327782;482110;BE0003470755;4821100;SOLB.BR;;SOLVAY;BE;EUR;EURONEXT(BE);1357;84701133;0.6993;1.0;;;110.5000000;1.0000000;6545080971;6545080971;0.19565;
2014-11-28;SXXGT;ESTX Gross;CH0102635031;Gross Return;EUR;132.56;;132.71;131.79;132.71;293;0.7417;3345221992748;25206327782;400169;BE0974264930;B86S2N0;AGES.BR;;AGEAS;NL;EUR;EURONEXT(BE);8575;230996192;0.9476;1.0;;;28.7600000;1.0000000;6295333690;6295333690;0.18819;
2014-11-28;SXXGT;ESTX Gross;CH0102635031;Gross Return;EUR;132.56;;132.71;131.79;132.71;293;0.7417;3345221992748;25206327782;ES1029;ES0113307021;B9FLK44;BKIA.MC;;BANKIA;ES;EUR;SIBE;8355;11517328544;0.3851;1.0;;;1.4100000;1.0000000;6253805743;6253805743;0.18695;
2014-11-28;SXXGT;ESTX Gross;CH0102635031;Gross Return;EUR;132.56;;132.71;131.79;132.71;293;0.7417;3345221992748;25206327782;753851;LU0156801721;7538515;TENR.MI;;TENARIS;IT;EUR;Milan;1757;1180536830;0.3955;1.0;;;13.3000000;1.0000000;6209800803;6209800803;0.18563;
2014-11-28;SXXGT;ESTX Gross;CH0102635031;Gross Return;EUR;132.56;;132.71;131.79;132.71;293;0.7417;3345221992748;25206327782;IT002D;NL0010545661;BDSV2V0;CNHI.MI;;CNH Industrial NV;IT;EUR;Milan;2753;1353050526;0.7288;1.0;;;6.2950000;1.0000000;6207519789;6207519789;0.18556;
2014-11-28;SXXGT;ESTX Gross;CH0102635031;Gross Return;EUR;132.56;;132.71;131.79;132.71;293;0.7417;3345221992748;25206327782;547497;FR0010220475;B0DJ8Q5;ALSO.PA;;ALSTOM;FR;EUR;EURONEXT(FR);2757;309146004;0.7060;1.0;;;28.1250000;1.0000000;6138480347;6138480347;0.18350;
2014-11-28;SXXGT;ESTX Gross;CH0102635031;Gross Return;EUR;132.56;;132.71;131.79;132.71;293;0.7417;3345221992748;25206327782;426211;BE0003562700;4262118;DELB.BR;;DELHAIZE GRP;BE;EUR;EURONEXT(BE);5337;102732803;1.0;1.0;;;58.7900000;1.0000000;6039661488;6039661488;0.18055;
2014-11-28;SXXGT;ESTX Gross;CH0102635031;Gross Return;EUR;132.56;;132.71;131.79;132.71;293;0.7417;3345221992748;25206327782;B1JB4K;DE000SYM9999;B1JB4K8;SY1G.DE;;SYMRISE;DE;EUR;XETRA(DE);1357;129812574;0.9467;1.0;;;48.0650000;1.0000000;5906879154;5906879154;0.17658;
2014-11-28;SXXGT;ESTX Gross;CH0102635031;Gross Return;EUR;132.56;;132.71;131.79;132.71;293;0.7417;3345221992748;25206327782;439155;BE0003797140;7097328;GBLB.BR;;GRP BRUXELLES LAMBERT;BE;EUR;EURONEXT(BE);8775;161358287;0.5000;1.0;;;72.7500000;1.0000000;5869407726;5869407726;0.17546;
2014-11-28;SXXGT;ESTX Gross;CH0102635031;Gross Return;EUR;132.56;;132.71;131.79;132.71;293;0.7417;3345221992748;25206327782;738307;ES0130960018;7383072;ENAG.MC;;ENAGAS;ES;EUR;SIBE;7573;238734260;0.9000;1.0;;;26.9300000;1.0000000;5786202260;5786202260;0.17297;
2014-11-28;SXXGT;ESTX Gross;CH0102635031;Gross Return;EUR;132.56;;132.71;131.79;132.71;293;0.7417;3345221992748;25206327782;487416;FR0000131708;4874160;TECF.PA;;TECHNIP;FR;EUR;EURONEXT(FR);0573;113680256;0.9478;1.0;;;52.3000000;1.0000000;5635123488;5635123488;0.16845;
2014-11-28;SXXGT;ESTX Gross;CH0102635031;Gross Return;EUR;132.56;;132.71;131.79;132.71;293;0.7417;3345221992748;25206327782;533338;ES0167050915;B01FLQ6;ACS.MC;;ACS;ES;EUR;SIBE;2357;318539613;0.6187;1.0;;;28.4150000;1.0000000;5600041242;5600041242;0.16740;
2014-11-28;SXXGT;ESTX Gross;CH0102635031;Gross Return;EUR;132.56;;132.71;131.79;132.71;293;0.7417;3345221992748;25206327782;407205;IT0003487029;7622225;UBI.MI;;UBI BCA;IT;EUR;Milan;8355;901746759;1.0;1.0;;;6.1800000;1.0000000;5572794971;5572794971;0.16659;
2014-11-28;SXXGT;ESTX Gross;CH0102635031;Gross Return;EUR;132.56;;132.71;131.79;132.71;293;0.7417;3345221992748;25206327782;452518;FI0009003727;4525189;WRT1V.HE;;WARTSILA;FI;EUR;OMX(FI);2757;197241130;0.7823;1.0;;;36.0200000;1.0000000;5557948531;5557948531;0.16615;
2014-11-28;SXXGT;ESTX Gross;CH0102635031;Gross Return;EUR;132.56;;132.71;131.79;132.71;293;0.7417;3345221992748;25206327782;B011JK;NL0000400653;B9MS8P5;GTO.AS;;GEMALTO;NL;EUR;EURONEXT(NL);9537;88015844;0.9157;1.0;;;68.3200000;1.0000000;5506326099;5506326099;0.16460;
2014-11-28;SXXGT;ESTX Gross;CH0102635031;Gross Return;EUR;132.56;;132.71;131.79;132.71;293;0.7417;3345221992748;25206327782;B01BN5;IT0003242622;B01BN57;TRN.MI;;TERNA;IT;EUR;Milan;7535;2009992000;0.7015;1.0;;;3.8840000;1.0000000;5476476463;5476476463;0.16371;
2014-11-28;SXXGT;ESTX Gross;CH0102635031;Gross Return;EUR;132.56;;132.71;131.79;132.71;293;0.7417;3345221992748;25206327782;B01SPF;ES0171996012;B01SPF2;GRLS.MC;;GRIFOLS;ES;EUR;SIBE;4573;213064899;0.7037;1.0;;;35.8250000;1.0000000;5371377274;5371377274;0.16057;
2014-11-28;SXXGT;ESTX Gross;CH0102635031;Gross Return;EUR;132.56;;132.71;131.79;132.71;293;0.7417;3345221992748;25206327782;441920;NL0000008977;B0CCH46;HEIO.AS;;HEINEKEN HLDG;NL;EUR;EURONEXT(NL);3533;288030168;0.3335;1.0;;;54.9900000;1.0000000;5282232774;5282232774;0.15790;
2014-11-28;SXXGT;ESTX Gross;CH0102635031;Gross Return;EUR;132.56;;132.71;131.79;132.71;293;0.7417;3345221992748;25206327782;DE107Z;DE000A0HN5C6;B0YZ0Z5;DWNG.DE;;DEUTSCHE WOHNEN;DE;EUR;XETRA(DE);8633;286216731;0.9452;1.0;;;19.3050000;1.0000000;5222621302;5222621302;0.15612;
2014-11-28;SXXGT;ESTX Gross;CH0102635031;Gross Return;EUR;132.56;;132.71;131.79;132.71;293;0.7417;3345221992748;25206327782;499058;FR0000125684;7294334;ZODC.PA;;ZODIAC AEROSPACE;FR;EUR;EURONEXT(FR);2713;288151220;0.6738;1.0;;;26.6500000;1.0000000;5174265182;5174265182;0.15468;
2014-11-28;SXXGT;ESTX Gross;CH0102635031;Gross Return;EUR;132.56;;132.71;131.79;132.71;293;0.7417;3345221992748;25206327782;424245;FR0000120685;B1HDJL2;CNAT.PA;;NATIXIS;FR;EUR;EURONEXT(FR);8355;3116507621;0.2816;1.0;;;5.6820000;1.0000000;4986571758;4986571758;0.14907;
2014-11-28;SXXGT;ESTX Gross;CH0102635031;Gross Return;EUR;132.56;;132.71;131.79;132.71;293;0.7417;3345221992748;25206327782;EF024;FR0010533075;B292JQ9;GETP.PA;;GRP EUROTUNNEL;FR;EUR;EURONEXT(FR);2775;550000000;0.8449;1.0;;;10.3950000;1.0000000;4830504525;4830504525;0.14440;
2014-11-28;SXXGT;ESTX Gross;CH0102635031;Gross Return;EUR;132.56;;132.71;131.79;132.71;293;0.7417;3345221992748;25206327782;472370;NL0000379121;5228658;RAND.AS;;RANDSTAD;NL;EUR;EURONEXT(NL);2793;180109671;0.6723;1.0;;;39.6850000;1.0000000;4805366644;4805366644;0.14365;
2014-11-28;SXXGT;ESTX Gross;CH0102635031;Gross Return;EUR;132.56;;132.71;131.79;132.71;293;0.7417;3345221992748;25206327782;EF025;FR0010613471;B3B8D04;SEVI.PA;;SUEZ ENVIRONNEMENT;FR;EUR;EURONEXT(FR);7577;518233829;0.6432;1.0;;;14.2600000;1.0000000;4753257266;4753257266;0.14209;
2014-11-28;SXXGT;ESTX Gross;CH0102635031;Gross Return;EUR;132.56;;132.71;131.79;132.71;293;0.7417;3345221992748;25206327782;775943;FR0004035913;7759435;ILD.PA;;ILIAD;FR;EUR;EURONEXT(FR);9535;58076797;0.4137;1.0;;;197.5000000;1.0000000;4745208273;4745208273;0.14185;
2014-11-28;SXXGT;ESTX Gross;CH0102635031;Gross Return;EUR;132.56;;132.71;131.79;132.71;293;0.7417;3345221992748;25206327782;EF031;FR0010908533;B62G1B5;EDEN.PA;;EDENRED;FR;EUR;EURONEXT(FR);2795;228811546;0.8871;1.0;;;23.1900000;1.0000000;4707076563;4707076563;0.14071;
2014-11-28;SXXGT;ESTX Gross;CH0102635031;Gross Return;EUR;132.56;;132.71;131.79;132.71;293;0.7417;3345221992748;25206327782;407141;ES0113679I37;5474008;BKT.MC;;BANKINTER;ES;EUR;SIBE;8355;898866154;0.7194;1.0;;;7.2070000;1.0000000;4660365549;4660365549;0.13931;
2014-11-28;SXXGT;ESTX Gross;CH0102635031;Gross Return;EUR;132.56;;132.71;131.79;132.71;293;0.7417;3345221992748;25206327782;468382;FR0000121501;7103526;PEUP.PA;;PEUGEOT;FR;EUR;EURONEXT(FR);3353;783088679;0.5761;1.0;;;10.3000000;1.0000000;4646715096;4646715096;0.13891;
2014-11-28;SXXGT;ESTX Gross;CH0102635031;Gross Return;EUR;132.56;;132.71;131.79;132.71;293;0.7417;3345221992748;25206327782;573282;NL0000240000;5732825;QGEN.DE;;QIAGEN;NL;EUR;XETRA(DE);4573;239727359;1.0;1.0;;;19.2150000;1.0000000;4606361203;4606361203;0.13770;
2014-11-28;SXXGT;ESTX Gross;CH0102635031;Gross Return;EUR;132.56;;132.71;131.79;132.71;293;0.7417;3345221992748;25206327782;417841;FR0000125585;4178419;CASP.PA;;CASINO GUICHARD;FR;EUR;EURONEXT(FR);5337;113106003;0.5159;1.0;;;77.4900000;1.0000000;4521648979;4521648979;0.13517;
2014-11-28;SXXGT;ESTX Gross;CH0102635031;Gross Return;EUR;132.56;;132.71;131.79;132.71;293;0.7417;3345221992748;25206327782;565478;FR0000051732;5654781;ATOS.PA;;ATOS;FR;EUR;EURONEXT(FR);9533;100960770;0.7800;1.0;;;57.1300000;1.0000000;4498953279;4498953279;0.13449;
2014-11-28;SXXGT;ESTX Gross;CH0102635031;Gross Return;EUR;132.56;;132.71;131.79;132.71;293;0.7417;3345221992748;25206327782;479736;FR0010411983;B1LB9P6;SCOR.PA;;SCOR;FR;EUR;EURONEXT(FR);8538;191980457;0.9219;1.0;;;25.0900000;1.0000000;4440598385;4440598385;0.13274;
2014-11-28;SXXGT;ESTX Gross;CH0102635031;Gross Return;EUR;132.56;;132.71;131.79;132.71;293;0.7417;3345221992748;25206327782;LU401K;LU1014539529;BJ3VXS1;ATCE.AS;;ALTICE SA;LU;EUR;EURONEXT(NL);6535;247722490;0.3313;1.0;;;54.1000000;1.0000000;4440011940;4440011940;0.13273;
2014-11-28;SXXGT;ESTX Gross;CH0102635031;Gross Return;EUR;132.56;;132.71;131.79;132.71;293;0.7417;3345221992748;25206327782;B00D9P;BE0003810273;B00D9P6;BCOM.BR;;BELGACOM;BE;EUR;EURONEXT(BE);6535;338025135;0.4114;1.0;;;31.7450000;1.0000000;4414572109;4414572109;0.13197;
2014-11-28;SXXGT;ESTX Gross;CH0102635031;Gross Return;EUR;132.56;;132.71;131.79;132.71;293;0.7417;3345221992748;25206327782;B1RR84;IE00B1RR8406;B1RR828;SKG.I;;SMURFIT KAPPA GRP;IE;EUR;XETRA(IE);2723;231525095;1.0;1.0;;;18.6300000;1.0000000;4313312520;4313312520;0.12894;
2014-11-28;SXXGT;ESTX Gross;CH0102635031;Gross Return;EUR;132.56;;132.71;131.79;132.71;293;0.7417;3345221992748;25206327782;451180;DE0008402215;4511809;HNRGn.DE;;HANNOVER RUECK;DE;EUR;XETRA(DE);8538;120597134;0.4978;1.0;;;71.7600000;1.0000000;4307986235;4307986235;0.12878;
2014-11-28;SXXGT;ESTX Gross;CH0102635031;Gross Return;EUR;132.56;;132.71;131.79;132.71;293;0.7417;3345221992748;25206327782;576162;DE000KSAG888;B54C017;SDFGn.DE;;K + S;DE;EUR;XETRA(DE);1357;191400000;0.9295;1.0;;;24.1350000;1.0000000;4293768551;4293768551;0.12836;
2014-11-28;SXXGT;ESTX Gross;CH0102635031;Gross Return;EUR;132.56;;132.71;131.79;132.71;293;0.7417;3345221992748;25206327782;457481;IT0000062957;4574813;MDBI.MI;;MEDIOBANCA;IT;EUR;Milan;8355;861406712;0.6894;1.0;;;7.2000000;1.0000000;4275747266;4275747266;0.12782;
2014-11-28;SXXGT;ESTX Gross;CH0102635031;Gross Return;EUR;132.56;;132.71;131.79;132.71;293;0.7417;3345221992748;25206327782;416279;FR0000121329;4162791;TCFP.PA;;THALES;FR;EUR;EURONEXT(FR);2717;206828360;0.4831;1.0;;;42.6700000;1.0000000;4263534385;4263534385;0.12745;
2014-11-28;SXXGT;ESTX Gross;CH0102635031;Gross Return;EUR;132.56;;132.71;131.79;132.71;293;0.7417;3345221992748;25206327782;419689;FR0000125346;4196897;INGC.PA;;INGENICO;FR;EUR;EURONEXT(FR);9572;54543591;0.8975;1.0;;;86.8800000;1.0000000;4253025606;4253025606;0.12714;
2014-11-28;SXXGT;ESTX Gross;CH0102635031;Gross Return;EUR;132.56;;132.71;131.79;132.71;293;0.7417;3345221992748;25206327782;B28DTJ;FR0006174348;B28DTJ6;BVI.PA;;BUREAU VERITAS;FR;EUR;EURONEXT(FR);2791;442042001;0.4906;1.0;;;19.1850000;1.0000000;4160570488;4160570488;0.12437;
2014-11-28;SXXGT;ESTX Gross;CH0102635031;Gross Return;EUR;132.56;;132.71;131.79;132.71;293;0.7417;3345221992748;25206327782;B1VP0K;FR0010451203;B1VP0K0;RXL.PA;;REXEL;FR;EUR;EURONEXT(FR);2733;293494676;0.9297;1.0;;;14.8900000;1.0000000;4062915180;4062915180;0.12145;
2014-11-28;SXXGT;ESTX Gross;CH0102635031;Gross Return;EUR;132.56;;132.71;131.79;132.71;293;0.7417;3345221992748;25206327782;507267;FI0009005961;5072673;STERV.HE;;STORA ENSO R;FI;EUR;OMX(FI);1737;611563783;0.9322;1.0;;;7.1250000;1.0000000;4061960783;4061960783;0.12143;
2014-11-28;SXXGT;ESTX Gross;CH0102635031;Gross Return;EUR;132.56;;132.71;131.79;132.71;293;0.7417;3345221992748;25206327782;737826;IT0005002883;BKJ9QS7;BAPO.MI;;BCO POPOLARE;IT;EUR;Milan;8355;362179606;1.0;1.0;;;11.0900000;1.0000000;4016571831;4016571831;0.12007;
2014-11-28;SXXGT;ESTX Gross;CH0102635031;Gross Return;EUR;132.56;;132.71;131.79;132.71;293;0.7417;3345221992748;25206327782;504141;DE0007257503;5041413;MEOG.DE;;METRO;DE;EUR;XETRA(DE);5337;324109563;0.4512;1.0;;;27.3100000;1.0000000;3993766198;3993766198;0.11939;
2014-11-28;SXXGT;ESTX Gross;CH0102635031;Gross Return;EUR;132.56;;132.71;131.79;132.71;293;0.7417;3345221992748;25206327782;750892;DE0007472060;7508927;WDIG.DE;;WIRECARD;DE;EUR;XETRA(DE);2795;123490586;0.9473;1.0;;;34.1300000;1.0000000;3992617230;3992617230;0.11935;
2014-11-28;SXXGT;ESTX Gross;CH0102635031;Gross Return;EUR;132.56;;132.71;131.79;132.71;293;0.7417;3345221992748;25206327782;477670;NL0000226223;5962343;STM.MI;;STMICROELECTRONICS;IT;EUR;Milan;9576;910741805;0.7247;1.0;;;6.0450000;1.0000000;3989788172;3989788172;0.11927;
2014-11-28;SXXGT;ESTX Gross;CH0102635031;Gross Return;EUR;132.56;;132.71;131.79;132.71;293;0.7417;3345221992748;25206327782;435413;DE0005089031;4354134;UTDI.DE;;UNITED INTERNET;DE;EUR;XETRA(DE);9535;194000000;0.5773;1.0;;;35.4250000;1.0000000;3967465385;3967465385;0.11860;
2014-11-28;SXXGT;ESTX Gross;CH0102635031;Gross Return;EUR;132.56;;132.71;131.79;132.71;293;0.7417;3345221992748;25206327782;B0M7KJ;FR0010221234;B0M7KJ7;ETL.PA;;EUTELSAT COMMUNICATION;FR;EUR;EURONEXT(FR);5553;220113982;0.6732;1.0;;;26.5950000;1.0000000;3940866594;3940866594;0.11781;
2014-11-28;SXXGT;ESTX Gross;CH0102635031;Gross Return;EUR;132.56;;132.71;131.79;132.71;293;0.7417;3345221992748;25206327782;439180;FR0010040865;7742468;GFCP.PA;;GECINA;FR;EUR;EURONEXT(FR);8671;63025766;0.5676;1.0;;;108.7500000;1.0000000;3890359969;3890359969;0.11630;
2014-11-28;SXXGT;ESTX Gross;CH0102635031;Gross Return;EUR;132.56;;132.71;131.79;132.71;293;0.7417;3345221992748;25206327782;B1FW75;PTGAL0AM0009;B1FW751;GALP.LS;;GALP ENERGIA;PT;EUR;EURONEXT(PT);0537;829250635;0.4666;1.0;;;9.8000000;1.0000000;3791897791;3791897791;0.11335;
2014-11-28;SXXGT;ESTX Gross;CH0102635031;Gross Return;EUR;132.56;;132.71;131.79;132.71;293;0.7417;3345221992748;25206327782;B0Z5YZ;FR0010313833;B0Z5YZ2;AKE.PA;;ARKEMA;FR;EUR;EURONEXT(FR);1353;72595651;0.9400;1.0;;;54.7200000;1.0000000;3734087985;3734087985;0.11162;
2014-11-28;SXXGT;ESTX Gross;CH0102635031;Gross Return;EUR;132.56;;132.71;131.79;132.71;293;0.7417;3345221992748;25206327782;572670;DE000A1PHFF7;B88MHC4;BOSSn.DE;;HUGO BOSS;DE;EUR;XETRA(DE);3763;70400000;0.5000;1.0;;;105.9000000;1.0000000;3727680000;3727680000;0.11143;
2014-11-28;SXXGT;ESTX Gross;CH0102635031;Gross Return;EUR;132.56;;132.71;131.79;132.71;293;0.7417;3345221992748;25206327782;B09DHL;DE000A0D9PT0;B09DHL9;MTXGn.DE;;MTU AERO ENGINES;DE;EUR;XETRA(DE);2713;52000000;1.0;1.0;;;71.6700000;1.0000000;3726840000;3726840000;0.11141;
2014-11-28;SXXGT;ESTX Gross;CH0102635031;Gross Return;EUR;132.56;;132.71;131.79;132.71;293;0.7417;3345221992748;25206327782;B05M8B;DE0005470405;B05M8B7;LXSG.DE;;LANXESS;DE;EUR;XETRA(DE);1357;91522936;1.0;1.0;;;39.9350000;1.0000000;3654968449;3654968449;0.10926;
2014-11-28;SXXGT;ESTX Gross;CH0102635031;Gross Return;EUR;132.56;;132.71;131.79;132.71;293;0.7417;3345221992748;25206327782;411376;NL0000852580;B1XF882;BOSN.AS;;BOSKALIS WESTMINSTER;NL;EUR;EURONEXT(NL);2357;122937820;0.6572;1.0;;;45.1250000;1.0000000;3645862417;3645862417;0.10899;
2014-11-28;SXXGT;ESTX Gross;CH0102635031;Gross Return;EUR;132.56;;132.71;131.79;132.71;293;0.7417;3345221992748;25206327782;468980;IT0004623051;4689803;PECI.MI;;PIRELLI & C.;IT;EUR;Milan;3357;475740182;0.6683;1.0;;;11.4100000;1.0000000;3627663041;3627663041;0.10844;
2014-11-28;SXXGT;ESTX Gross;CH0102635031;Gross Return;EUR;132.56;;132.71;131.79;132.71;293;0.7417;3345221992748;25206327782;EH014;NL0009294552;B574ZG0;DLL.AS;;DELTA LLOYD;NL;EUR;EURONEXT(NL);8575;196043960;1.0;1.0;;;18.4850000;1.0000000;3623872601;3623872601;0.10833;
2014-11-28;SXXGT;ESTX Gross;CH0102635031;Gross Return;EUR;132.56;;132.71;131.79;132.71;293;0.7417;3345221992748;25206327782;407026;PTBCP0AM0007;5812493;BCP.LS;;BCO COMERCIAL PORTUGUES;PT;EUR;EURONEXT(PT);8355;54194710182;0.8056;1.0;;;0.0830000;1.0000000;3623718457;3623718457;0.10833;
2014-11-28;SXXGT;ESTX Gross;CH0102635031;Gross Return;EUR;132.56;;132.71;131.79;132.71;293;0.7417;3345221992748;25206327782;494340;AT0000937503;4943402;VOES.VI;;VOESTALPINE;AT;EUR;XETRA(AT);1757;172449163;0.6274;1.0;;;33.4000000;1.0000000;3613699807;3613699807;0.10803;
2014-11-28;SXXGT;ESTX Gross;CH0102635031;Gross Return;EUR;132.56;;132.71;131.79;132.71;293;0.7417;3345221992748;25206327782;556582;FR0000121964;7582556;LOIM.PA;;KLEPIERRE;FR;EUR;EURONEXT(FR);8672;199470340;0.4980;1.0;;;36.0900000;1.0000000;3585044505;3585044505;0.10717;
2014-11-28;SXXGT;ESTX Gross;CH0102635031;Gross Return;EUR;132.56;;132.71;131.79;132.71;293;0.7417;3345221992748;25206327782;400500;BE0003884047;4005001;UMI.BR;;UMICORE;BE;EUR;EURONEXT(BE);1357;120000000;0.9087;1.0;;;32.7000000;1.0000000;3565738800;3565738800;0.10659;
2014-11-28;SXXGT;ESTX Gross;CH0102635031;Gross Return;EUR;132.56;;132.71;131.79;132.71;293;0.7417;3345221992748;25206327782;570151;FI0009007884;5701513;ELI1V.HE;;ELISA CORPORATION;FI;EUR;OMX(FI);6535;167335073;0.8996;1.0;;;23.3200000;1.0000000;3510467618;3510467618;0.10494;
2014-11-28;SXXGT;ESTX Gross;CH0102635031;Gross Return;EUR;132.56;;132.71;131.79;132.71;293;0.7417;3345221992748;25206327782;445573;IT0001353140;B06HZC1;EXOR.MI;;EXOR;IT;EUR;Milan;8775;246229850;0.3891;1.0;;;35.8000000;1.0000000;3429927653;3429927653;0.10253;
2014-11-28;SXXGT;ESTX Gross;CH0102635031;Gross Return;EUR;132.56;;132.71;131.79;132.71;293;0.7417;3345221992748;25206327782;569954;IT0004984842;BM7SBM9;BMPS.MI;;BCA MONTE DEI PASCHI DI SIENA;IT;EUR;Milan;8355;5116514388;1.0;1.0;;;0.6490000;1.0000000;3320617838;3320617838;0.09926;
2014-11-28;SXXGT;ESTX Gross;CH0102635031;Gross Return;EUR;132.56;;132.71;131.79;132.71;293;0.7417;3345221992748;25206327782;465145;AT0000743059;4651459;OMVV.VI;;OMV;AT;EUR;XETRA(AT);0537;327272727;0.4360;1.0;;;23.2600000;1.0000000;3318990543;3318990543;0.09922;
2014-11-28;SXXGT;ESTX Gross;CH0102635031;Gross Return;EUR;132.56;;132.71;131.79;132.71;293;0.7417;3345221992748;25206327782;453770;DE0008232125;5287488;LHAG.DE;;LUFTHANSA;DE;EUR;XETRA(DE);5751;461075000;0.5011;1.0;;;14.3550000;1.0000000;3316646424;3316646424;0.09915;
2014-11-28;SXXGT;ESTX Gross;CH0102635031;Gross Return;EUR;132.56;;132.71;131.79;132.71;293;0.7417;3345221992748;25206327782;ES1018;ES0126775032;B55ZR92;DIDA.MC;;DISTRIBUIDORA INT ALIMENTACION;ES;EUR;SIBE;5337;651070558;0.9100;1.0;;;5.5900000;1.0000000;3311930823;3311930823;0.09900;
2014-11-28;SXXGT;ESTX Gross;CH0102635031;Gross Return;EUR;132.56;;132.71;131.79;132.71;293;0.7417;3345221992748;25206327782;B164FY;FR0010340141;B164FY1;ADP.PA;;ADP;FR;EUR;EURONEXT(FR);2777;98960602;0.3337;1.0;;;98.6900000;1.0000000;3259054970;3259054970;0.09742;
2014-11-28;SXXGT;ESTX Gross;CH0102635031;Gross Return;EUR;132.56;;132.71;131.79;132.71;293;0.7417;3345221992748;25206327782;599933;FR0000051807;5999330;ROCH.PA;;TELEPERFORMANCE;FR;EUR;EURONEXT(FR);2791;57201690;1.0;1.0;;;56.1500000;1.0000000;3211874894;3211874894;0.09601;
2014-11-28;SXXGT;ESTX Gross;CH0102635031;Gross Return;EUR;132.56;;132.71;131.79;132.71;293;0.7417;3345221992748;25206327782;439830;DE0005937007;5563520;MANG.DE;;MAN;DE;EUR;XETRA(DE);2753;140974350;0.2474;1.0;;;91.6500000;1.0000000;3196481999;3196481999;0.09555;
2014-11-28;SXXGT;ESTX Gross;CH0102635031;Gross Return;EUR;132.56;;132.71;131.79;132.71;293;0.7417;3345221992748;25206327782;492644;FR0000120354;B197DR6;VLLP.PA;;VALLOUREC;FR;EUR;EURONEXT(FR);2757;128678016;0.9286;1.0;;;26.6650000;1.0000000;3186211676;3186211676;0.09525;
2014-11-28;SXXGT;ESTX Gross;CH0102635031;Gross Return;EUR;132.56;;132.71;131.79;132.71;293;0.7417;3345221992748;25206327782;437915;IT0003856405;B0DJNG0;SIFI.MI;;FINMECCANICA;IT;EUR;Milan;2717;578150395;0.6980;1.0;;;7.8000000;1.0000000;3147682013;3147682013;0.09409;
2014-11-28;SXXGT;ESTX Gross;CH0102635031;Gross Return;EUR;132.56;;132.71;131.79;132.71;293;0.7417;3345221992748;25206327782;714131;AT0000730007;B1WVF68;ANDR.VI;;ANDRITZ;AT;EUR;XETRA(AT);2757;104000000;0.6928;1.0;;;43.4600000;1.0000000;3131345152;3131345152;0.09361;
2014-11-28;SXXGT;ESTX Gross;CH0102635031;Gross Return;EUR;132.56;;132.71;131.79;132.71;293;0.7417;3345221992748;25206327782;582300;DE000A0Z2ZZ5;B1SK0S6;FNTGn.DE;;FREENET;DE;EUR;XETRA(DE);6575;128061016;1.0;1.0;;;23.7450000;1.0000000;3040808825;3040808825;0.09090;
2014-11-28;SXXGT;ESTX Gross;CH0102635031;Gross Return;EUR;132.56;;132.71;131.79;132.71;293;0.7417;3345221992748;25206327782;464327;FI0009005318;B07G378;NRE1V.HE;;NOKIAN RENKAAT;FI;EUR;OMX(FI);3357;133405611;1.0;1.0;;;22.7100000;1.0000000;3029641426;3029641426;0.09057;
2014-11-28;SXXGT;ESTX Gross;CH0102635031;Gross Return;EUR;132.56;;132.71;131.79;132.71;293;0.7417;3345221992748;25206327782;406149;LU0061462528;B1BK209;RRTL.DE;;RTL GRP;LU;EUR;XETRA(DE);5553;154787554;0.2490;1.0;;;77.4400000;1.0000000;2984700301;2984700301;0.08922;
2014-11-28;SXXGT;ESTX Gross;CH0102635031;Gross Return;EUR;132.56;;132.71;131.79;132.71;293;0.7417;3345221992748;25206327782;IT001C;IT0004618465;B4TWTW9;EGPW.MI;;ENEL GREEN POWER;IT;EUR;Milan;7537;5000000000;0.3083;1.0;;;1.9350000;1.0000000;2982802500;2982802500;0.08917;
2014-11-28;SXXGT;ESTX Gross;CH0102635031;Gross Return;EUR;132.56;;132.71;131.79;132.71;293;0.7417;3345221992748;25206327782;588171;FR0000121204;7390113;MWDP.PA;;WENDEL;FR;EUR;EURONEXT(FR);8775;48764731;0.6430;1.0;;;94.7500000;1.0000000;2970954660;2970954660;0.08881;
2014-11-28;SXXGT;ESTX Gross;CH0102635031;Gross Return;EUR;132.56;;132.71;131.79;132.71;293;0.7417;3345221992748;25206327782;538755;ES0124244E34;B1G40S0;MAP.MC;;MAPFRE;ES;EUR;SIBE;8532;3079553273;0.3228;1.0;;;2.9510000;1.0000000;2933529481;2933529481;0.08769;
2014-11-28;SXXGT;ESTX Gross;CH0102635031;Gross Return;EUR;132.56;;132.71;131.79;132.71;293;0.7417;3345221992748;25206327782;DE301V;DE000LEG1110;B9G6L89;LEGn.DE;;LEG IMMOBILIEN;DE;EUR;XETRA(DE);8633;52963444;0.9228;1.0;;;59.6800000;1.0000000;2916840067;2916840067;0.08719;
2014-11-28;SXXGT;ESTX Gross;CH0102635031;Gross Return;EUR;132.56;;132.71;131.79;132.71;293;0.7417;3345221992748;25206327782;B1W4V6;IT0004176001;B1W4V69;PRY.MI;;PRYSMIAN;IT;EUR;Milan;2733;214591710;0.9380;1.0;;;14.4500000;1.0000000;2908597497;2908597497;0.08695;
2014-11-28;SXXGT;ESTX Gross;CH0102635031;Gross Return;EUR;132.56;;132.71;131.79;132.71;293;0.7417;3345221992748;25206327782;936469;FR0000130452;B13X013;FOUG.PA;;EIFFAGE;FR;EUR;EURONEXT(FR);2357;92271466;0.8053;1.0;;;39.1350000;1.0000000;2907973607;2907973607;0.08693;
2014-11-28;SXXGT;ESTX Gross;CH0102635031;Gross Return;EUR;132.56;;132.71;131.79;132.71;293;0.7417;3345221992748;25206327782;897320;NL0010395208;B8Y6CF8;NUO.AS;;NUTRECO;NL;EUR;EURONEXT(NL);3573;70237364;0.9003;1.0;;;45.9850000;1.0000000;2907847634;2907847634;0.08693;
2014-11-28;SXXGT;ESTX Gross;CH0102635031;Gross Return;EUR;132.56;;132.71;131.79;132.71;293;0.7417;3345221992748;25206327782;DE3071;DE000LED4000;B923935;OSRn.DE;;OSRAM LICHT;DE;EUR;XETRA(DE);3722;104689400;0.8300;1.0;;;33.4000000;1.0000000;2902199547;2902199547;0.08676;
2014-11-28;SXXGT;ESTX Gross;CH0102635031;Gross Return;EUR;132.56;;132.71;131.79;132.71;293;0.7417;3345221992748;25206327782;462595;GRS003003019;BB36BJ7;NBGr.AT;;NATIONAL BANK OF GREECE;GR;EUR;Athens;8355;3533149631;0.4275;1.0;;;1.9200000;1.0000000;2900009217;2900009217;0.08669;
2014-11-28;SXXGT;ESTX Gross;CH0102635031;Gross Return;EUR;132.56;;132.71;131.79;132.71;293;0.7417;3345221992748;25206327782;476876;IT0000068525;4768768;SPMI.MI;;SAIPEM;IT;EUR;Milan;0573;441300104;0.5707;1.0;;;11.5100000;1.0000000;2898793143;2898793143;0.08665;
2014-11-28;SXXGT;ESTX Gross;CH0102635031;Gross Return;EUR;132.56;;132.71;131.79;132.71;293;0.7417;3345221992748;25206327782;409590;FR0000120966;5298781;BICP.PA;;BIC;FR;EUR;EURONEXT(FR);3724;47600289;0.5610;1.0;;;107.2000000;1.0000000;2862643286;2862643286;0.08557;
2014-11-28;SXXGT;ESTX Gross;CH0102635031;Gross Return;EUR;132.56;;132.71;131.79;132.71;293;0.7417;3345221992748;25206327782;492928;NL0000288967;4929286;COR.AS;;CORIO;NL;EUR;EURONEXT(NL);8672;100776951;0.6942;1.0;;;40.6850000;1.0000000;2846296521;2846296521;0.08509;
2014-11-28;SXXGT;ESTX Gross;CH0102635031;Gross Return;EUR;132.56;;132.71;131.79;132.71;293;0.7417;3345221992748;25206327782;025881;IE0002588105;4828974;PAP.I;;PADDY POWER;IE;EUR;XETRA(IE);5752;49300067;0.9217;1.0;;;62.0000000;1.0000000;2817272064;2817272064;0.08422;
2014-11-28;SXXGT;ESTX Gross;CH0102635031;Gross Return;EUR;132.56;;132.71;131.79;132.71;293;0.7417;3345221992748;25206327782;571342;FI0009007835;5713422;MEO1V.HE;;METSO;FI;EUR;OMX(FI);2757;150348256;0.7451;1.0;;;24.9300000;1.0000000;2792770436;2792770436;0.08349;
2014-11-28;SXXGT;ESTX Gross;CH0102635031;Gross Return;EUR;132.56;;132.71;131.79;132.71;293;0.7417;3345221992748;25206327782;GB10F6;GB00B5TMSP21;B5TMSP2;JAZ.MC;;JAZZTEL;ES;EUR;SIBE;6535;256440832;0.8480;1.0;;;12.8000000;1.0000000;2783511373;2783511373;0.08321;
2014-11-28;SXXGT;ESTX Gross;CH0102635031;Gross Return;EUR;132.56;;132.71;131.79;132.71;293;0.7417;3345221992748;25206327782;462220;FI0009014377;B17NY40;ORNBV.HE;;ORION B;FI;EUR;OMX(FI);4577;99885012;1.0;1.0;;;27.5800000;1.0000000;2754828631;2754828631;0.08235;
2014-11-28;SXXGT;ESTX Gross;CH0102635031;Gross Return;EUR;132.56;;132.71;131.79;132.71;293;0.7417;3345221992748;25206327782;411609;IT0000066123;4116099;EMII.MI;;BCA POPOLARE EMILIA ROMAGNA;IT;EUR;Milan;8355;479677993;1.0;1.0;;;5.7000000;1.0000000;2734164560;2734164560;0.08173;
2014-11-28;SXXGT;ESTX Gross;CH0102635031;Gross Return;EUR;132.56;;132.71;131.79;132.71;293;0.7417;3345221992748;25206327782;470170;DE000TUAG000;5666292;TUIGn.DE;;TUI;DE;EUR;XETRA(DE);5759;281076004;0.6947;1.0;;;13.7300000;1.0000000;2680967855;2680967855;0.08014;
2014-11-28;SXXGT;ESTX Gross;CH0102635031;Gross Return;EUR;132.56;;132.71;131.79;132.71;293;0.7417;3345221992748;25206327782;B0662J;DE000SKYD000;B0662J4;SKYDn.DE;;SKY DEUTSCHLAND;DE;EUR;XETRA(DE);5553;877200755;0.4517;1.0;;;6.6390000;1.0000000;2630581466;2630581466;0.07864;
2014-11-28;SXXGT;ESTX Gross;CH0102635031;Gross Return;EUR;132.56;;132.71;131.79;132.71;293;0.7417;3345221992748;25206327782;B18S76;ES0115056139;B18S767;BME.MC;;BOLSAS Y MERCADOS ESPANOLES;ES;EUR;SIBE;8777;83615558;0.9481;1.0;;;33.1300000;1.0000000;2626410931;2626410931;0.07851;
2014-11-28;SXXGT;ESTX Gross;CH0102635031;Gross Return;EUR;132.56;;132.71;131.79;132.71;293;0.7417;3345221992748;25206327782;NL301C;NL0010558797;BD4TZK8;OCI.AS;;OCI;NL;EUR;EURONEXT(NL);2357;210712004;0.4312;1.0;;;28.8350000;1.0000000;2619919726;2619919726;0.07832;
2014-11-28;SXXGT;ESTX Gross;CH0102635031;Gross Return;EUR;132.56;;132.71;131.79;132.71;293;0.7417;3345221992748;25206327782;NL101A;NL0009739424;B3Y0JD2;TNTE.AS;;TNT EXPRESS;NL;EUR;EURONEXT(NL);2771;548208226;0.8528;1.0;;;5.4200000;1.0000000;2533914905;2533914905;0.07575;
2014-11-28;SXXGT;ESTX Gross;CH0102635031;Gross Return;EUR;132.56;;132.71;131.79;132.71;293;0.7417;3345221992748;25206327782;XXXXX3;FI0009013296;B06YV46;NES1V.HE;;NESTE OIL;FI;EUR;OMX(FI);0537;256403686;0.4990;1.0;;;19.0800000;1.0000000;2441198976;2441198976;0.07298;
2014-11-28;SXXGT;ESTX Gross;CH0102635031;Gross Return;EUR;132.56;;132.71;131.79;132.71;293;0.7417;3345221992748;25206327782;412267;GRS014003008;BBFL4S0;BOPr.AT;;PIRAEUS BANK;GR;EUR;Athens;8355;6101979715;0.3270;1.0;;;1.2200000;1.0000000;2434323788;2434323788;0.07277;
2014-11-28;SXXGT;ESTX Gross;CH0102635031;Gross Return;EUR;132.56;;132.71;131.79;132.71;293;0.7417;3345221992748;25206327782;505160;GRS260333000;5051605;OTEr.AT;;OTE;GR;EUR;Athens;6535;490150389;0.5000;1.0;;;9.8500000;1.0000000;2413990671;2413990671;0.07216;
2014-11-28;SXXGT;ESTX Gross;CH0102635031;Gross Return;EUR;132.56;;132.71;131.79;132.71;293;0.7417;3345221992748;25206327782;407216;IT0000064482;4072168;PMII.MI;;BCA POPOLARE DI MILANO;IT;EUR;Milan;8355;4391784467;0.9298;1.0;;;0.5880000;1.0000000;2401086944;2401086944;0.07178;
2014-11-28;SXXGT;ESTX Gross;CH0102635031;Gross Return;EUR;132.56;;132.71;131.79;132.71;293;0.7417;3345221992748;25206327782;457270;FR0000039299;4572709;BOLL.PA;;BOLLORE;FR;EUR;EURONEXT(FR);2777;27414288;0.2206;1.0;;;397.0000000;1.0000000;2400894024;2400894024;0.07177;
2014-11-28;SXXGT;ESTX Gross;CH0102635031;Gross Return;EUR;132.56;;132.71;131.79;132.71;293;0.7417;3345221992748;25206327782;465975;NL0009432491;5809428;VOPA.AS;;VOPAK;NL;EUR;EURONEXT(NL);2773;127835368;0.4648;1.0;;;40.4000000;1.0000000;2400482312;2400482312;0.07176;
2014-11-28;SXXGT;ESTX Gross;CH0102635031;Gross Return;EUR;132.56;;132.71;131.79;132.71;293;0.7417;3345221992748;25206327782;565431;GRS323003004;BBL58B7;EURBr.AT;;EUROBANK ERGASIAS;GR;EUR;Athens;8355;14707876542;0.6459;1.0;;;0.2490000;1.0000000;2365454547;2365454547;0.07071;
2014-11-28;SXXGT;ESTX Gross;CH0102635031;Gross Return;EUR;132.56;;132.71;131.79;132.71;293;0.7417;3345221992748;25206327782;454721;FR0000130213;4547213;LAGA.PA;;LAGARDERE;FR;EUR;EURONEXT(FR);5557;131133286;0.7787;1.0;;;22.8000000;1.0000000;2328187572;2328187572;0.06960;
2014-11-28;SXXGT;ESTX Gross;CH0102635031;Gross Return;EUR;132.56;;132.71;131.79;132.71;293;0.7417;3345221992748;25206327782;441842;FR0000052292;5253973;HRMS.PA;;HERMES INTERNATIONAL;FR;EUR;EURONEXT(FR);3763;105569412;0.0815;1.0;;;269.2500000;1.0000000;2316601960;2316601960;0.06925;
2014-11-28;SXXGT;ESTX Gross;CH0102635031;Gross Return;EUR;132.56;;132.71;131.79;132.71;293;0.7417;3345221992748;25206327782;EG061;DE000KD88880;B4T92J8;KD8Gn.DE;;KABEL DEUTSCHLAND;DE;EUR;XETRA(DE);5553;88522939;0.2343;1.0;;;111.5500000;1.0000000;2313650184;2313650184;0.06916;
2014-11-28;SXXGT;ESTX Gross;CH0102635031;Gross Return;EUR;132.56;;132.71;131.79;132.71;293;0.7417;3345221992748;25206327782;B0LKSK;BE0003826436;B0LKSK4;TNET.BR;;TELENET GRP HLDG;BE;EUR;EURONEXT(BE);5553;116603877;0.4315;1.0;;;45.9700000;1.0000000;2312960921;2312960921;0.06914;
2014-11-28;SXXGT;ESTX Gross;CH0102635031;Gross Return;EUR;132.56;;132.71;131.79;132.71;293;0.7417;3345221992748;25206327782;435435;DE0005790430;4354350;FPEG_p.DE;;FUCHS PETROLUB PREF;DE;EUR;XETRA(DE);1357;69500000;1.0;1.0;;;33.2700000;1.0000000;2312265000;2312265000;0.06912;
2014-11-28;SXXGT;ESTX Gross;CH0102635031;Gross Return;EUR;132.56;;132.71;131.79;132.71;293;0.7417;3345221992748;25206327782;421185;BE0974256852;5806225;COLR.BR;;ETS COLRUYT;BE;EUR;EURONEXT(BE);5337;156169749;0.3943;1.0;;;37.4000000;1.0000000;2303007177;2303007177;0.06884;
2014-11-28;SXXGT;ESTX Gross;CH0102635031;Gross Return;EUR;132.56;;132.71;131.79;132.71;293;0.7417;3345221992748;25206327782;567991;AT0000809058;5679911;IMFI.VI;;IMMOFINANZ;AT;EUR;XETRA(AT);8633;1128952687;0.8420;1.0;;;2.4110000;1.0000000;2291843949;2291843949;0.06851;
2014-11-28;SXXGT;ESTX Gross;CH0102635031;Gross Return;EUR;132.56;;132.71;131.79;132.71;293;0.7417;3345221992748;25206327782;B126KF;FR0000035081;4554406;ICAD.PA;;ICADE;FR;EUR;EURONEXT(FR);8671;73932891;0.4793;1.0;;;64.3300000;1.0000000;2279600132;2279600132;0.06814;
2014-11-28;SXXGT;ESTX Gross;CH0102635031;Gross Return;EUR;132.56;;132.71;131.79;132.71;293;0.7417;3345221992748;25206327782;507794;IT0001063210;5077946;MS.MI;;MEDIASET;IT;EUR;Milan;5553;1181227564;0.5871;1.0;;;3.2520000;1.0000000;2255257782;2255257782;0.06742;
2014-11-28;SXXGT;ESTX Gross;CH0102635031;Gross Return;EUR;132.56;;132.71;131.79;132.71;293;0.7417;3345221992748;25206327782;423586;GRS015013006;4235864;ACBr.AT;;ALPHA BANK;GR;EUR;Athens;8355;12769059858;0.3364;1.0;;;0.5220000;1.0000000;2242257126;2242257126;0.06703;
2014-11-28;SXXGT;ESTX Gross;CH0102635031;Gross Return;EUR;132.56;;132.71;131.79;132.71;293;0.7417;3345221992748;25206327782;554398;FR0000120222;5543986;CNPP.PA;;CNP ASSURANCES;FR;EUR;EURONEXT(FR);8575;686618477;0.2176;1.0;;;14.8900000;1.0000000;2224687815;2224687815;0.06650;
2014-11-28;SXXGT;ESTX Gross;CH0102635031;Gross Return;EUR;132.56;;132.71;131.79;132.71;293;0.7417;3345221992748;25206327782;755087;BE0003764785;5715774;ACKB.BR;;ACKERMANS & VAN HAAREN;BE;EUR;EURONEXT(BE);8775;33496904;0.6700;1.0;;;98.7100000;1.0000000;2215341225;2215341225;0.06622;
2014-11-28;SXXGT;ESTX Gross;CH0102635031;Gross Return;EUR;132.56;;132.71;131.79;132.71;293;0.7417;3345221992748;25206327782;409830;DE0005909006;5117381;GBFG.DE;;BILFINGER;DE;EUR;XETRA(DE);2791;46024127;1.0;1.0;;;47.6300000;1.0000000;2192129169;2192129169;0.06553;
2014-11-28;SXXGT;ESTX Gross;CH0102635031;Gross Return;EUR;132.56;;132.71;131.79;132.71;293;0.7417;3345221992748;25206327782;DE2092;DE000A1J5RX9;B7VG6L8;O2Dn.DE;;TELEFONICA DEUTSCHLAND;DE;EUR;XETRA(DE);6575;2233890800;0.2317;1.0;;;4.2170000;1.0000000;2182687564;2182687564;0.06525;
2014-11-28;SXXGT;ESTX Gross;CH0102635031;Gross Return;EUR;132.56;;132.71;131.79;132.71;293;0.7417;3345221992748;25206327782;432154;FR0000121121;7042395;EURA.PA;;EURAZEO;FR;EUR;EURONEXT(FR);2727;68569497;0.5685;1.0;;;55.9500000;1.0000000;2181029416;2181029416;0.06520;
2014-11-28;SXXGT;ESTX Gross;CH0102635031;Gross Return;EUR;132.56;;132.71;131.79;132.71;293;0.7417;3345221992748;25206327782;513962;NL0000852564;B1W8P14;AALB.AS;;AALBERTS INDUSTRIES;NL;EUR;EURONEXT(NL);2757;110580102;0.8673;1.0;;;22.5600000;1.0000000;2163642112;2163642112;0.06468;
2014-11-28;SXXGT;ESTX Gross;CH0102635031;Gross Return;EUR;132.56;;132.71;131.79;132.71;293;0.7417;3345221992748;25206327782;IE102Z;IE0000669501;4058629;GL9.I;;GLANBIA;IE;EUR;XETRA(IE);3577;295645684;0.5870;1.0;;;12.4400000;1.0000000;2158887571;2158887571;0.06454;
2014-11-28;SXXGT;ESTX Gross;CH0102635031;Gross Return;EUR;132.56;;132.71;131.79;132.71;293;0.7417;3345221992748;25206327782;710725;GRS419003009;7107250;OPAr.AT;;OPAP;GR;EUR;Athens;5752;319000000;0.6700;1.0;;;10.0800000;1.0000000;2154398400;2154398400;0.06440;
2014-11-28;SXXGT;ESTX Gross;CH0102635031;Gross Return;EUR;132.56;;132.71;131.79;132.71;293;0.7417;3345221992748;25206327782;491603;FR0000031122;4916039;AIRF.PA;;AIR FRANCE-KLM;FR;EUR;EURONEXT(FR);5751;300219278;0.8412;1.0;;;8.4760000;1.0000000;2140566818;2140566818;0.06399;
2014-11-28;SXXGT;ESTX Gross;CH0102635031;Gross Return;EUR;132.56;;132.71;131.79;132.71;293;0.7417;3345221992748;25206327782;449000;FI0009000202;4490005;KESBV.HE;;KESKO;FI;EUR;OMX(FI);5337;68282745;1.0;1.0;;;31.3100000;1.0000000;2137932746;2137932746;0.06391;
2014-11-28;SXXGT;ESTX Gross;CH0102635031;Gross Return;EUR;132.56;;132.71;131.79;132.71;293;0.7417;3345221992748;25206327782;774563;FR0000064578;7745638;FDR.PA;;FONCIERE DES REGIONS;FR;EUR;EURONEXT(FR);8671;62683088;0.4389;1.0;;;76.7700000;1.0000000;2112066069;2112066069;0.06314;
2014-11-28;SXXGT;ESTX Gross;CH0102635031;Gross Return;EUR;132.56;;132.71;131.79;132.71;293;0.7417;3345221992748;25206327782;BE301T;BE0974268972;BBH7K66;BPOST.BR;;BPOST SA;BE;EUR;EURONEXT(BE);2771;200000944;0.5000;1.0;;;20.8600000;1.0000000;2086009846;2086009846;0.06236;
2014-11-28;SXXGT;ESTX Gross;CH0102635031;Gross Return;EUR;132.56;;132.71;131.79;132.71;293;0.7417;3345221992748;25206327782;563828;ES0184262212;5638280;VIS.MC;;VISCOFAN;ES;EUR;SIBE;3577;46603682;0.9500;1.0;;;46.2600000;1.0000000;2048092017;2048092017;0.06122;
2014-11-28;SXXGT;ESTX Gross;CH0102635031;Gross Return;EUR;132.56;;132.71;131.79;132.71;293;0.7417;3345221992748;25206327782;464731;DE0005501357;4647317;SPRGn.DE;;SPRINGER (AXEL);DE;EUR;XETRA(DE);5557;98940000;0.4345;1.0;;;47.3550000;1.0000000;2035764458;2035764458;0.06086;
2014-11-28;SXXGT;ESTX Gross;CH0102635031;Gross Return;EUR;132.56;;132.71;131.79;132.71;293;0.7417;3345221992748;25206327782;445776;FR0000120859;B011GL4;IMTP.PA;;IMERYS;FR;EUR;EURONEXT(FR);1775;76238264;0.4379;1.0;;;60.8000000;1.0000000;2029791949;2029791949;0.06068;
2014-11-28;SXXGT;ESTX Gross;CH0102635031;Gross Return;EUR;132.56;;132.71;131.79;132.71;293;0.7417;3345221992748;25206327782;916775;NL0000360618;B156T57;SBMO.AS;;SBM OFFSHORE;NL;EUR;EURONEXT(NL);0573;209688427;0.8800;1.0;;;10.8600000;1.0000000;2003950362;2003950362;0.05990;
2014-11-28;SXXGT;ESTX Gross;CH0102635031;Gross Return;EUR;132.56;;132.71;131.79;132.71;293;0.7417;3345221992748;25206327782;447723;PTJMT0AE0001;B1Y1SQ7;JMT.LS;;JERONIMO MARTINS;PT;EUR;EURONEXT(PT);5337;629293220;0.3889;1.0;;;8.1700000;1.0000000;1999461527;1999461527;0.05977;
2014-11-28;SXXGT;ESTX Gross;CH0102635031;Gross Return;EUR;132.56;;132.71;131.79;132.71;293;0.7417;3345221992748;25206327782;692552;FR0000120560;5617096;NPOS.PA;;NEOPOST;FR;EUR;EURONEXT(FR);9574;34548003;1.0;1.0;;;57.0200000;1.0000000;1969927131;1969927131;0.05889;
2014-11-28;SXXGT;ESTX Gross;CH0102635031;Gross Return;EUR;132.56;;132.71;131.79;132.71;293;0.7417;3345221992748;25206327782;DE3093;DE0006632003;5531000;MORG.DE;;MORPHOSYS;DE;EUR;XETRA(DE);4573;26301132;0.9441;1.0;;;79.1700000;1.0000000;1965862274;1965862274;0.05877;
2014-11-28;SXXGT;ESTX Gross;CH0102635031;Gross Return;EUR;132.56;;132.71;131.79;132.71;293;0.7417;3345221992748;25206327782;402400;FI0009000285;4024006;AMEAS.HE;;AMER SPORTS;FI;EUR;OMX(FI);3745;118517285;1.0;1.0;;;16.4000000;1.0000000;1943683474;1943683474;0.05810;
2014-11-28;SXXGT;ESTX Gross;CH0102635031;Gross Return;EUR;132.56;;132.71;131.79;132.71;293;0.7417;3345221992748;25206327782;B019M6;IT0003261697;B019M65;AZMT.MI;;AZIMUT HLDG;IT;EUR;Milan;8771;143254497;0.7249;1.0;;;18.5000000;1.0000000;1921135923;1921135923;0.05743;
2014-11-28;SXXGT;ESTX Gross;CH0102635031;Gross Return;EUR;132.56;;132.71;131.79;132.71;293;0.7417;3345221992748;25206327782;B0704T;AT0000606306;B0704T9;RBIV.VI;;RAIFFEISEN BANK INTERNATIONAL;AT;EUR;XETRA(AT);8355;292979038;0.3930;1.0;;;16.6400000;1.0000000;1915942280;1915942280;0.05727;
2014-11-28;SXXGT;ESTX Gross;CH0102635031;Gross Return;EUR;132.56;;132.71;131.79;132.71;293;0.7417;3345221992748;25206327782;597598;IT0004827447;B89YH96;US.MI;;UNIPOLSAI;IT;EUR;Milan;8536;2275632026;0.3660;1.0;;;2.3000000;1.0000000;1915627041;1915627041;0.05726;
2014-11-28;SXXGT;ESTX Gross;CH0102635031;Gross Return;EUR;132.56;;132.71;131.79;132.71;293;0.7417;3345221992748;25206327782;444747;FI0009000459;4447476;HUH1V.HE;;HUHTAMAKI;FI;EUR;OMX(FI);2723;107760385;0.8561;1.0;;;20.3800000;1.0000000;1880129713;1880129713;0.05620;
2014-11-28;SXXGT;ESTX Gross;CH0102635031;Gross Return;EUR;132.56;;132.71;131.79;132.71;293;0.7417;3345221992748;25206327782;449123;IE0004927939;4491235;KSP.I;;KINGSPAN GRP;IE;EUR;XETRA(IE);2353;171321563;0.8232;1.0;;;12.9600000;1.0000000;1827773567;1827773567;0.05464;
2014-11-28;SXXGT;ESTX Gross;CH0102635031;Gross Return;EUR;132.56;;132.71;131.79;132.71;293;0.7417;3345221992748;25206327782;710755;DE0005773303;7107551;FRAG.DE;;FRAPORT;DE;EUR;XETRA(DE);2777;92342748;0.4018;1.0;;;49.1150000;1.0000000;1822329365;1822329365;0.05448;
2014-11-28;SXXGT;ESTX Gross;CH0102635031;Gross Return;EUR;132.56;;132.71;131.79;132.71;293;0.7417;3345221992748;25206327782;733945;FR0000184798;7339451;ORP.PA;;ORPEA;FR;EUR;EURONEXT(FR);4533;55476991;0.6394;1.0;;;50.6600000;1.0000000;1797010912;1797010912;0.05372;
2014-11-28;SXXGT;ESTX Gross;CH0102635031;Gross Return;EUR;132.56;;132.71;131.79;132.71;293;0.7417;3345221992748;25206327782;713666;FR0000077919;7136663;JCDX.PA;;JCDECAUX;FR;EUR;EURONEXT(FR);5555;223488575;0.3018;1.0;;;26.4500000;1.0000000;1784022135;1784022135;0.05333;
2014-11-28;SXXGT;ESTX Gross;CH0102635031;Gross Return;EUR;132.56;;132.71;131.79;132.71;293;0.7417;3345221992748;25206327782;888051;NL0000334118;5165294;ASMI.AS;;ASM INTERNATIONAL;NL;EUR;EURONEXT(NL);9576;63650948;0.8217;1.0;;;33.7250000;1.0000000;1763884410;1763884410;0.05273;
2014-11-28;SXXGT;ESTX Gross;CH0102635031;Gross Return;EUR;132.56;;132.71;131.79;132.71;293;0.7417;3345221992748;25206327782;538675;DE0007251803;5386750;STAGn.DE;;STADA ARZNEIMITTEL;DE;EUR;XETRA(DE);4577;60474100;1.0;1.0;;;28.9600000;1.0000000;1751329936;1751329936;0.05235;
2014-11-28;SXXGT;ESTX Gross;CH0102635031;Gross Return;EUR;132.56;;132.71;131.79;132.71;293;0.7417;3345221992748;25206327782;DE305Z;DE000EVNK013;B5ZQ9D3;EVKn.DE;;EVONIK INDUSTRIES;DE;EUR;XETRA(DE);1357;466000000;0.1416;1.0;;;26.5250000;1.0000000;1750268040;1750268040;0.05232;
2014-11-28;SXXGT;ESTX Gross;CH0102635031;Gross Return;EUR;132.56;;132.71;131.79;132.71;293;0.7417;3345221992748;25206327782;430159;FR0000121881;5980958;EURC.PA;;HAVAS;FR;EUR;EURONEXT(FR);5555;403307318;0.6378;1.0;;;6.7660000;1.0000000;1740414168;1740414168;0.05203;
2014-11-28;SXXGT;ESTX Gross;CH0102635031;Gross Return;EUR;132.56;;132.71;131.79;132.71;293;0.7417;3345221992748;25206327782;FR103A;FR0000038259;5972643;EUFI.PA;;EUROFINS SCIENTIFIC;FR;EUR;EURONEXT(FR);4533;15073312;0.5740;1.0;;;195.2000000;1.0000000;1688886211;1688886211;0.05049;
2014-11-28;SXXGT;ESTX Gross;CH0102635031;Gross Return;EUR;132.56;;132.71;131.79;132.71;293;0.7417;3345221992748;25206327782;462338;ES0143416115;B01CP21;GAM.MC;;GAMESA;ES;EUR;SIBE;0583;253880717;0.8039;1.0;;;8.2100000;1.0000000;1675617553;1675617553;0.05009;
2014-11-28;SXXGT;ESTX Gross;CH0102635031;Gross Return;EUR;132.56;;132.71;131.79;132.71;293;0.7417;3345221992748;25206327782;471310;FR0000121253;4713100;RUBF.PA;;RUBIS;FR;EUR;EURONEXT(FR);7573;38807738;0.8987;1.0;;;47.1700000;1.0000000;1645125165;1645125165;0.04918;
2014-11-28;SXXGT;ESTX Gross;CH0102635031;Gross Return;EUR;132.56;;132.71;131.79;132.71;293;0.7417;3345221992748;25206327782;143451;BE0003593044;4177988;COFB.BR;;COFINIMMO;BE;EUR;EURONEXT(BE);8671;17337378;1.0;1.0;;;93.7700000;1.0000000;1625725935;1625725935;0.04860;
2014-11-28;SXXGT;ESTX Gross;CH0102635031;Gross Return;EUR;132.56;;132.71;131.79;132.71;293;0.7417;3345221992748;25206327782;475497;DE0007480204;4754972;DEQGn.DE;;DEUTSCHE EUROSHOP;DE;EUR;XETRA(DE);8633;53945536;0.8402;1.0;;;35.6150000;1.0000000;1614251264;1614251264;0.04826;
2014-11-28;SXXGT;ESTX Gross;CH0102635031;Gross Return;EUR;132.56;;132.71;131.79;132.71;293;0.7417;3345221992748;25206327782;479213;FR0000121709;4792132;SEBF.PA;;SEB;FR;EUR;EURONEXT(FR);3722;50169049;0.4855;1.0;;;65.6800000;1.0000000;1599772555;1599772555;0.04782;
2014-11-28;SXXGT;ESTX Gross;CH0102635031;Gross Return;EUR;132.56;;132.71;131.79;132.71;293;0.7417;3345221992748;25206327782;715672;IT0003849244;B08BR25;CPRI.MI;;DAVIDE CAMPARI;IT;EUR;Milan;3535;580800000;0.4900;1.0;;;5.6200000;1.0000000;1599407040;1599407040;0.04781;
2014-11-28;SXXGT;ESTX Gross;CH0102635031;Gross Return;EUR;132.56;;132.71;131.79;132.71;293;0.7417;3345221992748;25206327782;577325;DE0005408884;5773255;LEOGn.DE;;LEONI;DE;EUR;XETRA(DE);2733;32669000;1.0;1.0;;;48.2200000;1.0000000;1575299180;1575299180;0.04709;
2014-11-28;SXXGT;ESTX Gross;CH0102635031;Gross Return;EUR;132.56;;132.71;131.79;132.71;293;0.7417;3345221992748;25206327782;B0BKSS;AT0000908504;B0BKSS2;VIGR.VI;;VIENNA INSURANCE;AT;EUR;XETRA(AT);8532;128000000;0.3000;1.0;;;40.0050000;1.0000000;1536192000;1536192000;0.04592;
2014-11-28;SXXGT;ESTX Gross;CH0102635031;Gross Return;EUR;132.56;;132.71;131.79;132.71;293;0.7417;3345221992748;25206327782;488116;FR0000054900;5997118;TFFP.PA;;TF1;FR;EUR;EURONEXT(FR);5553;211407585;0.5649;1.0;;;12.8350000;1.0000000;1532808901;1532808901;0.04582;
2014-11-28;SXXGT;ESTX Gross;CH0102635031;Gross Return;EUR;132.56;;132.71;131.79;132.71;293;0.7417;3345221992748;25206327782;411522;IT0000784196;4115223;BPSI.MI;;BCA POPOLARE DI SONDRIO;IT;EUR;Milan;8355;453385777;1.0;1.0;;;3.2080000;1.0000000;1454461573;1454461573;0.04348;
2014-11-28;SXXGT;ESTX Gross;CH0102635031;Gross Return;EUR;132.56;;132.71;131.79;132.71;293;0.7417;3345221992748;25206327782;745012;ES0184933812;5770900;ZOT.MC;;ZARDOYA OTIS;ES;EUR;SIBE;2757;434970702;0.3868;1.0;;;8.5700000;1.0000000;1441873945;1441873945;0.04310;
2014-11-28;SXXGT;ESTX Gross;CH0102635031;Gross Return;EUR;132.56;;132.71;131.79;132.71;293;0.7417;3345221992748;25206327782;307428;FR0000130395;4741714;RCOP.PA;;REMY COINTREAU;FR;EUR;EURONEXT(FR);3535;48476859;0.4868;1.0;;;60.4700000;1.0000000;1427003411;1427003411;0.04266;
2014-11-28;SXXGT;ESTX Gross;CH0102635031;Gross Return;EUR;132.56;;132.71;131.79;132.71;293;0.7417;3345221992748;25206327782;466514;FI0009002422;4665148;OUT1V.HE;;OUTOKUMPU;FI;EUR;OMX(FI);1757;416374448;0.7015;1.0;;;4.7860000;1.0000000;1397926827;1397926827;0.04179;
2014-11-28;SXXGT;ESTX Gross;CH0102635031;Gross Return;EUR;132.56;;132.71;131.79;132.71;293;0.7417;3345221992748;25206327782;B1Y47Y;DE000A0LD6E6;B1Y47Y7;GXIG.DE;;GERRESHEIMER;DE;EUR;XETRA(DE);4537;31400000;1.0;1.0;;;44.4350000;1.0000000;1395259000;1395259000;0.04171;
2014-11-28;SXXGT;ESTX Gross;CH0102635031;Gross Return;EUR;132.56;;132.71;131.79;132.71;293;0.7417;3345221992748;25206327782;548155;NL0009739416;5481558;PTNL.AS;;POSTNL;NL;EUR;EURONEXT(NL);2771;440920801;1.0;1.0;;;3.1130000;1.0000000;1372586454;1372586454;0.04103;
2014-11-28;SXXGT;ESTX Gross;CH0102635031;Gross Return;EUR;132.56;;132.71;131.79;132.71;293;0.7417;3345221992748;25206327782;923388;NL0000289213;4948623;WEHA.AS;;WERELDHAVE;NL;EUR;EURONEXT(NL);8672;21679608;1.0;1.0;;;63.0700000;1.0000000;1367332877;1367332877;0.04087;
2014-11-28;SXXGT;ESTX Gross;CH0102635031;Gross Return;EUR;132.56;;132.71;131.79;132.71;293;0.7417;3345221992748;25206327782;533458;DE0007030009;5334588;RHMG.DE;;RHEINMETALL;DE;EUR;XETRA(DE);3355;39599000;1.0;1.0;;;34.1050000;1.0000000;1350523895;1350523895;0.04037;
2014-11-28;SXXGT;ESTX Gross;CH0102635031;Gross Return;EUR;132.56;;132.71;131.79;132.71;293;0.7417;3345221992748;25206327782;433289;NL0000352565;B096LW7;FUGRc.AS;;FUGRO;NL;EUR;EURONEXT(NL);0573;84572525;0.8432;1.0;;;18.4300000;1.0000000;1314271922;1314271922;0.03929;
2014-11-28;SXXGT;ESTX Gross;CH0102635031;Gross Return;EUR;132.56;;132.71;131.79;132.71;293;0.7417;3345221992748;25206327782;B011Y0;IE00B010DT83;B011Y09;GCC.I;;C&C GRP;IE;EUR;XETRA(IE);3535;347829232;1.0;1.0;;;3.7600000;1.0000000;1307837912;1307837912;0.03910;
2014-11-28;SXXGT;ESTX Gross;CH0102635031;Gross Return;EUR;132.56;;132.71;131.79;132.71;293;0.7417;3345221992748;25206327782;431536;ES0130670112;5271782;ELE.MC;;ENDESA;ES;EUR;SIBE;7535;1058752117;0.0794;1.0;;;15.5450000;1.0000000;1306789150;1306789150;0.03906;
2014-11-28;SXXGT;ESTX Gross;CH0102635031;Gross Return;EUR;132.56;;132.71;131.79;132.71;293;0.7417;3345221992748;25206327782;471762;DE0007042301;4717629;RHKG.DE;;RHOEN KLINIKUM;DE;EUR;XETRA(DE);4533;72418670;0.6742;1.0;;;23.4100000;1.0000000;1142985454;1142985454;0.03417;
2014-11-28;SXXGT;ESTX Gross;CH0102635031;Gross Return;EUR;132.56;;132.71;131.79;132.71;293;0.7417;3345221992748;25206327782;ES203B;ES0105200002;B83KH89;ABGek.MC;;ABENGOA B;ES;EUR;SIBE;0583;755330039;0.7141;1.0;;;2.0410000;1.0000000;1100876990;1100876990;0.03291;
2014-11-28;SXXGT;ESTX Gross;CH0102635031;Gross Return;EUR;132.56;;132.71;131.79;132.71;293;0.7417;3345221992748;25206327782;463508;AT0000720008;4635088;TELA.VI;;TELEKOM AUSTRIA;AT;EUR;XETRA(AT);6535;664500000;0.2077;1.0;;;5.4850000;1.0000000;757021325;757021325;0.02263;
