Date;STXGBIL;STXGBIV;STXGBIGV
2010-03-31 00:00:00;84.26;91.99;93.13
2010-04-01 00:00:00;84.97;92.77;93.92
2010-04-06 00:00:00;84.91;92.7;93.85
2010-04-07 00:00:00;84.57;92.44;93.65
2010-04-08 00:00:00;84.7;92.59;93.79
2010-04-09 00:00:00;85.66;93.64;94.86
2010-04-12 00:00:00;85.96;93.98;95.21
2010-04-13 00:00:00;85.75;93.75;94.97
2010-04-14 00:00:00;86.33;94.38;95.62
2010-04-15 00:00:00;86.5;94.61;95.85
2010-04-16 00:00:00;85.49;93.5;94.72
2010-04-19 00:00:00;85.11;93.08;94.3
2010-04-20 00:00:00;85.95;94.01;95.24
2010-04-21 00:00:00;85.64;93.68;94.91
2010-04-22 00:00:00;85.08;93.07;94.29
2010-04-23 00:00:00;85.28;93.36;94.61
2010-04-26 00:00:00;85.54;93.63;94.89
2010-04-27 00:00:00;84.02;91.97;93.21
2010-04-28 00:00:00;83.0;90.89;92.11
2010-04-29 00:00:00;83.78;91.85;93.1
2010-04-30 00:00:00;83.9;91.97;93.22
2010-05-03 00:00:00;84.29;92.41;93.66
2010-05-04 00:00:00;82.43;90.46;91.69
2010-05-05 00:00:00;81.25;89.24;90.47
2010-05-06 00:00:00;79.29;87.13;88.34
2010-05-07 00:00:00;77.63;85.43;86.66
2010-05-10 00:00:00;80.72;88.84;90.12
2010-05-11 00:00:00;80.23;88.38;89.68
2010-05-12 00:00:00;81.22;89.51;90.83
2010-05-13 00:00:00;80.82;89.07;90.39
2010-05-14 00:00:00;79.05;87.17;88.48
2010-05-17 00:00:00;78.68;86.78;88.08
2010-05-18 00:00:00;78.82;86.92;88.23
2010-05-19 00:00:00;77.61;85.59;86.88
2010-05-20 00:00:00;75.96;83.78;85.04
2010-05-21 00:00:00;76.48;84.35;85.62
2010-05-24 00:00:00;75.7;83.51;84.78
2010-05-25 00:00:00;74.79;82.5;83.76
2010-05-26 00:00:00;75.13;82.92;84.2
2010-05-27 00:00:00;76.75;84.73;86.04
2010-05-28 00:00:00;76.93;84.93;86.24
2010-05-31 00:00:00;76.86;84.86;86.17
2010-06-01 00:00:00;76.62;84.6;85.91
2010-06-02 00:00:00;77.0;85.23;86.56
2010-06-03 00:00:00;77.8;86.12;87.46
2010-06-04 00:00:00;75.81;83.92;85.23
2010-06-07 00:00:00;74.8;82.82;84.12
2010-06-08 00:00:00;75.02;83.06;84.36
2010-06-09 00:00:00;75.64;83.75;85.06
2010-06-10 00:00:00;77.36;85.65;87.0
2010-06-11 00:00:00;77.55;85.87;87.22
2010-06-14 00:00:00;78.38;86.82;88.2
2010-06-15 00:00:00;79.52;88.09;89.48
2010-06-16 00:00:00;79.62;88.24;89.63
2010-06-17 00:00:00;79.89;88.55;89.95
2010-06-18 00:00:00;80.13;88.81;90.21
2010-06-21 00:00:00;80.54;89.26;90.68
2010-06-22 00:00:00;79.42;88.02;89.41
2010-06-23 00:00:00;78.99;87.54;88.93
2010-06-24 00:00:00;78.49;87.01;88.39
2010-06-25 00:00:00;78.4;86.91;88.29
2010-06-28 00:00:00;78.91;87.48;88.88
2010-06-29 00:00:00;76.87;85.23;86.59
2010-06-30 00:00:00;76.44;84.75;86.1
2010-07-01 00:00:00;76.54;84.87;86.23
2010-07-02 00:00:00;77.15;85.55;86.92
2010-07-05 00:00:00;76.52;84.85;86.21
2010-07-06 00:00:00;77.75;86.21;87.59
2010-07-07 00:00:00;78.86;87.56;89.01
2010-07-08 00:00:00;79.76;88.56;90.03
2010-07-09 00:00:00;79.81;88.62;90.09
2010-07-12 00:00:00;79.69;88.49;89.95
2010-07-13 00:00:00;80.52;89.41;90.89
2010-07-14 00:00:00;80.92;89.85;91.34
2010-07-15 00:00:00;81.1;90.06;91.55
2010-07-16 00:00:00;79.81;88.62;90.09
2010-07-19 00:00:00;79.62;88.41;89.88
2010-07-20 00:00:00;79.69;88.49;89.97
2010-07-21 00:00:00;79.56;88.35;89.82
2010-07-22 00:00:00;81.16;90.13;91.63
2010-07-23 00:00:00;81.63;90.65;92.16
2010-07-26 00:00:00;82.51;91.63;93.15
2010-07-27 00:00:00;82.82;91.97;93.5
2010-07-28 00:00:00;82.77;91.96;93.49
2010-07-29 00:00:00;82.67;91.88;93.42
2010-07-30 00:00:00;82.46;91.64;93.18
2010-08-02 00:00:00;84.21;93.59;95.16
2010-08-03 00:00:00;84.45;93.87;95.45
2010-08-04 00:00:00;84.53;93.96;95.55
2010-08-05 00:00:00;84.71;94.17;95.76
2010-08-06 00:00:00;84.77;94.25;95.84
2010-08-09 00:00:00;85.34;94.87;96.47
2010-08-10 00:00:00;84.54;94.01;95.61
2010-08-11 00:00:00;82.48;91.75;93.31
2010-08-12 00:00:00;82.22;91.48;93.03
2010-08-13 00:00:00;81.99;91.23;92.79
2010-08-16 00:00:00;82.26;91.53;93.09
2010-08-17 00:00:00;83.07;92.43;94.01
2010-08-18 00:00:00;83.18;92.56;94.14
2010-08-19 00:00:00;82.23;91.5;93.06
2010-08-20 00:00:00;81.24;90.39;91.94
2010-08-23 00:00:00;81.17;90.36;91.9
2010-08-24 00:00:00;80.73;89.88;91.41
2010-08-25 00:00:00;80.48;89.61;91.15
2010-08-26 00:00:00;80.74;89.91;91.45
2010-08-27 00:00:00;81.71;91.0;92.57
2010-08-30 00:00:00;81.36;90.62;92.18
2010-08-31 00:00:00;81.42;90.69;92.25
2010-09-01 00:00:00;83.32;92.81;94.41
2010-09-02 00:00:00;83.71;93.26;94.87
2010-09-03 00:00:00;84.34;93.97;95.6
2010-09-06 00:00:00;84.71;94.38;96.01
2010-09-07 00:00:00;84.09;93.7;95.32
2010-09-08 00:00:00;84.49;94.14;95.77
2010-09-09 00:00:00;84.81;94.52;96.16
2010-09-10 00:00:00;84.64;94.34;95.98
2010-09-13 00:00:00;85.29;95.07;96.72
2010-09-14 00:00:00;85.29;95.07;96.72
2010-09-15 00:00:00;85.05;94.8;96.44
2010-09-16 00:00:00;84.56;94.25;95.88
2010-09-17 00:00:00;84.4;94.07;95.7
2010-09-20 00:00:00;85.3;95.08;96.73
2010-09-21 00:00:00;85.4;95.19;96.84
2010-09-22 00:00:00;85.67;95.49;97.15
2010-09-23 00:00:00;85.13;94.89;96.53
2010-09-24 00:00:00;86.19;96.08;97.74
2010-09-27 00:00:00;86.32;96.22;97.89
2010-09-28 00:00:00;86.44;96.49;98.19
2010-09-29 00:00:00;86.23;96.28;97.97
2010-09-30 00:00:00;85.81;95.82;97.5
2010-10-01 00:00:00;86.19;96.24;97.94
2010-10-04 00:00:00;85.69;95.69;97.37
2010-10-05 00:00:00;87.14;97.3;99.01
2010-10-06 00:00:00;87.42;97.69;99.44
2010-10-07 00:00:00;87.72;98.03;99.79
2010-10-08 00:00:00;88.5;98.9;100.68
2010-10-11 00:00:00;88.07;98.42;100.19
2010-10-12 00:00:00;87.26;97.52;99.27
2010-10-13 00:00:00;88.51;98.92;100.7
2010-10-14 00:00:00;88.9;99.35;101.13
2010-10-15 00:00:00;88.67;99.1;100.88
2010-10-18 00:00:00;89.01;99.49;101.27
2010-10-19 00:00:00;88.03;98.39;100.16
2010-10-20 00:00:00;88.94;99.4;101.19
2010-10-21 00:00:00;88.94;99.43;101.22
2010-10-22 00:00:00;88.6;99.04;100.83
2010-10-25 00:00:00;89.02;99.51;101.3
2010-10-26 00:00:00;88.85;99.32;101.11
2010-10-27 00:00:00;87.89;98.25;100.02
2010-10-28 00:00:00;88.83;99.31;101.11
2010-10-29 00:00:00;89.26;99.8;101.6
2010-11-01 00:00:00;89.13;99.66;101.46
2010-11-02 00:00:00;89.86;100.46;102.28
2010-11-03 00:00:00;89.66;100.25;102.07
2010-11-04 00:00:00;91.06;101.82;103.67
2010-11-05 00:00:00;90.61;101.32;103.16
2010-11-08 00:00:00;90.09;100.82;102.68
2010-11-09 00:00:00;90.0;100.74;102.59
2010-11-10 00:00:00;89.38;100.11;101.97
2010-11-11 00:00:00;89.1;99.79;101.65
2010-11-12 00:00:00;88.77;99.42;101.28
2010-11-15 00:00:00;88.7;99.35;101.2
2010-11-16 00:00:00;87.18;97.66;99.48
2010-11-17 00:00:00;87.17;97.71;99.53
2010-11-18 00:00:00;88.23;98.9;100.75
2010-11-19 00:00:00;88.35;99.04;100.88
2010-11-22 00:00:00;88.05;98.7;100.54
2010-11-23 00:00:00;86.69;97.18;99.0
2010-11-24 00:00:00;87.03;97.58;99.4
2010-11-25 00:00:00;87.01;97.55;99.37
2010-11-26 00:00:00;86.28;96.76;98.58
2010-11-29 00:00:00;85.41;95.79;97.59
2010-11-30 00:00:00;85.16;95.5;97.3
2010-12-01 00:00:00;86.14;96.65;98.47
2010-12-02 00:00:00;87.11;97.75;99.59
2010-12-03 00:00:00;87.68;98.42;100.29
2010-12-06 00:00:00;87.42;98.13;99.99
2010-12-07 00:00:00;87.56;98.3;100.16
2010-12-08 00:00:00;87.0;97.67;99.53
2010-12-09 00:00:00;87.35;98.06;99.92
2010-12-10 00:00:00;87.73;98.48;100.36
2010-12-13 00:00:00;88.35;99.19;101.07
2010-12-14 00:00:00;88.63;99.51;101.4
2010-12-15 00:00:00;88.02;98.84;100.72
2010-12-16 00:00:00;87.99;98.8;100.68
2010-12-17 00:00:00;87.67;98.45;100.32
2010-12-20 00:00:00;87.97;98.78;100.66
2010-12-21 00:00:00;88.5;99.38;101.27
2010-12-22 00:00:00;88.63;99.52;101.42
2010-12-23 00:00:00;88.71;99.62;101.53
2010-12-24 00:00:00;88.79;99.71;101.62
2010-12-27 00:00:00;88.6;99.51;101.41
2010-12-28 00:00:00;88.74;99.67;101.57
2010-12-29 00:00:00;88.98;99.95;101.86
2010-12-30 00:00:00;88.95;99.92;101.83
2010-12-31 00:00:00;89.38;100.4;102.32
2011-01-03 00:00:00;89.65;100.71;102.64
2011-01-04 00:00:00;89.94;101.04;102.97
2011-01-05 00:00:00;89.5;100.54;102.47
2011-01-06 00:00:00;89.08;100.15;102.11
2011-01-07 00:00:00;89.18;100.26;102.22
2011-01-10 00:00:00;88.78;99.81;101.76
2011-01-11 00:00:00;88.64;99.65;101.6
2011-01-12 00:00:00;89.53;100.66;102.62
2011-01-13 00:00:00;90.59;101.85;103.84
2011-01-14 00:00:00;90.73;102.0;103.99
2011-01-17 00:00:00;90.7;101.97;103.96
2011-01-18 00:00:00;91.38;102.74;104.75
2011-01-19 00:00:00;91.32;102.68;104.68
2011-01-20 00:00:00;90.84;102.13;104.12
2011-01-21 00:00:00;91.38;102.75;104.75
2011-01-24 00:00:00;91.91;103.34;105.36
2011-01-25 00:00:00;91.78;103.19;105.2
2011-01-26 00:00:00;92.0;103.45;105.47
2011-01-27 00:00:00;91.99;103.44;105.46
2011-01-28 00:00:00;90.75;102.06;104.05
2011-01-31 00:00:00;91.22;102.59;104.59
2011-02-01 00:00:00;92.5;104.02;106.06
2011-02-02 00:00:00;92.35;103.87;105.9
2011-02-03 00:00:00;92.05;103.54;105.57
2011-02-04 00:00:00;91.92;103.4;105.43
2011-02-07 00:00:00;92.31;103.83;105.87
2011-02-08 00:00:00;92.66;104.24;106.29
2011-02-09 00:00:00;92.8;104.4;106.46
2011-02-10 00:00:00;92.58;104.16;106.21
2011-02-11 00:00:00;92.79;104.41;106.48
2011-02-14 00:00:00;92.85;104.48;106.54
2011-02-15 00:00:00;92.88;104.51;106.58
2011-02-16 00:00:00;93.19;104.88;106.96
2011-02-17 00:00:00;93.89;105.67;107.76
2011-02-18 00:00:00;94.1;105.9;108.0
2011-02-21 00:00:00;93.72;105.52;107.61
2011-02-22 00:00:00;92.9;104.61;106.69
2011-02-23 00:00:00;92.5;104.15;106.22
2011-02-24 00:00:00;92.2;103.84;105.91
2011-02-25 00:00:00;92.92;104.66;106.75
2011-02-28 00:00:00;93.76;105.6;107.71
2011-03-01 00:00:00;93.07;104.82;106.92
2011-03-02 00:00:00;93.08;104.85;106.95
2011-03-03 00:00:00;93.76;105.62;107.74
2011-03-04 00:00:00;93.46;105.28;107.39
2011-03-07 00:00:00;93.14;104.93;107.03
2011-03-08 00:00:00;93.46;105.3;107.41
2011-03-09 00:00:00;93.55;105.42;107.54
2011-03-10 00:00:00;92.34;104.05;106.15
2011-03-11 00:00:00;92.31;104.02;106.12
2011-03-14 00:00:00;90.52;102.0;104.05
2011-03-15 00:00:00;88.01;99.18;101.18
2011-03-16 00:00:00;87.18;98.25;100.23
2011-03-17 00:00:00;88.33;99.56;101.56
2011-03-18 00:00:00;88.89;100.19;102.2
2011-03-21 00:00:00;90.27;101.74;103.79
2011-03-22 00:00:00;90.82;102.36;104.42
2011-03-23 00:00:00;90.54;102.05;104.11
2011-03-24 00:00:00;90.97;102.54;104.6
2011-03-25 00:00:00;91.27;102.87;104.95
2011-03-28 00:00:00;90.99;102.56;104.63
2011-03-29 00:00:00;91.14;102.87;104.96
2011-03-30 00:00:00;91.9;103.73;105.84
2011-03-31 00:00:00;91.91;103.74;105.85
2011-04-01 00:00:00;92.18;104.05;106.17
2011-04-04 00:00:00;92.6;104.53;106.66
2011-04-05 00:00:00;92.01;103.86;105.97
2011-04-06 00:00:00;92.23;104.19;106.35
2011-04-07 00:00:00;92.07;104.02;106.17
2011-04-08 00:00:00;92.34;104.32;106.49
2011-04-11 00:00:00;92.27;104.24;106.41
2011-04-12 00:00:00;91.65;103.54;105.69
2011-04-13 00:00:00;91.95;103.88;106.04
2011-04-14 00:00:00;91.82;103.73;105.88
2011-04-15 00:00:00;92.17;104.13;106.29
2011-04-18 00:00:00;90.65;102.41;104.54
2011-04-19 00:00:00;90.94;102.74;104.87
2011-04-20 00:00:00;92.24;104.22;106.38
2011-04-21 00:00:00;92.27;104.33;106.52
2011-04-26 00:00:00;93.04;105.22;107.43
2011-04-27 00:00:00;93.49;105.77;107.99
2011-04-28 00:00:00;94.89;107.37;109.64
2011-04-29 00:00:00;95.19;107.71;109.99
2011-05-02 00:00:00;95.54;108.11;110.4
2011-05-03 00:00:00;95.23;107.77;110.05
2011-05-04 00:00:00;94.34;106.81;109.09
2011-05-05 00:00:00;93.65;106.03;108.3
2011-05-06 00:00:00;93.59;106.24;108.6
2011-05-09 00:00:00;92.87;105.43;107.77
2011-05-10 00:00:00;93.86;106.55;108.91
2011-05-11 00:00:00;93.61;106.28;108.64
2011-05-12 00:00:00;93.01;105.63;107.98
2011-05-13 00:00:00;92.15;104.75;107.11
2011-05-16 00:00:00;91.68;104.23;106.58
2011-05-17 00:00:00;91.25;103.74;106.08
2011-05-18 00:00:00;92.02;104.61;106.97
2011-05-19 00:00:00;92.36;104.99;107.36
2011-05-20 00:00:00;91.97;104.56;106.92
2011-05-23 00:00:00;90.63;103.1;105.45
2011-05-24 00:00:00;90.94;103.47;105.83
2011-05-25 00:00:00;91.15;103.72;106.09
2011-05-26 00:00:00;91.39;104.14;106.53
2011-05-27 00:00:00;92.05;104.9;107.31
2011-05-30 00:00:00;92.04;104.88;107.3
2011-05-31 00:00:00;92.99;105.98;108.42
2011-06-01 00:00:00;91.58;104.61;107.02
2011-06-02 00:00:00;91.22;104.22;106.63
2011-06-03 00:00:00;90.69;103.61;106.01
2011-06-06 00:00:00;89.81;102.61;104.98
2011-06-07 00:00:00;90.39;103.28;105.67
2011-06-08 00:00:00;89.98;102.81;105.2
2011-06-09 00:00:00;90.18;103.05;105.44
2011-06-10 00:00:00;88.96;101.65;104.01
2011-06-13 00:00:00;89.18;101.91;104.28
2011-06-14 00:00:00;90.42;103.33;105.72
2011-06-15 00:00:00;89.08;101.79;104.15
2011-06-16 00:00:00;88.36;100.97;103.32
2011-06-17 00:00:00;89.26;102.0;104.37
2011-06-20 00:00:00;89.54;102.32;104.69
2011-06-21 00:00:00;90.7;103.65;106.06
2011-06-22 00:00:00;90.63;103.61;106.02
2011-06-23 00:00:00;89.34;102.14;104.51
2011-06-24 00:00:00;89.18;101.97;104.35
2011-06-27 00:00:00;89.57;102.42;104.81
2011-06-28 00:00:00;90.33;103.32;105.73
2011-06-29 00:00:00;91.44;104.6;107.05
2011-06-30 00:00:00;92.44;105.74;108.22
2011-07-01 00:00:00;93.23;106.64;109.15
2011-07-04 00:00:00;93.53;107.0;109.51
2011-07-05 00:00:00;93.21;106.63;109.13
2011-07-06 00:00:00;92.78;106.22;108.74
2011-07-07 00:00:00;93.04;106.52;109.05
2011-07-08 00:00:00;92.25;105.61;108.12
2011-07-11 00:00:00;90.65;103.79;106.25
2011-07-12 00:00:00;90.02;103.07;105.53
2011-07-13 00:00:00;90.97;104.2;106.69
2011-07-14 00:00:00;90.3;103.43;105.91
2011-07-15 00:00:00;90.28;103.41;105.88
2011-07-18 00:00:00;89.39;102.4;104.84
2011-07-19 00:00:00;90.54;103.72;106.2
2011-07-20 00:00:00;91.02;104.27;106.76
2011-07-21 00:00:00;92.51;105.99;108.53
2011-07-22 00:00:00;92.73;106.25;108.8
2011-07-25 00:00:00;92.25;105.7;108.24
2011-07-26 00:00:00;92.6;106.1;108.65
2011-07-27 00:00:00;91.45;104.83;107.34
2011-07-28 00:00:00;90.93;104.24;106.75
2011-07-29 00:00:00;90.62;103.89;106.39
2011-08-01 00:00:00;89.8;102.95;105.42
2011-08-02 00:00:00;88.43;101.38;103.82
2011-08-03 00:00:00;88.26;101.2;103.64
2011-08-04 00:00:00;85.27;97.77;100.12
2011-08-05 00:00:00;84.46;96.84;99.18
2011-08-08 00:00:00;80.81;92.67;94.9
2011-08-09 00:00:00;81.91;93.93;96.2
2011-08-10 00:00:00;80.59;92.46;94.7
2011-08-11 00:00:00;82.96;95.2;97.51
2011-08-12 00:00:00;83.93;96.32;98.66
2011-08-15 00:00:00;85.6;98.24;100.63
2011-08-16 00:00:00;84.96;97.51;99.88
2011-08-17 00:00:00;85.65;98.3;100.69
2011-08-18 00:00:00;82.72;94.93;97.24
2011-08-19 00:00:00;82.13;94.26;96.55
2011-08-22 00:00:00;82.44;94.66;96.96
2011-08-23 00:00:00;83.74;96.16;98.5
2011-08-24 00:00:00;84.76;97.36;99.74
2011-08-25 00:00:00;83.46;95.86;98.2
2011-08-26 00:00:00;83.68;96.11;98.46
2011-08-29 00:00:00;85.33;98.05;100.46
2011-08-30 00:00:00;85.45;98.19;100.6
2011-08-31 00:00:00;86.05;98.91;101.33
2011-09-01 00:00:00;85.55;98.35;100.77
2011-09-02 00:00:00;84.05;96.64;99.02
2011-09-05 00:00:00;82.76;95.16;97.5
2011-09-06 00:00:00;82.46;94.81;97.14
2011-09-07 00:00:00;83.93;96.52;98.9
2011-09-08 00:00:00;83.88;96.49;98.87
2011-09-09 00:00:00;81.78;94.08;96.4
2011-09-12 00:00:00;80.88;93.04;95.33
2011-09-13 00:00:00;81.85;94.16;96.49
2011-09-14 00:00:00;82.86;95.31;97.67
2011-09-15 00:00:00;84.37;97.06;99.45
2011-09-16 00:00:00;84.73;97.47;99.88
2011-09-19 00:00:00;83.35;95.88;98.25
2011-09-20 00:00:00;83.86;96.47;98.85
2011-09-21 00:00:00;82.16;94.52;96.85
2011-09-22 00:00:00;79.67;91.65;93.91
2011-09-23 00:00:00;80.22;92.29;94.57
2011-09-26 00:00:00;80.96;93.14;95.44
2011-09-27 00:00:00;83.05;95.53;97.89
2011-09-28 00:00:00;82.19;94.7;97.06
2011-09-29 00:00:00;83.02;95.68;98.06
2011-09-30 00:00:00;81.73;94.19;96.54
2011-10-03 00:00:00;80.42;92.68;94.99
2011-10-04 00:00:00;80.19;92.41;94.72
2011-10-05 00:00:00;81.1;93.55;95.92
2011-10-06 00:00:00;82.7;95.4;97.82
2011-10-07 00:00:00;83.13;95.9;98.33
2011-10-10 00:00:00;84.79;97.81;100.29
2011-10-11 00:00:00;84.53;97.51;99.98
2011-10-12 00:00:00;85.3;98.4;100.9
2011-10-13 00:00:00;84.93;97.97;100.46
2011-10-14 00:00:00;85.7;98.86;101.37
2011-10-17 00:00:00;85.18;98.27;100.76
2011-10-18 00:00:00;85.21;98.3;100.79
2011-10-19 00:00:00;85.67;98.83;101.33
2011-10-20 00:00:00;85.12;98.19;100.68
2011-10-21 00:00:00;86.92;100.28;102.82
2011-10-24 00:00:00;87.45;100.89;103.45
2011-10-25 00:00:00;86.53;99.83;102.37
2011-10-26 00:00:00;86.81;100.16;102.7
2011-10-27 00:00:00;89.34;103.07;105.69
2011-10-28 00:00:00;89.26;102.99;105.6
2011-10-31 00:00:00;87.47;100.94;103.51
2011-11-01 00:00:00;85.16;98.27;100.77
2011-11-02 00:00:00;85.93;99.17;101.7
2011-11-03 00:00:00;86.89;100.29;102.86
2011-11-04 00:00:00;86.41;99.74;102.29
2011-11-07 00:00:00;86.53;99.99;102.57
2011-11-08 00:00:00;86.91;100.44;103.04
2011-11-09 00:00:00;85.43;98.73;101.28
2011-11-10 00:00:00;85.65;99.06;101.65
2011-11-11 00:00:00;87.46;101.15;103.79
2011-11-14 00:00:00;86.59;100.15;102.77
2011-11-15 00:00:00;86.2;99.71;102.32
2011-11-16 00:00:00;85.49;98.97;101.56
2011-11-17 00:00:00;85.13;98.55;101.13
2011-11-18 00:00:00;85.15;98.57;101.15
2011-11-21 00:00:00;83.55;96.72;99.25
2011-11-22 00:00:00;83.24;96.36;98.89
2011-11-23 00:00:00;81.76;94.65;97.13
2011-11-24 00:00:00;81.45;94.29;96.76
2011-11-25 00:00:00;81.28;94.09;96.56
2011-11-28 00:00:00;83.12;96.26;98.81
2011-11-29 00:00:00;83.65;96.88;99.44
2011-11-30 00:00:00;86.08;99.76;102.4
2011-12-01 00:00:00;86.05;99.72;102.36
2011-12-02 00:00:00;85.82;99.48;102.11
2011-12-05 00:00:00;86.46;100.22;102.88
2011-12-06 00:00:00;85.69;99.33;101.96
2011-12-07 00:00:00;85.77;99.43;102.08
2011-12-08 00:00:00;84.62;98.1;100.7
2011-12-09 00:00:00;85.29;98.87;101.5
2011-12-12 00:00:00;84.49;97.95;100.56
2011-12-13 00:00:00;84.08;97.48;100.07
2011-12-14 00:00:00;82.94;96.17;98.72
2011-12-15 00:00:00;83.34;96.63;99.2
2011-12-16 00:00:00;83.62;96.96;99.53
2011-12-19 00:00:00;82.96;96.19;98.75
2011-12-20 00:00:00;84.48;97.96;100.56
2011-12-21 00:00:00;84.62;98.12;100.73
2011-12-22 00:00:00;85.26;98.88;101.52
2011-12-23 00:00:00;85.86;99.58;102.23
2011-12-27 00:00:00;86.02;99.76;102.42
2011-12-28 00:00:00;85.08;98.7;101.34
2011-12-29 00:00:00;85.77;99.51;102.17
2011-12-30 00:00:00;86.45;100.3;102.98
2012-01-02 00:00:00;86.84;100.75;103.45
2012-01-03 00:00:00;87.38;101.41;104.13
2012-01-04 00:00:00;87.19;101.19;103.91
2012-01-05 00:00:00;86.31;100.16;102.85
2012-01-06 00:00:00;85.79;99.65;102.36
2012-01-09 00:00:00;86.01;99.9;102.62
2012-01-10 00:00:00;86.89;100.92;103.67
2012-01-11 00:00:00;86.62;100.61;103.35
2012-01-12 00:00:00;86.58;100.56;103.29
2012-01-13 00:00:00;85.92;99.79;102.51
2012-01-16 00:00:00;85.96;99.84;102.56
2012-01-17 00:00:00;86.56;100.54;103.28
2012-01-18 00:00:00;86.51;100.49;103.22
2012-01-19 00:00:00;86.74;100.76;103.5
2012-01-20 00:00:00;86.87;100.9;103.64
2012-01-23 00:00:00;86.97;101.02;103.77
2012-01-24 00:00:00;86.31;100.26;102.99
2012-01-25 00:00:00;86.68;100.71;103.45
2012-01-26 00:00:00;87.58;101.75;104.52
2012-01-27 00:00:00;87.33;101.46;104.22
2012-01-30 00:00:00;87.06;101.15;103.9
2012-01-31 00:00:00;87.53;101.7;104.47
2012-02-01 00:00:00;88.44;102.77;105.57
2012-02-02 00:00:00;88.31;102.63;105.44
2012-02-03 00:00:00;88.96;103.39;106.21
2012-02-06 00:00:00;88.76;103.15;105.97
2012-02-07 00:00:00;89.15;103.6;106.44
2012-02-08 00:00:00;89.18;103.66;106.5
2012-02-09 00:00:00;88.98;103.42;106.26
2012-02-10 00:00:00;88.13;102.44;105.24
2012-02-13 00:00:00;88.61;103.03;105.86
2012-02-14 00:00:00;88.45;102.83;105.66
2012-02-15 00:00:00;88.29;102.65;105.48
2012-02-16 00:00:00;88.25;102.6;105.43
2012-02-17 00:00:00;88.89;103.37;106.22
2012-02-20 00:00:00;89.36;103.97;106.84
2012-02-21 00:00:00;89.15;103.73;106.59
2012-02-22 00:00:00;88.92;103.46;106.31
2012-02-23 00:00:00;88.93;103.47;106.32
2012-02-24 00:00:00;89.3;103.91;106.77
2012-02-27 00:00:00;89.17;103.78;106.65
2012-02-28 00:00:00;89.33;103.98;106.86
2012-02-29 00:00:00;89.36;104.04;106.92
2012-03-01 00:00:00;89.88;104.65;107.55
2012-03-02 00:00:00;89.74;104.49;107.39
2012-03-05 00:00:00;89.57;104.29;107.19
2012-03-06 00:00:00;88.32;102.84;105.7
2012-03-07 00:00:00;88.31;102.86;105.73
2012-03-08 00:00:00;89.5;104.24;107.15
2012-03-09 00:00:00;89.46;104.21;107.12
2012-03-12 00:00:00;89.32;104.05;106.95
2012-03-13 00:00:00;90.21;105.1;108.03
2012-03-14 00:00:00;89.41;104.17;107.08
2012-03-15 00:00:00;90.25;105.14;108.08
2012-03-16 00:00:00;90.58;105.52;108.47
2012-03-19 00:00:00;90.69;105.66;108.61
2012-03-20 00:00:00;90.19;105.08;108.01
2012-03-21 00:00:00;90.33;105.24;108.18
2012-03-22 00:00:00;90.06;104.93;107.86
2012-03-23 00:00:00;90.23;105.12;108.06
2012-03-26 00:00:00;90.99;106.04;109.01
2012-03-27 00:00:00;91.06;106.12;109.09
2012-03-28 00:00:00;90.16;105.2;108.16
2012-03-29 00:00:00;89.81;104.8;107.75
2012-03-30 00:00:00;90.17;105.22;108.18
2012-04-02 00:00:00;90.81;105.97;108.96
2012-04-03 00:00:00;90.53;105.65;108.62
2012-04-04 00:00:00;89.27;104.17;107.11
2012-04-05 00:00:00;89.16;104.13;107.1
2012-04-10 00:00:00;87.51;102.2;105.11
2012-04-11 00:00:00;88.08;102.87;105.81
2012-04-12 00:00:00;88.95;103.9;106.87
2012-04-13 00:00:00;88.16;102.97;105.92
2012-04-16 00:00:00;88.41;103.27;106.22
2012-04-17 00:00:00;89.54;104.59;107.58
2012-04-18 00:00:00;89.23;104.23;107.21
2012-04-19 00:00:00;88.7;103.61;106.57
2012-04-20 00:00:00;89.32;104.39;107.39
2012-04-23 00:00:00;88.26;103.16;106.13
2012-04-24 00:00:00;89.31;104.38;107.39
2012-04-25 00:00:00;89.89;105.14;108.19
2012-04-26 00:00:00;90.57;105.96;109.03
2012-04-27 00:00:00;90.95;106.41;109.5
2012-04-30 00:00:00;90.87;106.33;109.41
2012-05-01 00:00:00;91.3;106.82;109.93
2012-05-02 00:00:00;90.8;106.26;109.35
2012-05-03 00:00:00;90.57;106.01;109.1
2012-05-04 00:00:00;89.86;105.27;108.37
2012-05-07 00:00:00;90.01;105.44;108.55
2012-05-08 00:00:00;89.4;104.74;107.83
2012-05-09 00:00:00;88.66;103.88;106.95
2012-05-10 00:00:00;89.05;104.42;107.51
2012-05-11 00:00:00;89.03;104.41;107.5
2012-05-14 00:00:00;88.09;103.31;106.38
2012-05-15 00:00:00;87.63;102.79;105.84
2012-05-16 00:00:00;86.92;101.96;104.99
2012-05-17 00:00:00;86.22;101.15;104.16
2012-05-18 00:00:00;85.72;100.67;103.7
2012-05-21 00:00:00;86.06;101.13;104.18
2012-05-22 00:00:00;86.79;102.02;105.11
2012-05-23 00:00:00;85.74;100.79;103.84
2012-05-24 00:00:00;86.2;101.33;104.4
2012-05-25 00:00:00;86.07;101.24;104.32
2012-05-28 00:00:00;85.97;101.13;104.22
2012-05-29 00:00:00;86.35;101.64;104.76
2012-05-30 00:00:00;85.19;100.34;103.43
2012-05-31 00:00:00;85.41;100.61;103.71
2012-06-01 00:00:00;84.26;99.26;102.33
2012-06-04 00:00:00;84.52;99.58;102.65
2012-06-05 00:00:00;84.58;99.67;102.75
2012-06-06 00:00:00;85.63;101.08;104.22
2012-06-07 00:00:00;85.9;101.41;104.56
2012-06-08 00:00:00;85.9;101.42;104.56
2012-06-11 00:00:00;85.98;101.5;104.65
2012-06-12 00:00:00;86.45;102.06;105.22
2012-06-13 00:00:00;86.68;102.34;105.52
2012-06-14 00:00:00;87.03;102.76;105.95
2012-06-15 00:00:00;87.52;103.35;106.56
2012-06-18 00:00:00;87.85;103.79;107.03
2012-06-19 00:00:00;88.83;104.94;108.22
2012-06-20 00:00:00;88.95;105.14;108.42
2012-06-21 00:00:00;88.09;104.13;107.39
2012-06-22 00:00:00;87.86;103.86;107.1
2012-06-25 00:00:00;86.95;102.81;106.03
2012-06-26 00:00:00;87.28;103.21;106.44
2012-06-27 00:00:00;88.26;104.38;107.65
2012-06-28 00:00:00;88.61;104.8;108.1
2012-06-29 00:00:00;90.51;107.05;110.42
2012-07-02 00:00:00;90.89;107.5;110.88
2012-07-03 00:00:00;91.29;107.98;111.37
2012-07-04 00:00:00;91.13;107.83;111.24
2012-07-05 00:00:00;90.41;106.99;110.37
2012-07-06 00:00:00;89.86;106.42;109.81
2012-07-09 00:00:00;89.94;106.51;109.9
2012-07-10 00:00:00;89.97;106.54;109.94
2012-07-11 00:00:00;90.27;106.9;110.31
2012-07-12 00:00:00;89.5;105.99;109.37
2012-07-13 00:00:00;90.8;107.53;110.96
2012-07-16 00:00:00;90.92;107.68;111.11
2012-07-17 00:00:00;91.25;108.09;111.55
2012-07-18 00:00:00;91.68;108.6;112.08
2012-07-19 00:00:00;91.99;108.97;112.45
2012-07-20 00:00:00;90.69;107.44;110.87
2012-07-23 00:00:00;89.45;105.96;109.35
2012-07-24 00:00:00;88.82;105.22;108.58
2012-07-25 00:00:00;88.83;105.27;108.64
2012-07-26 00:00:00;90.92;107.75;111.2
2012-07-27 00:00:00;92.27;109.36;112.86
2012-07-30 00:00:00;92.74;109.91;113.43
2012-07-31 00:00:00;92.54;109.68;113.19
2012-08-01 00:00:00;92.49;109.61;113.12
2012-08-02 00:00:00;91.58;108.56;112.04
2012-08-03 00:00:00;93.08;110.34;113.88
2012-08-06 00:00:00;93.54;110.89;114.45
2012-08-07 00:00:00;93.71;111.1;114.67
2012-08-08 00:00:00;93.43;110.81;114.38
2012-08-09 00:00:00;93.36;110.73;114.3
2012-08-10 00:00:00;93.56;110.98;114.55
2012-08-13 00:00:00;93.3;110.69;114.27
2012-08-14 00:00:00;93.81;111.31;114.9
2012-08-15 00:00:00;93.83;111.32;114.92
2012-08-16 00:00:00;94.11;111.66;115.27
2012-08-17 00:00:00;94.07;111.62;115.22
2012-08-20 00:00:00;93.89;111.46;115.06
2012-08-21 00:00:00;94.12;111.73;115.34
2012-08-22 00:00:00;93.67;111.21;114.8
2012-08-23 00:00:00;93.63;111.15;114.75
2012-08-24 00:00:00;93.74;111.29;114.89
2012-08-27 00:00:00;93.78;111.35;114.95
2012-08-28 00:00:00;93.67;111.24;114.83
2012-08-29 00:00:00;93.57;111.16;114.78
2012-08-30 00:00:00;93.04;110.53;114.12
2012-08-31 00:00:00;93.26;110.79;114.4
2012-09-03 00:00:00;93.35;110.92;114.52
2012-09-04 00:00:00;93.07;110.58;114.17
2012-09-05 00:00:00;92.74;110.21;113.8
2012-09-06 00:00:00;94.06;111.81;115.46
2012-09-07 00:00:00;94.67;112.55;116.23
2012-09-10 00:00:00;94.51;112.35;116.03
2012-09-11 00:00:00;94.88;112.8;116.49
2012-09-12 00:00:00;95.21;113.21;116.91
2012-09-13 00:00:00;95.76;113.86;117.59
2012-09-14 00:00:00;96.13;114.3;118.04
2012-09-17 00:00:00;95.69;113.77;117.5
2012-09-18 00:00:00;95.44;113.48;117.19
2012-09-19 00:00:00;95.56;113.62;117.34
2012-09-20 00:00:00;94.86;112.79;116.48
2012-09-21 00:00:00;95.27;113.27;116.98
2012-09-24 00:00:00;95.43;113.48;117.19
2012-09-25 00:00:00;95.39;113.48;117.22
2012-09-26 00:00:00;94.36;112.4;116.12
2012-09-27 00:00:00;94.7;112.82;116.56
2012-09-28 00:00:00;94.1;112.11;115.83
2012-10-01 00:00:00;94.43;112.53;116.26
2012-10-02 00:00:00;94.67;112.81;116.56
2012-10-03 00:00:00;94.87;113.06;116.81
2012-10-04 00:00:00;95.42;113.72;117.5
2012-10-05 00:00:00;95.84;114.29;118.12
2012-10-08 00:00:00;95.26;113.6;117.4
2012-10-09 00:00:00;94.31;112.47;116.24
2012-10-10 00:00:00;94.06;112.17;115.93
2012-10-11 00:00:00;94.27;112.42;116.19
2012-10-12 00:00:00;94.05;112.16;115.92
2012-10-15 00:00:00;94.03;112.14;115.9
2012-10-16 00:00:00;94.9;113.18;116.97
2012-10-17 00:00:00;95.74;114.18;118.01
2012-10-18 00:00:00;95.93;114.4;118.24
2012-10-19 00:00:00;95.11;113.42;117.22
2012-10-22 00:00:00;94.89;113.18;116.98
2012-10-23 00:00:00;93.78;111.85;115.61
2012-10-24 00:00:00;93.64;111.69;115.44
2012-10-25 00:00:00;93.88;111.97;115.72
2012-10-26 00:00:00;94.0;112.11;115.87
2012-10-29 00:00:00;93.74;111.81;115.56
2012-10-30 00:00:00;93.91;112.02;115.78
2012-10-31 00:00:00;93.91;112.02;115.8
2012-11-01 00:00:00;94.31;112.52;116.31
2012-11-02 00:00:00;93.75;111.85;115.63
2012-11-05 00:00:00;93.25;111.26;115.02
2012-11-06 00:00:00;93.45;111.5;115.27
2012-11-07 00:00:00;92.25;110.09;113.81
2012-11-08 00:00:00;91.42;109.12;112.82
2012-11-09 00:00:00;91.06;108.69;112.38
2012-11-12 00:00:00;90.84;108.43;112.11
2012-11-13 00:00:00;90.5;108.06;111.73
2012-11-14 00:00:00;89.68;107.09;110.73
2012-11-15 00:00:00;89.19;106.51;110.13
2012-11-16 00:00:00;88.89;106.14;109.75
2012-11-19 00:00:00;90.38;107.94;111.62
2012-11-20 00:00:00;90.38;107.95;111.63
2012-11-21 00:00:00;90.45;108.1;111.79
2012-11-22 00:00:00;90.79;108.52;112.22
2012-11-23 00:00:00;91.5;109.36;113.09
2012-11-26 00:00:00;91.46;109.32;113.05
2012-11-27 00:00:00;91.43;109.29;113.02
2012-11-28 00:00:00;91.82;109.84;113.61
2012-11-29 00:00:00;92.64;110.82;114.63
2012-11-30 00:00:00;92.62;110.8;114.61
2012-12-03 00:00:00;92.52;110.69;114.49
2012-12-04 00:00:00;92.63;110.82;114.63
2012-12-05 00:00:00;92.98;111.27;115.09
2012-12-06 00:00:00;93.05;111.37;115.2
2012-12-07 00:00:00;93.12;111.46;115.3
2012-12-10 00:00:00;93.2;111.56;115.4
2012-12-11 00:00:00;93.59;112.03;115.89
2012-12-12 00:00:00;93.74;112.21;116.08
2012-12-13 00:00:00;93.57;112.01;115.87
2012-12-14 00:00:00;93.42;111.83;115.68
2012-12-17 00:00:00;93.9;112.4;116.28
2012-12-18 00:00:00;94.57;113.21;117.12
2012-12-19 00:00:00;94.7;113.38;117.29
2012-12-20 00:00:00;94.93;113.66;117.59
2012-12-21 00:00:00;94.38;113.03;116.94
2012-12-24 00:00:00;94.22;112.85;116.76
2012-12-27 00:00:00;94.03;112.65;116.56
2012-12-28 00:00:00;93.6;112.14;116.04
2012-12-31 00:00:00;94.11;112.76;116.68
2013-01-02 00:00:00;95.91;114.91;118.9
2013-01-03 00:00:00;95.65;114.65;118.65
2013-01-04 00:00:00;96.03;115.11;119.12
2013-01-07 00:00:00;95.73;114.74;118.74
2013-01-08 00:00:00;95.5;114.55;118.58
2013-01-09 00:00:00;95.76;114.86;118.91
2013-01-10 00:00:00;96.14;115.32;119.38
2013-01-11 00:00:00;96.23;115.42;119.49
2013-01-14 00:00:00;96.05;115.21;119.27
2013-01-15 00:00:00;96.22;115.42;119.48
2013-01-16 00:00:00;95.91;115.05;119.1
2013-01-17 00:00:00;96.32;115.53;119.6
2013-01-18 00:00:00;96.41;115.64;119.71
2013-01-21 00:00:00;96.67;115.95;120.03
2013-01-22 00:00:00;97.0;116.35;120.45
2013-01-23 00:00:00;96.93;116.28;120.38
2013-01-24 00:00:00;97.15;116.55;120.65
2013-01-25 00:00:00;97.62;117.12;121.24
2013-01-28 00:00:00;97.59;117.08;121.2
2013-01-29 00:00:00;98.29;117.94;122.1
2013-01-30 00:00:00;98.12;117.75;121.9
2013-01-31 00:00:00;97.88;117.47;121.62
2013-02-01 00:00:00;98.42;118.12;122.3
2013-02-04 00:00:00;97.44;116.95;121.08
2013-02-05 00:00:00;97.55;117.08;121.22
2013-02-06 00:00:00;97.67;117.23;121.38
2013-02-07 00:00:00;97.7;117.27;121.42
2013-02-08 00:00:00;97.99;117.62;121.78
2013-02-11 00:00:00;97.82;117.42;121.58
2013-02-12 00:00:00;98.47;118.21;122.4
2013-02-13 00:00:00;98.45;118.2;122.39
2013-02-14 00:00:00;97.85;117.5;121.68
2013-02-15 00:00:00;97.65;117.26;121.42
2013-02-18 00:00:00;97.84;117.54;121.71
2013-02-19 00:00:00;98.48;118.3;122.51
2013-02-20 00:00:00;98.19;117.97;122.16
2013-02-21 00:00:00;97.11;116.67;120.82
2013-02-22 00:00:00;97.93;117.65;121.84
2013-02-25 00:00:00;97.48;117.12;121.28
2013-02-26 00:00:00;97.1;116.71;120.88
2013-02-27 00:00:00;98.0;117.8;122.01
2013-02-28 00:00:00;98.55;118.47;122.7
2013-03-01 00:00:00;98.35;118.22;122.45
2013-03-04 00:00:00;99.25;119.31;123.57
2013-03-05 00:00:00;99.98;120.2;124.5
2013-03-06 00:00:00;100.11;120.38;124.69
2013-03-07 00:00:00;99.97;120.22;124.53
2013-03-08 00:00:00;100.33;120.66;124.99
2013-03-11 00:00:00;100.85;121.29;125.65
2013-03-12 00:00:00;100.56;120.94;125.28
2013-03-13 00:00:00;100.09;120.39;124.72
2013-03-14 00:00:00;100.9;121.37;125.73
2013-03-15 00:00:00;101.27;121.81;126.19
2013-03-18 00:00:00;100.54;120.93;125.28
2013-03-19 00:00:00;100.86;121.32;125.68
2013-03-20 00:00:00;101.45;122.04;126.42
2013-03-21 00:00:00;101.47;122.06;126.45
2013-03-22 00:00:00;101.85;122.54;126.95
2013-03-25 00:00:00;101.63;122.28;126.68
2013-03-26 00:00:00;102.08;122.86;127.29
2013-03-27 00:00:00;101.87;122.69;127.13
2013-03-28 00:00:00;102.59;123.57;128.04
2013-04-02 00:00:00;102.46;123.43;127.9
2013-04-03 00:00:00;102.16;123.08;127.54
2013-04-04 00:00:00;102.13;123.05;127.51
2013-04-05 00:00:00;102.61;123.62;128.11
2013-04-08 00:00:00;103.09;124.28;128.83
2013-04-09 00:00:00;103.31;124.55;129.11
2013-04-10 00:00:00;104.43;125.9;130.5
2013-04-11 00:00:00;105.19;126.83;131.47
2013-04-12 00:00:00;105.06;126.66;131.29
2013-04-15 00:00:00;103.94;125.32;129.9
2013-04-16 00:00:00;104.11;125.52;130.11
2013-04-17 00:00:00;103.23;124.46;129.01
2013-04-18 00:00:00;103.36;124.62;129.18
2013-04-19 00:00:00;103.91;125.34;129.94
2013-04-22 00:00:00;104.22;125.72;130.34
2013-04-23 00:00:00;104.93;126.58;131.23
2013-04-24 00:00:00;104.99;126.7;131.36
2013-04-25 00:00:00;105.73;127.64;132.36
2013-04-26 00:00:00;105.67;127.58;132.29
2013-04-29 00:00:00;106.31;128.36;133.1
2013-04-30 00:00:00;107.0;129.19;133.96
2013-05-01 00:00:00;106.54;128.64;133.39
2013-05-02 00:00:00;106.51;128.62;133.39
2013-05-03 00:00:00;106.99;129.21;134.0
2013-05-06 00:00:00;106.54;128.77;133.59
2013-05-07 00:00:00;107.41;129.83;134.69
2013-05-08 00:00:00;108.0;130.55;135.44
2013-05-09 00:00:00;107.17;129.56;134.41
2013-05-10 00:00:00;107.05;129.42;134.26
2013-05-13 00:00:00;106.84;129.18;134.03
2013-05-14 00:00:00;107.51;129.99;134.87
2013-05-15 00:00:00;107.79;130.35;135.25
2013-05-16 00:00:00;107.47;129.97;134.86
2013-05-17 00:00:00;107.44;130.0;134.91
2013-05-20 00:00:00;107.54;130.17;135.12
2013-05-21 00:00:00;107.23;129.81;134.74
2013-05-22 00:00:00;106.5;128.92;133.82
2013-05-23 00:00:00;105.14;127.27;132.11
2013-05-24 00:00:00;104.94;127.03;131.86
2013-05-27 00:00:00;104.71;126.79;131.62
2013-05-28 00:00:00;104.36;126.36;131.17
2013-05-29 00:00:00;103.41;125.23;130.01
2013-05-30 00:00:00;103.01;124.86;129.63
2013-05-31 00:00:00;102.02;123.66;128.39
2013-06-03 00:00:00;101.63;123.2;127.91
2013-06-04 00:00:00;102.03;123.72;128.45
2013-06-05 00:00:00;100.48;121.95;126.64
2013-06-06 00:00:00;101.17;122.8;127.52
2013-06-07 00:00:00;101.89;123.68;128.43
2013-06-10 00:00:00;101.92;123.7;128.46
2013-06-11 00:00:00;101.35;123.03;127.76
2013-06-12 00:00:00;101.05;122.84;127.56
2013-06-13 00:00:00;101.27;123.11;127.84
2013-06-14 00:00:00;101.66;123.58;128.34
2013-06-17 00:00:00;102.3;124.37;129.15
2013-06-18 00:00:00;102.59;124.72;129.52
2013-06-19 00:00:00;101.69;123.67;128.44
2013-06-20 00:00:00;98.35;119.61;124.22
2013-06-21 00:00:00;98.17;119.4;124.0
2013-06-24 00:00:00;97.19;118.29;122.87
2013-06-25 00:00:00;98.07;119.37;123.99
2013-06-26 00:00:00;99.34;120.94;125.63
2013-06-27 00:00:00;100.06;121.83;126.57
2013-06-28 00:00:00;100.55;122.42;127.18
2013-07-01 00:00:00;100.85;122.8;127.58
2013-07-02 00:00:00;100.87;122.83;127.61
2013-07-03 00:00:00;100.29;122.17;126.93
2013-07-04 00:00:00;100.88;122.89;127.69
2013-07-05 00:00:00;100.41;122.32;127.09
2013-07-08 00:00:00;100.73;122.78;127.61
2013-07-09 00:00:00;101.61;123.86;128.72
2013-07-10 00:00:00;101.92;124.23;129.12
2013-07-11 00:00:00;103.54;126.21;131.17
2013-07-12 00:00:00;103.42;126.07;131.03
2013-07-15 00:00:00;103.71;126.42;131.39
2013-07-16 00:00:00;103.85;126.6;131.58
2013-07-17 00:00:00;103.94;126.73;131.72
2013-07-18 00:00:00;104.44;127.35;132.36
2013-07-19 00:00:00;104.64;127.59;132.61
2013-07-22 00:00:00;105.02;128.05;133.09
2013-07-23 00:00:00;105.16;128.23;133.27
2013-07-24 00:00:00;104.79;127.78;132.81
2013-07-25 00:00:00;104.72;127.69;132.72
2013-07-26 00:00:00;104.69;127.66;132.68
2013-07-29 00:00:00;104.25;127.13;132.14
2013-07-30 00:00:00;104.24;127.12;132.13
2013-07-31 00:00:00;103.82;126.65;131.65
2013-08-01 00:00:00;105.08;128.21;133.27
2013-08-02 00:00:00;105.6;128.84;133.93
2013-08-05 00:00:00;105.18;128.35;133.42
2013-08-06 00:00:00;104.96;128.07;133.13
2013-08-07 00:00:00;104.53;127.6;132.65
2013-08-08 00:00:00;105.0;128.18;133.25
2013-08-09 00:00:00;104.75;127.88;132.94
2013-08-12 00:00:00;104.38;127.43;132.48
2013-08-13 00:00:00;104.39;127.46;132.52
2013-08-14 00:00:00;104.19;127.23;132.29
2013-08-15 00:00:00;103.05;125.85;130.85
2013-08-16 00:00:00;102.95;125.72;130.72
2013-08-19 00:00:00;102.26;124.93;129.89
2013-08-20 00:00:00;102.22;124.89;129.85
2013-08-21 00:00:00;101.42;123.9;128.83
2013-08-22 00:00:00;101.64;124.18;129.12
2013-08-23 00:00:00;102.41;125.12;130.09
2013-08-26 00:00:00;101.89;124.49;129.44
2013-08-27 00:00:00;101.08;123.5;128.41
2013-08-28 00:00:00;100.92;123.33;128.25
2013-08-29 00:00:00;101.32;123.83;128.76
2013-08-30 00:00:00;100.87;123.28;128.19
2013-09-02 00:00:00;101.55;124.15;129.1
2013-09-03 00:00:00;101.34;123.89;128.83
2013-09-04 00:00:00;101.91;124.62;129.6
2013-09-05 00:00:00;101.96;124.73;129.73
2013-09-06 00:00:00;102.43;125.3;130.33
2013-09-09 00:00:00;103.24;126.3;131.37
2013-09-10 00:00:00;104.2;127.47;132.59
2013-09-11 00:00:00;104.54;127.9;133.03
2013-09-12 00:00:00;104.66;128.06;133.2
2013-09-13 00:00:00;104.86;128.3;133.46
2013-09-16 00:00:00;105.81;129.47;134.68
2013-09-17 00:00:00;105.85;129.51;134.72
2013-09-18 00:00:00;106.71;130.57;135.82
2013-09-19 00:00:00;107.79;131.89;137.19
2013-09-20 00:00:00;107.01;130.94;136.21
2013-09-23 00:00:00;107.05;130.99;136.26
2013-09-24 00:00:00;106.94;130.86;136.12
2013-09-25 00:00:00;106.7;130.61;135.86
2013-09-26 00:00:00;106.86;130.9;136.19
2013-09-27 00:00:00;106.92;130.97;136.26
2013-09-30 00:00:00;106.3;130.26;135.52
2013-10-01 00:00:00;107.08;131.22;136.52
2013-10-02 00:00:00;107.29;131.48;136.79
2013-10-03 00:00:00;106.95;131.07;136.36
2013-10-04 00:00:00;107.04;131.17;136.47
2013-10-07 00:00:00;106.91;131.01;136.3
2013-10-08 00:00:00;106.38;130.44;135.75
2013-10-09 00:00:00;106.36;130.42;135.73
2013-10-10 00:00:00;107.8;132.19;137.57
2013-10-11 00:00:00;108.41;132.94;138.35
2013-10-14 00:00:00;108.48;133.02;138.43
2013-10-15 00:00:00;108.14;132.6;138.0
2013-10-16 00:00:00;108.89;133.52;138.96
2013-10-17 00:00:00;109.8;134.65;140.13
2013-10-18 00:00:00;110.43;135.42;140.93
2013-10-21 00:00:00;110.63;135.67;141.19
2013-10-22 00:00:00;111.35;136.55;142.12
2013-10-23 00:00:00;111.16;136.32;141.87
2013-10-24 00:00:00;111.33;136.53;142.09
2013-10-25 00:00:00;111.14;136.29;141.85
2013-10-28 00:00:00;111.29;136.49;142.05
2013-10-29 00:00:00;111.5;136.75;142.33
2013-10-30 00:00:00;111.18;136.37;141.93
2013-10-31 00:00:00;110.68;135.77;141.32
2013-11-01 00:00:00;110.53;135.59;141.13
2013-11-04 00:00:00;110.75;135.86;141.41
2013-11-05 00:00:00;110.18;135.17;140.7
2013-11-06 00:00:00;110.78;135.98;141.57
2013-11-07 00:00:00;109.53;134.44;139.96
2013-11-08 00:00:00;109.29;134.16;139.67
2013-11-11 00:00:00;109.57;134.5;140.02
2013-11-12 00:00:00;109.66;134.62;140.16
2013-11-13 00:00:00;109.61;134.6;140.15
2013-11-14 00:00:00;110.19;135.31;140.89
2013-11-15 00:00:00;110.77;136.1;141.73
2013-11-18 00:00:00;111.26;136.7;142.36
2013-11-19 00:00:00;110.47;135.73;141.35
2013-11-20 00:00:00;109.78;134.97;140.56
2013-11-21 00:00:00;109.83;135.03;140.63
2013-11-22 00:00:00;110.4;135.73;141.36
2013-11-25 00:00:00;110.56;135.93;141.57
2013-11-26 00:00:00;110.32;135.66;141.29
2013-11-27 00:00:00;110.32;135.66;141.29
2013-11-28 00:00:00;110.46;135.83;141.48
2013-11-29 00:00:00;110.45;135.83;141.48
2013-12-02 00:00:00;109.95;135.23;140.86
2013-12-03 00:00:00;109.55;134.74;140.35
2013-12-04 00:00:00;108.72;133.8;139.37
2013-12-05 00:00:00;108.54;133.57;139.14
2013-12-06 00:00:00;109.49;134.77;140.39
2013-12-09 00:00:00;109.79;135.13;140.77
2013-12-10 00:00:00;109.41;134.67;140.28
2013-12-11 00:00:00;108.44;133.49;139.06
2013-12-12 00:00:00;107.94;132.88;138.44
2013-12-13 00:00:00;107.77;132.68;138.22
2013-12-16 00:00:00;108.28;133.31;138.88
2013-12-17 00:00:00;108.06;133.03;138.59
2013-12-18 00:00:00;109.26;134.53;140.15
2013-12-19 00:00:00;109.64;135.0;140.64
2013-12-20 00:00:00;109.86;135.27;140.92
2013-12-23 00:00:00;110.46;136.08;141.79
2013-12-24 00:00:00;110.68;136.35;142.07
2013-12-26 00:00:00;110.85;136.56;142.29
2013-12-27 00:00:00;111.3;137.16;142.92
2013-12-30 00:00:00;111.55;137.47;143.26
2013-12-31 00:00:00;111.81;137.8;143.6
2014-01-02 00:00:00;110.63;136.33;142.08
2014-01-03 00:00:00;110.62;136.32;142.06
2014-01-06 00:00:00;110.09;135.67;141.39
2014-01-07 00:00:00;110.53;136.21;141.95
2014-01-08 00:00:00;110.12;135.79;141.55
2014-01-09 00:00:00;109.82;135.43;141.17
2014-01-10 00:00:00;110.77;136.6;142.39
2014-01-13 00:00:00;110.21;135.94;141.72
2014-01-14 00:00:00;110.3;136.06;141.84
2014-01-15 00:00:00;110.79;136.66;142.46
2014-01-16 00:00:00;110.57;136.39;142.18
2014-01-17 00:00:00;110.74;136.59;142.4
2014-01-20 00:00:00;110.73;136.58;142.38
2014-01-21 00:00:00;110.71;136.56;142.36
2014-01-22 00:00:00;111.1;137.07;142.89
2014-01-23 00:00:00;110.85;136.76;142.57
2014-01-24 00:00:00;109.01;134.48;140.2
2014-01-27 00:00:00;108.39;133.73;139.41
2014-01-28 00:00:00;108.49;133.85;139.53
2014-01-29 00:00:00;108.4;133.75;139.44
2014-01-30 00:00:00;109.04;134.56;140.29
2014-01-31 00:00:00;109.02;134.54;140.27
2014-02-03 00:00:00;107.61;132.8;138.46
2014-02-04 00:00:00;107.15;132.23;137.87
2014-02-05 00:00:00;107.03;132.1;137.73
2014-02-06 00:00:00;108.26;133.63;139.33
2014-02-07 00:00:00;109.19;134.78;140.53
2014-02-10 00:00:00;109.35;134.99;140.75
2014-02-11 00:00:00;110.3;136.16;141.97
2014-02-12 00:00:00;110.6;136.58;142.43
2014-02-13 00:00:00;110.95;137.01;142.88
2014-02-14 00:00:00;111.43;137.6;143.5
2014-02-17 00:00:00;111.68;137.92;143.83
2014-02-18 00:00:00;111.88;138.16;144.08
2014-02-19 00:00:00;111.59;137.8;143.71
2014-02-20 00:00:00;111.99;138.3;144.22
2014-02-21 00:00:00;112.4;138.8;144.75
2014-02-24 00:00:00;112.44;138.9;144.86
2014-02-25 00:00:00;112.34;138.79;144.74
2014-02-26 00:00:00;111.81;138.19;144.14
2014-02-27 00:00:00;112.23;138.71;144.69
2014-02-28 00:00:00;112.82;139.45;145.45
2014-03-03 00:00:00;111.7;138.07;144.02
2014-03-04 00:00:00;112.88;139.53;145.54
2014-03-05 00:00:00;112.94;139.61;145.62
2014-03-06 00:00:00;113.37;140.18;146.23
2014-03-07 00:00:00;113.02;139.74;145.78
2014-03-10 00:00:00;112.5;139.1;145.11
2014-03-11 00:00:00;112.57;139.19;145.2
2014-03-12 00:00:00;112.46;139.09;145.11
2014-03-13 00:00:00;112.13;138.68;144.68
2014-03-14 00:00:00;111.62;138.04;144.01
2014-03-17 00:00:00;112.5;139.13;145.15
2014-03-18 00:00:00;113.1;139.89;145.94
2014-03-19 00:00:00;112.61;139.27;145.3
2014-03-20 00:00:00;112.02;138.55;144.54
2014-03-21 00:00:00;112.03;138.56;144.55
2014-03-24 00:00:00;112.13;138.68;144.68
2014-03-25 00:00:00;112.65;139.34;145.37
2014-03-26 00:00:00;112.62;139.31;145.34
2014-03-27 00:00:00;112.72;139.53;145.6
2014-03-28 00:00:00;113.48;140.48;146.6
2014-03-31 00:00:00;114.19;141.38;147.54
2014-04-01 00:00:00;114.38;141.6;147.77
2014-04-02 00:00:00;114.66;141.96;148.14
2014-04-03 00:00:00;114.65;141.93;148.12
2014-04-04 00:00:00;114.52;141.78;147.96
2014-04-07 00:00:00;113.75;140.83;146.96
2014-04-08 00:00:00;113.97;141.23;147.43
2014-04-09 00:00:00;114.23;141.57;147.8
2014-04-10 00:00:00;113.72;140.93;147.13
2014-04-11 00:00:00;112.66;139.62;145.77
2014-04-14 00:00:00;112.72;139.69;145.84
2014-04-15 00:00:00;112.8;139.8;145.95
2014-04-16 00:00:00;114.19;141.52;147.75
2014-04-17 00:00:00;114.45;141.88;148.13
2014-04-21 00:00:00;114.64;142.12;148.39
2014-04-22 00:00:00;115.28;142.92;149.22
2014-04-23 00:00:00;114.9;142.5;148.79
2014-04-24 00:00:00;114.79;142.37;148.65
2014-04-25 00:00:00;114.63;142.17;148.44
2014-04-28 00:00:00;114.95;142.58;148.88
2014-04-29 00:00:00;115.41;143.15;149.47
2014-04-30 00:00:00;115.93;143.89;150.28
2014-05-01 00:00:00;116.21;144.25;150.67
2014-05-02 00:00:00;116.03;144.09;150.53
2014-05-05 00:00:00;116.23;144.34;150.78
2014-05-06 00:00:00;116.35;144.49;150.94
2014-05-07 00:00:00;116.53;144.79;151.28
2014-05-08 00:00:00;116.84;145.18;151.7
2014-05-09 00:00:00;116.38;144.61;151.1
2014-05-12 00:00:00;116.77;145.12;151.63
2014-05-13 00:00:00;116.82;145.19;151.71
2014-05-14 00:00:00;117.05;145.51;152.05
2014-05-15 00:00:00;116.42;144.72;151.23
2014-05-16 00:00:00;116.67;145.1;151.63
2014-05-19 00:00:00;116.64;145.11;151.64
2014-05-20 00:00:00;116.29;144.67;151.2
2014-05-21 00:00:00;116.74;145.24;151.79
2014-05-22 00:00:00;117.26;145.88;152.46
2014-05-23 00:00:00;117.51;146.21;152.82
2014-05-26 00:00:00;117.91;146.74;153.38
2014-05-27 00:00:00;117.91;146.77;153.41
2014-05-28 00:00:00;118.04;147.07;153.73
2014-05-29 00:00:00;118.35;147.47;154.16
2014-05-30 00:00:00;118.67;147.87;154.57
2014-06-02 00:00:00;118.98;148.26;154.99
2014-06-03 00:00:00;118.79;148.03;154.74
2014-06-04 00:00:00;118.72;148.05;154.77
2014-06-05 00:00:00;119.33;148.82;155.59
2014-06-06 00:00:00;119.85;149.49;156.29
2014-06-09 00:00:00;119.91;149.57;156.37
2014-06-10 00:00:00;119.84;149.48;156.28
2014-06-11 00:00:00;119.23;148.85;155.62
2014-06-12 00:00:00;119.15;148.77;155.55
2014-06-13 00:00:00;119.43;149.12;155.92
2014-06-16 00:00:00;119.7;149.47;156.28
2014-06-17 00:00:00;119.56;149.29;156.1
2014-06-18 00:00:00;120.3;150.27;157.13
2014-06-19 00:00:00;121.43;151.69;158.61
2014-06-20 00:00:00;121.08;151.24;158.14
2014-06-23 00:00:00;120.85;151.01;157.92
2014-06-24 00:00:00;120.57;150.67;157.56
2014-06-25 00:00:00;120.66;150.78;157.68
2014-06-26 00:00:00;120.9;151.17;158.11
2014-06-27 00:00:00;121.29;151.66;158.63
2014-06-30 00:00:00;121.66;152.13;159.13
2014-07-01 00:00:00;122.04;152.61;159.63
2014-07-02 00:00:00;121.96;152.51;159.53
2014-07-03 00:00:00;121.89;152.48;159.5
2014-07-04 00:00:00;121.96;152.57;159.6
2014-07-07 00:00:00;121.54;152.04;159.05
2014-07-08 00:00:00;120.96;151.42;158.45
2014-07-09 00:00:00;121.33;151.89;158.94
2014-07-10 00:00:00;120.86;151.29;158.32
2014-07-11 00:00:00;121.18;151.7;158.74
2014-07-14 00:00:00;121.6;152.23;159.3
2014-07-15 00:00:00;121.75;152.42;159.5
2014-07-16 00:00:00;122.64;153.54;160.67
2014-07-17 00:00:00;121.87;152.59;159.68
2014-07-18 00:00:00;122.7;153.64;160.78
2014-07-21 00:00:00;122.5;153.38;160.51
2014-07-22 00:00:00;123.44;154.56;161.74
2014-07-23 00:00:00;123.46;154.64;161.83
2014-07-24 00:00:00;123.37;154.53;161.71
2014-07-25 00:00:00;122.92;153.97;161.13
2014-07-28 00:00:00;123.08;154.17;161.33
2014-07-29 00:00:00;123.07;154.16;161.33
2014-07-30 00:00:00;122.35;153.27;160.4
2014-07-31 00:00:00;120.69;151.22;158.26
2014-08-01 00:00:00;119.76;150.05;157.04
2014-08-04 00:00:00;119.66;149.93;156.91
2014-08-05 00:00:00;118.92;148.99;155.93
2014-08-06 00:00:00;118.17;148.08;154.98
2014-08-07 00:00:00;117.98;147.84;154.74
2014-08-08 00:00:00;118.24;148.17;155.08
2014-08-11 00:00:00;119.11;149.27;156.24
2014-08-12 00:00:00;119.24;149.44;156.41
2014-08-13 00:00:00;119.84;150.27;157.29
2014-08-14 00:00:00;120.64;151.27;158.34
2014-08-15 00:00:00;120.94;151.65;158.74
2014-08-18 00:00:00;121.48;152.32;159.45
2014-08-19 00:00:00;121.9;152.85;160.0
2014-08-20 00:00:00;122.17;153.18;160.35
2014-08-21 00:00:00;122.42;153.51;160.69
2014-08-22 00:00:00;121.97;152.94;160.1
2014-08-25 00:00:00;122.59;153.72;160.91
2014-08-26 00:00:00;122.5;153.61;160.8
2014-08-27 00:00:00;122.84;154.16;161.4
2014-08-28 00:00:00;122.8;154.1;161.34
2014-08-29 00:00:00;123.25;154.69;161.95
2014-09-01 00:00:00;123.25;154.68;161.95
2014-09-02 00:00:00;123.28;154.72;161.99
2014-09-03 00:00:00;124.03;155.67;162.99
2014-09-04 00:00:00;123.99;155.65;162.98
2014-09-05 00:00:00;124.3;156.07;163.42
2014-09-08 00:00:00;123.81;155.47;162.79
2014-09-09 00:00:00;122.98;154.42;161.7
2014-09-10 00:00:00;122.61;153.98;161.23
2014-09-11 00:00:00;122.96;154.43;161.72
2014-09-12 00:00:00;121.93;153.14;160.37
2014-09-15 00:00:00;121.72;152.88;160.09
2014-09-16 00:00:00;122.13;153.39;160.62
2014-09-17 00:00:00;122.58;153.95;161.22
2014-09-18 00:00:00;122.66;154.05;161.32
2014-09-19 00:00:00;122.85;154.3;161.58
2014-09-22 00:00:00;121.75;152.92;160.14
2014-09-23 00:00:00;120.85;151.79;158.96
2014-09-24 00:00:00;121.0;152.02;159.2
2014-09-25 00:00:00;120.01;150.77;157.89
2014-09-26 00:00:00;120.08;150.96;158.12
2014-09-29 00:00:00;119.83;150.69;157.85
2014-09-30 00:00:00;119.86;150.73;157.89
2014-10-01 00:00:00;118.88;149.5;156.6
2014-10-02 00:00:00;118.28;148.75;155.81
2014-10-03 00:00:00;118.82;149.43;156.52
2014-10-06 00:00:00;119.16;149.85;156.97
2014-10-07 00:00:00;118.33;148.82;155.88
2014-10-08 00:00:00;118.64;149.31;156.45
2014-10-09 00:00:00;117.34;147.68;154.74
2014-10-10 00:00:00;115.49;145.35;152.3
2014-10-13 00:00:00;115.09;144.89;151.83
2014-10-14 00:00:00;114.59;144.26;151.17
2014-10-15 00:00:00;113.73;143.18;150.04
2014-10-16 00:00:00;113.82;143.29;150.15
2014-10-17 00:00:00;115.3;145.15;152.11
2014-10-20 00:00:00;116.33;146.45;153.47
2014-10-21 00:00:00;117.49;147.91;155.0
2014-10-22 00:00:00;117.51;147.94;155.03
2014-10-23 00:00:00;118.13;148.72;155.85
2014-10-24 00:00:00;118.99;149.79;156.98
2014-10-27 00:00:00;119.08;149.91;157.1
2014-10-28 00:00:00;120.52;151.73;159.0
2014-10-29 00:00:00;120.59;151.83;159.11
2014-10-30 00:00:00;120.81;152.13;159.43
2014-10-31 00:00:00;122.01;153.63;161.01
2014-11-03 00:00:00;121.04;152.41;159.73
2014-11-04 00:00:00;120.87;152.21;159.53
2014-11-05 00:00:00;121.48;152.99;160.34
2014-11-06 00:00:00;120.97;152.36;159.69
2014-11-07 00:00:00;121.05;152.46;159.8
2014-11-10 00:00:00;121.61;153.17;160.54
2014-11-11 00:00:00;121.88;153.51;160.9
2014-11-12 00:00:00;121.51;153.09;160.48
2014-11-13 00:00:00;121.49;153.07;160.46
2014-11-14 00:00:00;121.37;152.91;160.3
2014-11-17 00:00:00;121.3;152.83;160.21
2014-11-18 00:00:00;122.14;153.89;161.32
2014-11-19 00:00:00;122.02;153.79;161.23
2014-11-20 00:00:00;121.69;153.48;160.9
2014-11-21 00:00:00;122.31;154.26;161.72
2014-11-24 00:00:00;122.31;154.28;161.75
2014-11-25 00:00:00;122.83;154.97;162.48
2014-11-26 00:00:00;123.67;156.02;163.59
2014-11-27 00:00:00;123.5;155.81;163.37
2014-11-28 00:00:00;122.64;154.75;162.26
2014-12-01 00:00:00;121.52;153.34;160.79
2014-12-02 00:00:00;121.68;153.58;161.05
2014-12-03 00:00:00;121.87;153.83;161.31
2014-12-04 00:00:00;121.51;153.38;160.84
2014-12-05 00:00:00;121.27;153.07;160.52
2014-12-08 00:00:00;120.16;151.71;159.11
2014-12-09 00:00:00;119.54;150.94;158.29
2014-12-10 00:00:00;118.0;149.0;156.27
2014-12-11 00:00:00;118.14;149.19;156.47
2014-12-12 00:00:00;116.84;147.55;154.76
2014-12-15 00:00:00;115.74;146.16;153.3
2014-12-16 00:00:00;116.59;147.25;154.44
2014-12-17 00:00:00;117.5;148.39;155.64
2014-12-18 00:00:00;119.61;151.08;158.46
2014-12-19 00:00:00;120.02;151.61;159.02
2014-12-22 00:00:00;120.75;152.54;160.0
2014-12-23 00:00:00;121.11;152.99;160.48
2014-12-24 00:00:00;121.53;153.53;161.04
2014-12-29 00:00:00;122.25;154.53;162.12
2014-12-30 00:00:00;121.2;153.21;160.74
2014-12-31 00:00:00;120.49;152.31;159.8
2015-01-02 00:00:00;120.12;151.85;159.31
2015-01-05 00:00:00;117.47;148.51;155.81
2015-01-06 00:00:00;116.55;147.34;154.58
2015-01-07 00:00:00;116.5;147.39;154.68
2015-01-08 00:00:00;118.68;150.15;157.58
2015-01-09 00:00:00;118.14;149.46;156.86
2015-01-12 00:00:00;117.68;148.88;156.25
2015-01-13 00:00:00;118.06;149.36;156.76
2015-01-14 00:00:00;117.86;149.12;156.5
2015-01-15 00:00:00;118.45;149.86;157.28
2015-01-16 00:00:00;119.16;150.75;158.21
2015-01-19 00:00:00;119.58;151.29;158.78
2015-01-20 00:00:00;119.88;151.67;159.18
2015-01-21 00:00:00;120.81;152.84;160.41
2015-01-22 00:00:00;121.53;153.78;161.39
2015-01-23 00:00:00;121.15;153.3;160.89
2015-01-26 00:00:00;121.68;153.98;161.6
2015-01-27 00:00:00;122.18;154.6;162.26
2015-01-28 00:00:00;121.48;153.73;161.34
2015-01-29 00:00:00;121.49;153.77;161.4
2015-01-30 00:00:00;120.06;151.96;159.5
2015-02-02 00:00:00;121.22;153.42;161.03
2015-02-03 00:00:00;122.32;154.82;162.5
2015-02-04 00:00:00;122.27;154.76;162.43
2015-02-05 00:00:00;122.91;155.57;163.29
2015-02-06 00:00:00;121.65;153.99;161.63
2015-02-09 00:00:00;120.5;152.53;160.1
2015-02-10 00:00:00;121.41;153.69;161.32
2015-02-11 00:00:00;120.62;152.73;160.33
2015-02-12 00:00:00;122.05;154.55;162.25
2015-02-13 00:00:00;122.19;154.74;162.45
2015-02-16 00:00:00;121.98;154.48;162.18
2015-02-17 00:00:00;122.26;154.83;162.54
2015-02-18 00:00:00;122.65;155.32;163.06
2015-02-19 00:00:00;122.44;155.06;162.78
2015-02-20 00:00:00;122.69;155.38;163.13
2015-02-23 00:00:00;122.92;155.67;163.43
2015-02-24 00:00:00;123.38;156.26;164.05
2015-02-25 00:00:00;123.31;156.26;164.07
2015-02-26 00:00:00;122.64;155.42;163.19
2015-02-27 00:00:00;122.85;155.69;163.48
2015-03-02 00:00:00;122.55;155.32;163.09
2015-03-03 00:00:00;122.14;154.79;162.54
2015-03-04 00:00:00;121.52;154.02;161.73
2015-03-05 00:00:00;121.77;154.35;162.07
2015-03-06 00:00:00;119.83;151.92;159.54
2015-03-09 00:00:00;119.36;151.32;158.91
2015-03-10 00:00:00;117.74;149.26;156.75
2015-03-11 00:00:00;117.56;149.06;156.54
2015-03-12 00:00:00;118.76;150.59;158.15
2015-03-13 00:00:00;117.97;149.58;157.09
2015-03-16 00:00:00;119.16;151.1;158.68
2015-03-17 00:00:00;119.46;151.49;159.09
2015-03-18 00:00:00;120.88;153.28;160.99
2015-03-19 00:00:00;120.6;152.93;160.62
2015-03-20 00:00:00;121.96;154.66;162.44
2015-03-23 00:00:00;122.17;154.93;162.72
2015-03-24 00:00:00;121.9;154.59;162.36
2015-03-25 00:00:00;121.32;153.86;161.6
2015-03-26 00:00:00;120.23;152.49;160.16
2015-03-27 00:00:00;120.0;152.29;159.97
2015-03-30 00:00:00;120.08;152.41;160.12
