Date;internalNumber;country;Final_Weight
2023-12-18;AE23IB;AE;0.001173493
2023-12-18;AE301S;AE;0.001143505
2023-12-18;AE20XN;AE;0.001115847
2023-12-18;BR00FH;BR;0.001418528
2023-12-18;IN10BH;IN;0.001705027
2023-12-18;AE303U;AE;0.000673353
2023-12-18;EG8013;EG;0.000459242
2023-12-18;IN104A;IN;0.000598854
2023-12-18;ZA00MV;ZA;0.001566872
2023-12-18;MX024P;MX;0.001350373
2023-12-18;TW117Y;TW;0.001470754
2023-12-18;MX11M7;MX;0.00141031
2023-12-18;IN11IP;IN;0.000644981
2023-12-18;IN616I;IN;0.000904203
2023-12-18;IN047G;IN;0.001772639
2023-12-18;AE22B3;AE;0.000684273
2023-12-18;SA238F;SA;0.00089982
2023-12-18;IN50Y8;IN;0.001174256
2023-12-18;MX802T;MX;0.001370236
2023-12-18;IN01TZ;IN;0.001251891
2023-12-18;IN0BN3;IN;0.00065257
2023-12-18;EG20EA;EG;0.000509425
2023-12-18;IN06S3;IN;0.001418024
2023-12-18;BR02Y2;BR;0.002445587
2023-12-18;BR02JN;BR;0.001509784
2023-12-18;IN0A1G;IN;0.000594833
2023-12-18;AE2280;AE;0.000426473
2023-12-18;MX406T;MX;0.002400864
2023-12-18;IN50W6;IN;0.001181008
2023-12-18;IN80DQ;IN;0.000498058
2023-12-18;IN811F;IN;0.001784508
2023-12-18;IN30KS;IN;0.000717485
2023-12-18;IN18V9;IN;0.001231973
2023-12-18;MX504S;MX;0.000759552
2023-12-18;SA23GN;SA;0.000948386
2023-12-18;IN60U5;IN;0.000795853
2023-12-18;BR906H;BR;0.001832539
2023-12-18;IN30EM;IN;0.000752973
2023-12-18;QA20MO;QA;0.001929827
2023-12-18;KR22S7;KR;0.000847519
2023-12-18;IN0B9P;IN;0.002202122
2023-12-18;IN041A;IN;0.001181706
2023-12-18;IN025C;IN;0.000678106
2023-12-18;QA20UW;QA;0.001156117
2023-12-18;MX109T;MX;0.001856335
2023-12-18;MX302O;MX;0.001309017
2023-12-18;BR10X0;BR;0.000452358
2023-12-18;MX204P;MX;0.000892836
2023-12-18;IN07NZ;IN;0.000518643
2023-12-18;IN07GS;IN;0.001181188
2023-12-18;IN70O0;IN;0.000533397
2023-12-18;TW02OF;TW;0.00201129
2023-12-18;IN60ZA;IN;0.000883176
2023-12-18;TW11B2;TW;0.001967975
2023-12-18;SA2239;SA;0.000810445
2023-12-18;IN12IQ;IN;0.001022791
2023-12-18;IN05KU;IN;0.001310691
2023-12-18;BR171B;BR;0.000922497
2023-12-18;TW03JB;TW;0.000860665
2023-12-18;IN09N1;IN;0.000944771
2023-12-18;IN10U0;IN;0.001362867
2023-12-18;IN60FQ;IN;0.000904148
2023-12-18;IN05T3;IN;0.000537579
2023-12-18;IN08AN;IN;0.00101604
2023-12-18;KR22L0;KR;0.000833105
2023-12-18;TW04YR;TW;0.00143071
2023-12-18;IN0BJZ;IN;0.000874231
2023-12-18;IN04LU;IN;0.001106476
2023-12-18;IN0BBR;IN;0.00052185
2023-12-18;IN303B;IN;0.000521544
2023-12-18;IN04R0;IN;0.001124129
2023-12-18;SA22DJ;SA;0.000694588
2023-12-18;SA226C;SA;0.000970411
2023-12-18;IN05PZ;IN;0.001715909
2023-12-18;IN315E;IN;0.000505154
2023-12-18;IN3019;IN;0.000556942
2023-12-18;IN403C;IN;0.001129907
2023-12-18;IN157I;IN;0.000726619
2023-12-18;IN20QX;IN;0.000790139
2023-12-18;MY245V;MY;0.000457681
2023-12-18;PL303G;PL;0.001218864
2023-12-18;SA25V4;SA;0.000680215
2023-12-18;IN10SY;IN;0.000796879
2023-12-18;IN04GP;IN;0.000345883
2023-12-18;SA24FN;SA;0.000682131
2023-12-18;SA26MW;SA;0.000612921
2023-12-18;CN2CW9;CN;0.000415692
2023-12-18;IN70CO;IN;0.00138958
2023-12-18;IN0BAQ;IN;0.001411544
2023-12-18;TW30C4;TW;0.000876388
2023-12-18;IN0BDT;IN;0.000440415
2023-12-18;BR16BK;BR;0.001255815
2023-12-18;SA24QY;SA;0.000736045
2023-12-18;BR0406;BR;0.000708164
2023-12-18;TW08ZW;TW;0.001415716
2023-12-18;IN60P0;IN;0.000358891
2023-12-18;IN117E;IN;0.001242834
2023-12-18;IN40CL;IN;0.001012104
2023-12-18;IN709L;IN;0.000353222
2023-12-18;IN0B6M;IN;0.000373054
2023-12-18;BR30BG;BR;0.000685314
2023-12-18;IN20U1;IN;0.000470598
2023-12-18;SA2307;SA;0.000665341
2023-12-18;KR190L;KR;0.00112826
2023-12-18;KR70AC;KR;0.000892521
2023-12-18;TW090Y;TW;0.000537502
2023-12-18;TW15FA;TW;0.001588476
2023-12-18;IN02GN;IN;0.001324642
2023-12-18;SA274F;SA;0.000576943
2023-12-18;SA25R0;SA;0.000636557
2023-12-18;ID2164;ID;0.000468233
2023-12-18;IN18GU;IN;0.000866393
2023-12-18;IN809M;IN;0.001292838
2023-12-18;IN05GQ;IN;0.001479301
2023-12-18;CN17HO;CN;0.000493852
2023-12-18;IN70KW;IN;0.001150117
2023-12-18;TR005P;TR;0.000807766
2023-12-18;SA229F;SA;0.000721172
2023-12-18;515183;TR;0.000474993
2023-12-18;IN086J;IN;0.000604692
2023-12-18;IN0AJY;IN;0.000397963
2023-12-18;IN0218;IN;0.000537802
2023-12-18;IN19BQ;IN;0.00043069
2023-12-18;BR00EG;BR;0.00074302
2023-12-18;PL10CN;PL;0.001540045
2023-12-18;IN806J;IN;0.00104794
2023-12-18;IN60GR;IN;0.001189083
2023-12-18;KR22WB;KR;0.001188665
2023-12-18;TW18VT;TW;0.001669137
2023-12-18;SA20MQ;SA;0.000576609
2023-12-18;TR20TF;TR;0.000250065
2023-12-18;IN501B;IN;0.000542397
2023-12-18;SA216B;SA;0.000657177
2023-12-18;QA2013;QA;0.000562423
2023-12-18;IN077J;IN;0.000549049
2023-12-18;CN4D6M;CN;0.001637073
2023-12-18;MY23AZ;MY;0.000589979
2023-12-18;TH303G;TH;0.000577634
2023-12-18;IN829O;IN;0.000431597
2023-12-18;KR1KMI;KR;0.000359621
2023-12-18;IN12V3;IN;0.001051177
2023-12-18;BR172C;BR;0.000641045
2023-12-18;IN07LX;IN;0.000863231
2023-12-18;B28XVV;GR;0.000654552
2023-12-18;IN10TZ;IN;0.000381492
2023-12-18;IN506G;IN;0.001183258
2023-12-18;IN0BHX;IN;0.000622859
2023-12-18;IN12HP;IN;0.000962479
2023-12-18;CN2D6K;CN;0.000818568
2023-12-18;MY207T;MY;0.000833844
2023-12-18;IN00RW;IN;0.000405822
2023-12-18;IN21BJ;IN;0.000677297
2023-12-18;MY407V;MY;0.000305917
2023-12-18;CZ602J;CZ;0.000699606
2023-12-18;TW1190;TW;0.000668487
2023-12-18;EG0060;EG;0.000292979
2023-12-18;CN8EM7;CN;0.00041408
2023-12-18;TW05NH;TW;0.001049672
2023-12-18;SA24EM;SA;0.000511055
2023-12-18;TW07VR;TW;0.001447895
2023-12-18;BR602A;BR;0.000658577
2023-12-18;IN20CJ;IN;0.000714099
2023-12-18;TW0841;TW;0.001458933
2023-12-18;IN04U3;IN;0.000793107
2023-12-18;TR807Z;TR;0.000275511
2023-12-18;TR211O;TR;0.000235178
2023-12-18;PH405F;PH;0.000507826
2023-12-18;QA21GJ;QA;0.000588144
2023-12-18;TW01I8;TW;0.001208754
2023-12-18;IN10Y4;IN;0.000809451
2023-12-18;BR044A;BR;0.000491293
2023-12-18;KR02JW;KR;0.000838115
2023-12-18;IN30NV;IN;0.000421736
2023-12-18;EG2040;EG;0.000458713
2023-12-18;IN0BFV;IN;0.000772833
2023-12-18;KY10WF;CN;0.000610787
2023-12-18;BR1047;BR;0.000648693
2023-12-18;IN80S5;IN;0.00039
2023-12-18;469876;TR;0.000607297
2023-12-18;PH20HP;PH;0.000596307
2023-12-18;IN19JY;IN;0.000836642
2023-12-18;CN8FPB;CN;0.000672903
2023-12-18;ZA20KV;ZA;0.001132848
2023-12-18;B01GVS;TR;0.000473344
2023-12-18;ID2074;ID;0.000635548
2023-12-18;ID201Y;ID;0.000355641
2023-12-18;KR101D;KR;0.000429488
2023-12-18;TW02I9;TW;0.001084146
2023-12-18;KW20R9;KW;0.00041071
2023-12-18;ID202Z;ID;0.000549542
2023-12-18;ID12FD;ID;0.000610734
2023-12-18;KW26C0;KW;0.00043947
2023-12-18;B03MWQ;TR;0.000401426
2023-12-18;CN89VB;CN;0.000562759
2023-12-18;IN18Q4;IN;0.000388354
2023-12-18;SA305A;SA;0.000643597
2023-12-18;MX103N;MX;0.001032762
2023-12-18;SA265F;SA;0.000266569
2023-12-18;635467;CN;0.000529454
2023-12-18;CN2CV8;CN;0.00037527
2023-12-18;TW505Z;TW;0.000517111
2023-12-18;KR02T6;KR;0.00115518
2023-12-18;PL004E;PL;0.000742936
2023-12-18;KR10BN;KR;0.000942141
2023-12-18;TW02H8;TW;0.000710384
2023-12-18;IN710D;IN;0.000392631
2023-12-18;ID2085;ID;0.000398909
2023-12-18;CL00WT;CL;0.000678338
2023-12-18;IN13CL;IN;0.000563335
2023-12-18;TW08NK;TW;0.000909198
2023-12-18;IN03T1;IN;0.000528233
2023-12-18;TH30ER;TH;0.000267652
2023-12-18;IN60BM;IN;0.000716772
2023-12-18;IN507H;IN;0.000821307
2023-12-18;IN30X5;IN;0.000470822
2023-12-18;BR02OS;BR;0.001028618
2023-12-18;AE231U;AE;0.000476551
2023-12-18;TR10J4;TR;0.00045192
2023-12-18;SA215A;SA;0.000567609
2023-12-18;ID906A;ID;0.000190037
2023-12-18;ZA21AM;ZA;0.000388503
2023-12-18;KR03IW;KR;0.000659559
2023-12-18;IN13FO;IN;0.000784997
2023-12-18;IN30JR;IN;0.000469921
2023-12-18;IN065G;IN;0.000529932
2023-12-18;521638;PL;0.001301494
2023-12-18;KR04U9;KR;0.000962244
2023-12-18;ZA00KT;ZA;0.00119992
2023-12-18;IN19GV;IN;0.000719502
2023-12-18;IN20OV;IN;0.000542231
2023-12-18;BR1148;BR;0.000644894
2023-12-18;TW01F5;TW;0.000747333
2023-12-18;IN12JR;IN;0.000808456
2023-12-18;IN40FO;IN;0.000689307
2023-12-18;SA24JR;SA;0.000516639
2023-12-18;TW022T;TW;0.001137193
2023-12-18;593493;TR;0.000468507
2023-12-18;IN06T4;IN;0.000872757
2023-12-18;SA24AI;SA;0.000390444
2023-12-18;IN706I;IN;0.001135512
2023-12-18;IN035D;IN;0.000592843
2023-12-18;IN80AN;IN;0.000488386
2023-12-18;KR00U5;KR;0.000508332
2023-12-18;KR087Q;KR;0.000676285
2023-12-18;IN12NV;IN;0.000829606
2023-12-18;IN317G;IN;0.000666425
2023-12-18;KR61WE;KR;0.000856258
2023-12-18;IN122A;IN;0.000581041
2023-12-18;ZA00R0;ZA;0.00091825
2023-12-18;IN13AJ;IN;0.000864115
2023-12-18;IN50Z9;IN;0.000393525
2023-12-18;IN02V2;IN;0.000474939
2023-12-18;IN60OZ;IN;0.000407741
2023-12-18;457746;HU;0.000485129
2023-12-18;MX00WF;MX;0.000362221
2023-12-18;IN70R3;IN;0.00053476
2023-12-18;TH21IV;TH;0.000398838
2023-12-18;TW023U;TW;0.000822502
2023-12-18;KW205N;KW;0.00050616
2023-12-18;TW010Q;TW;0.001079232
2023-12-18;ET024;TR;0.000399425
2023-12-18;588663;TR;0.000538391
2023-12-18;KR11JW;KR;0.000685701
2023-12-18;CO0066;CO;0.00052473
2023-12-18;597895;PL;0.000711636
2023-12-18;IN11LS;IN;0.000496151
2023-12-18;KR034I;KR;0.000837153
2023-12-18;MY309W;MY;0.000800277
2023-12-18;SA218D;SA;0.000573841
2023-12-18;IN0308;IN;0.000572736
2023-12-18;B03MVN;TR;0.00020379
2023-12-18;IN071D;IN;0.000469179
2023-12-18;IN60R2;IN;0.0004737
2023-12-18;CN2D0E;CN;0.000665872
2023-12-18;IN313C;IN;0.000334822
2023-12-18;PH703G;PH;0.000376122
2023-12-18;IN20IP;IN;0.000383427
2023-12-18;IN0BM2;IN;0.000434604
2023-12-18;IN617J;IN;0.000552686
2023-12-18;TW055Z;TW;0.001191698
2023-12-18;CL0276;CL;0.000218909
2023-12-18;TW02PG;TW;0.000837991
2023-12-18;IN02Z6;IN;0.000760928
2023-12-18;ID30KI;ID;0.000323064
2023-12-18;IN801E;IN;0.000574425
2023-12-18;TR008S;TR;0.000203524
2023-12-18;IN81O2;IN;0.000743956
2023-12-18;IN50T3;IN;0.000562044
2023-12-18;KR12JX;KR;0.000683826
2023-12-18;IN13GP;IN;0.000590627
2023-12-18;SA24V3;SA;0.000494062
2023-12-18;IN70YA;IN;0.000394257
2023-12-18;IN10QW;IN;0.000309778
2023-12-18;401344;TR;0.000373213
2023-12-18;KR82EZ;KR;0.000445443
2023-12-18;TH20NZ;TH;0.000432372
2023-12-18;MY237W;MY;0.000495683
2023-12-18;ZA104E;ZA;0.00078293
2023-12-18;CN8FH3;CN;0.000662716
2023-12-18;AE21TK;AE;0.000858332
2023-12-18;KR10Q2;KR;0.000722915
2023-12-18;IN08S5;IN;0.000905509
2023-12-18;KR076O;KR;0.000563563
2023-12-18;IN04DM;IN;0.000784251
2023-12-18;442170;GR;0.000591267
2023-12-18;SA219E;SA;0.000455212
2023-12-18;TW11F6;TW;0.00113484
2023-12-18;KR15WD;KR;0.000768989
2023-12-18;KR01BN;KR;0.000740756
2023-12-18;IN06GR;IN;0.000877426
2023-12-18;EG005Z;EG;0.000535024
2023-12-18;TH80EW;TH;0.000392899
2023-12-18;IN81V9;IN;0.000517902
2023-12-18;CN4CN2;CN;0.000422429
2023-12-18;IN316F;IN;0.000667816
2023-12-18;IN139I;IN;0.000802325
2023-12-18;KR22YD;KR;0.000401623
2023-12-18;BR1159;BR;0.000679325
2023-12-18;TW03ZR;TW;0.001083328
2023-12-18;KR62ZI;KR;0.000588321
2023-12-18;HK20QT;CN;0.000294174
2023-12-18;IN711E;IN;0.000629644
2023-12-18;TW07HD;TW;0.000366557
2023-12-18;ET011;TR;0.000511611
2023-12-18;BR16EN;BR;0.000924617
2023-12-18;BR16CL;BR;0.000294318
2023-12-18;IN01NT;IN;0.000624048
2023-12-18;ID00XS;ID;0.000402662
2023-12-18;ID20IF;ID;0.000360077
2023-12-18;TW106W;TW;0.001043318
2023-12-18;BR1137;BR;0.000418299
2023-12-18;BR02LP;BR;0.00055316
2023-12-18;IN70S4;IN;0.000652031
2023-12-18;MY233S;MY;0.000530324
2023-12-18;IN01Z5;IN;0.000251431
2023-12-18;TH21W9;TH;0.000333859
2023-12-18;CN8AIZ;CN;0.000330915
2023-12-18;KY11BV;CN;0.000613918
2023-12-18;BR16HQ;BR;0.000700792
2023-12-18;HK51MT;CN;0.000823589
2023-12-18;IN08GT;IN;0.000583025
2023-12-18;KR04N2;KR;0.000511072
2023-12-18;HK01SU;CN;0.000459835
2023-12-18;PH1018;PH;0.000365906
2023-12-18;MY70B2;MY;0.00048032
2023-12-18;ID80JM;ID;0.000659986
2023-12-18;TW019Z;TW;0.000951277
2023-12-18;IN11GN;IN;0.000413769
2023-12-18;TW1998;TW;0.000457933
2023-12-18;BR02PT;BR;0.000408074
2023-12-18;ZA20Q1;ZA;0.000775116
2023-12-18;TW10D3;TW;0.00088802
2023-12-18;PL701I;PL;0.000750973
2023-12-18;QA21BE;QA;0.000351838
2023-12-18;ZA215H;ZA;0.00089617
2023-12-18;BR03DI;BR;0.001023751
2023-12-18;MY10QB;MY;0.000322618
2023-12-18;CN0OCZ;CN;0.000845335
2023-12-18;ID12ZX;ID;0.0005237
2023-12-18;KR12N1;KR;0.000619885
2023-12-18;KW23DY;KW;0.000831451
2023-12-18;MX408V;MX;0.001118395
2023-12-18;IN1129;IN;0.000322037
2023-12-18;TR20UG;TR;0.000245482
2023-12-18;CN2DAO;CN;0.000293915
2023-12-18;TW306Y;TW;0.000972043
2023-12-18;QA208A;QA;0.000760722
2023-12-18;KR82F0;KR;0.000535312
2023-12-18;IN902G;IN;0.000700707
2023-12-18;PH04MW;PH;0.000360073
2023-12-18;IN067I;IN;0.000461411
2023-12-18;CN91MV;CN;0.000264113
2023-12-18;IN30PX;IN;0.000234646
2023-12-18;B1P1JS;CN;0.000535776
2023-12-18;487454;CZ;0.000216112
2023-12-18;IN70AM;IN;0.000420066
2023-12-18;ID20A7;ID;0.00046519
2023-12-18;B07XWG;PL;0.000334253
2023-12-18;KR049O;KR;0.000606986
2023-12-18;IN60KV;IN;0.000469816
2023-12-18;TW30LD;TW;0.000367114
2023-12-18;IN80R4;IN;0.000508438
2023-12-18;BR027B;BR;0.00034196
2023-12-18;SA2026;SA;0.000355342
2023-12-18;IN10IO;IN;0.000255238
2023-12-18;EG0082;EG;0.0002662
2023-12-18;TW005U;TW;0.000926227
2023-12-18;BR705E;BR;0.000640954
2023-12-18;IN138H;IN;0.000434855
2023-12-18;MX303P;MX;0.001010609
2023-12-18;BR10AD;BR;0.000436191
2023-12-18;CN40HK;CN;0.000649852
2023-12-18;KR05CS;KR;0.000684219
2023-12-18;TR30D0;TR;0.000172792
2023-12-18;MY301O;MY;0.000378546
2023-12-18;TR20AW;TR;0.00026436
2023-12-18;TH30AN;TH;0.000201254
2023-12-18;TW04KD;TW;0.000401402
2023-12-18;CL0298;CL;0.000871154
2023-12-18;681001;CN;0.000354069
2023-12-18;TW30B3;TW;0.000299306
2023-12-18;CN2D9N;CN;0.000343802
2023-12-18;IN30MU;IN;0.000510458
2023-12-18;TR30NA;TR;0.000339307
2023-12-18;IN11JQ;IN;0.000712692
2023-12-18;KR00T4;KR;0.000689591
2023-12-18;KR409O;KR;0.000665291
2023-12-18;MY201N;MY;0.000508866
2023-12-18;KR623M;KR;0.000610203
2023-12-18;ZA20BM;ZA;0.000920077
2023-12-18;ZA703J;ZA;0.000484926
2023-12-18;IN06FQ;IN;0.000601401
2023-12-18;TR30M9;TR;0.000199348
2023-12-18;IN01V1;IN;0.000268806
2023-12-18;IN04PY;IN;0.000595748
2023-12-18;IN11KR;IN;0.000356639
2023-12-18;CN4D5L;CN;0.00013649
2023-12-18;ID0140;ID;0.000296925
2023-12-18;IN30U2;IN;0.000438808
2023-12-18;MY30H4;MY;0.000698769
2023-12-18;IN09T7;IN;0.000255476
2023-12-18;SA22Y4;SA;0.000477209
2023-12-18;TW05F9;TW;0.000847539
2023-12-18;KR637R;KR;0.000546896
2023-12-18;424894;GR;0.000440801
2023-12-18;PH20FN;PH;0.000252109
2023-12-18;IN30V3;IN;0.000400072
2023-12-18;MY23F4;MY;0.000444998
2023-12-18;KY115P;CN;0.000592489
2023-12-18;BR026A;BR;0.000853698
2023-12-18;BR05U1;BR;0.000239991
2023-12-18;KR82BW;KR;0.000348307
2023-12-18;BR209D;BR;0.000852007
2023-12-18;IN02RY;IN;0.000418598
2023-12-18;KR18I2;KR;0.000584718
2023-12-18;IN30W4;IN;0.000520707
2023-12-18;IN07P1;IN;0.000723493
2023-12-18;TR404S;TR;0.000391719
2023-12-18;MY90ZS;MY;0.000357718
2023-12-18;699076;CN;0.000772721
2023-12-18;CN1O4S;CN;0.000446825
2023-12-18;IN20HO;IN;0.000499751
2023-12-18;KW24UG;KW;0.000679421
2023-12-18;IN08ZC;IN;0.000272092
2023-12-18;KR160I;KR;0.000742928
2023-12-18;IN60W7;IN;0.000565085
2023-12-18;IN30OW;IN;0.00020534
2023-12-18;BR049F;BR;0.000432713
2023-12-18;IN60MX;IN;0.000487326
2023-12-18;TW8074;TW;0.000761754
2023-12-18;KR06CT;KR;0.000334206
2023-12-18;KR202F;KR;0.000577007
2023-12-18;IN027E;IN;0.000429421
2023-12-18;IN81M0;IN;0.00053832
2023-12-18;IN80O1;IN;0.000466156
2023-12-18;BR3038;BR;0.000954882
2023-12-18;MY00K4;MY;0.000263046
2023-12-18;IN81S6;IN;0.000364123
2023-12-18;IN0AWB;IN;0.000467201
2023-12-18;BR02X1;BR;0.000355795
2023-12-18;SA279K;SA;0.000370832
2023-12-18;IN81R5;IN;0.000270851
2023-12-18;KR05P5;KR;0.000439643
2023-12-18;430508;TR;0.000140524
2023-12-18;KR05JZ;KR;0.000585195
2023-12-18;BR02TX;BR;0.0004961
2023-12-18;ID80EH;ID;0.000169497
2023-12-18;MY303Q;MY;0.000410233
2023-12-18;KR30GU;KR;0.000550146
2023-12-18;BR3049;BR;0.000199657
2023-12-18;TR80A2;TR;0.00044905
2023-12-18;IN50R1;IN;0.000594742
2023-12-18;PH04KU;PH;0.000274367
2023-12-18;KR00X8;KR;0.000444368
2023-12-18;IN113A;IN;0.000537553
2023-12-18;KY117R;CN;0.000628029
2023-12-18;427764;TR;0.000274307
2023-12-18;B13C2G;TR;0.000141785
2023-12-18;KW26E2;KW;0.00049328
2023-12-18;HK10GI;CN;0.000390017
2023-12-18;IN0319;IN;0.000293471
2023-12-18;ID01C8;ID;0.000411148
2023-12-18;TW018Y;TW;0.000862145
2023-12-18;KR51GX;KR;0.000494243
2023-12-18;669377;CN;0.000268474
2023-12-18;ZA20DO;ZA;0.000641153
2023-12-18;IN81ZD;IN;0.000175751
2023-12-18;IN11BI;IN;0.00035755
2023-12-18;KR19G1;KR;0.000680467
2023-12-18;KR011D;KR;0.000575837
2023-12-18;KR321H;KR;0.000306044
2023-12-18;BR20HL;BR;0.000649663
2023-12-18;KR632M;KR;0.00032714
2023-12-18;KR03AO;KR;0.000538364
2023-12-18;IN20JQ;IN;0.000458596
2023-12-18;ZA211D;ZA;0.000725364
2023-12-18;IN0BIY;IN;0.00024798
2023-12-18;ID00TO;ID;0.000317187
2023-12-18;KR109L;KR;0.000341586
2023-12-18;TR101M;TR;0.000124783
2023-12-18;BR16W5;BR;0.000422777
2023-12-18;MY20VH;MY;0.00057362
2023-12-18;MY22G4;MY;0.000240532
2023-12-18;MY00P9;MY;0.000138949
2023-12-18;TW0380;TW;0.000667469
2023-12-18;SA20OS;SA;0.000399091
2023-12-18;PL10DO;PL;0.000428045
2023-12-18;CN2D5J;CN;0.000233834
2023-12-18;BR16Z8;BR;0.000492572
2023-12-18;IN50PZ;IN;0.000537788
2023-12-18;IN40DM;IN;0.000510935
2023-12-18;TW1ASS;TW;0.000533476
2023-12-18;IN13HQ;IN;0.000445409
2023-12-18;KR02GT;KR;0.000478511
2023-12-18;IN80YB;IN;0.000252511
2023-12-18;IN30FN;IN;0.000846999
2023-12-18;TW06WR;TW;0.000752335
2023-12-18;SA20NR;SA;0.000362917
2023-12-18;MX201M;MX;0.000914559
2023-12-18;TW011R;TW;0.000437845
2023-12-18;TH223H;TH;0.000382685
2023-12-18;BR801B;BR;0.000717697
2023-12-18;KR1A6S;KR;0.000624564
2023-12-18;KR01LX;KR;0.000417482
2023-12-18;CL00QN;CL;0.000724137
2023-12-18;430007;TR;0.000143199
2023-12-18;TW03WO;TW;0.000430003
2023-12-18;IN0229;IN;0.000482203
2023-12-18;EW052;PL;0.000406398
2023-12-18;404164;TR;0.000256941
2023-12-18;MY244U;MY;0.000332657
2023-12-18;IN60NY;IN;0.00027899
2023-12-18;PH402C;PH;0.000261636
2023-12-18;IN03S0;IN;0.000506914
2023-12-18;CN4CU9;CN;0.000383444
2023-12-18;419707;TR;0.00026432
2023-12-18;B1ZBHG;GR;0.000310926
2023-12-18;TW08QN;TW;0.000648378
2023-12-18;MY22OC;MY;0.000301297
2023-12-18;HK90BL;CN;0.000162194
2023-12-18;TW082Z;TW;0.000769485
2023-12-18;KW23QB;KW;0.000551907
2023-12-18;KR21N1;KR;0.000548796
2023-12-18;IN19ET;IN;0.000313283
2023-12-18;KR02N0;KR;0.000332543
2023-12-18;BR00QS;BR;0.000185214
2023-12-18;TW01TJ;TW;0.000661831
2023-12-18;KR18AU;KR;0.000558475
2023-12-18;TW14JD;TW;0.000448238
2023-12-18;KR02S5;KR;0.000740856
2023-12-18;TW30H9;TW;0.000212939
2023-12-18;KR13YD;KR;0.000567542
2023-12-18;TW134X;TW;0.00080234
2023-12-18;MY215S;MY;0.000181406
2023-12-18;TW40B4;TW;0.000580069
2023-12-18;TW03TL;TW;0.000694129
2023-12-18;TR30CZ;TR;0.000195639
2023-12-18;TW08TQ;TW;0.000822759
2023-12-18;TH12P2;TH;0.00030767
2023-12-18;ID80HK;ID;0.000353419
2023-12-18;CN91QZ;CN;0.000443536
2023-12-18;BR045B;BR;0.000558549
2023-12-18;KW260O;KW;0.000402764
2023-12-18;TW03SK;TW;0.000477381
2023-12-18;IN203A;IN;0.000590471
2023-12-18;TW1987;TW;0.000588228
2023-12-18;KR04CR;KR;0.000214821
2023-12-18;CN1OSG;CN;0.000581797
2023-12-18;SA23Z6;SA;0.000269951
2023-12-18;TW05JD;TW;0.000504749
2023-12-18;MY22XL;MY;0.00026528
2023-12-18;412162;TR;0.000281448
2023-12-18;KR10GS;KR;0.000527213
2023-12-18;IN07MY;IN;0.000225735
2023-12-18;HK90T3;CN;0.000139284
2023-12-18;TW07SO;TW;0.000567954
2023-12-18;TR8080;TR;0.000217434
2023-12-18;KR235L;KR;0.000451506
2023-12-18;TH90BU;TH;0.000268305
2023-12-18;BR703C;BR;0.000876489
2023-12-18;KR715O;KR;0.000610086
2023-12-18;KR14UA;KR;0.000314415
2023-12-18;IN062D;IN;0.000514737
2023-12-18;PH106D;PH;0.000263017
2023-12-18;KR013F;KR;0.000239679
2023-12-18;IN82BQ;IN;0.000523506
2023-12-18;TW1AHH;TW;0.000513317
2023-12-18;MY80B3;MY;0.000504355
2023-12-18;IN09S6;IN;0.000292629
2023-12-18;CL7026;CL;0.000690149
2023-12-18;ZA107H;ZA;0.000693503
2023-12-18;TW07OK;TW;0.000814128
2023-12-18;TW154Z;TW;0.000801573
2023-12-18;KR02U7;KR;0.000313249
2023-12-18;BM1053;CN;0.000216966
2023-12-18;EG2152;EG;0.00020597
2023-12-18;KR1BAX;KR;0.000609005
2023-12-18;IN213B;IN;0.000489477
2023-12-18;TW021S;TW;0.000730536
2023-12-18;TW1684;TW;0.000529945
2023-12-18;TW14WQ;TW;0.00068951
2023-12-18;TW026X;TW;0.000616804
2023-12-18;ZA20W7;ZA;0.000574411
2023-12-18;IN511C;IN;0.000412792
2023-12-18;TW30JB;TW;0.000475051
2023-12-18;IN0BCS;IN;0.00036578
2023-12-18;IN607I;IN;0.000488792
2023-12-18;IN80N0;IN;0.000356418
2023-12-18;KR80O7;KR;0.000606556
2023-12-18;IN08HU;IN;0.000225874
2023-12-18;HK90MW;CN;0.000390073
2023-12-18;TW02B2;TW;0.000476595
2023-12-18;IN12Z7;IN;0.000468206
2023-12-18;KR01Q2;KR;0.00045727
2023-12-18;IN09Q4;IN;0.000286359
2023-12-18;B1G6TS;PL;0.000286028
2023-12-18;BR30EJ;BR;0.000335312
2023-12-18;CL0096;CL;0.000357985
2023-12-18;IN30QY;IN;0.000619475
2023-12-18;MY214R;MY;0.000341416
2023-12-18;TW10UK;TW;0.000434226
2023-12-18;IN11T0;IN;0.0004353
2023-12-18;ZA404H;ZA;0.000584441
2023-12-18;IN81ES;IN;0.00035356
2023-12-18;TW16FB;TW;0.000829774
2023-12-18;CN8BM4;CN;0.000247943
2023-12-18;TH216J;TH;0.000661479
2023-12-18;TW0470;TW;0.000666706
2023-12-18;406720;TR;0.000207015
2023-12-18;IN816K;IN;0.0002864
2023-12-18;TW05ZT;TW;0.000724234
2023-12-18;KR07TB;KR;0.000505607
2023-12-18;IN50KU;IN;0.00044419
2023-12-18;CN0OD0;CN;0.000737839
2023-12-18;TH513J;TH;0.000376372
2023-12-18;778920;TR;0.000321108
2023-12-18;TW03XP;TW;0.000676308
2023-12-18;619728;CN;0.000230752
2023-12-18;KR02ER;KR;0.000550445
2023-12-18;IN314D;IN;0.000217635
2023-12-18;TH602I;TH;0.000285654
2023-12-18;CL00FC;CL;0.000351985
2023-12-18;HK1AHT;CN;0.000325131
2023-12-18;CN659J;CN;0.000411592
2023-12-18;TR00K4;TR;0.000126347
2023-12-18;TW1AXX;TW;0.000421201
2023-12-18;IN218G;IN;0.000165852
2023-12-18;BR170A;BR;0.000741149
2023-12-18;CL00LI;CL;0.000305986
2023-12-18;TH21MZ;TH;0.000266378
2023-12-18;SA21PU;SA;0.000350911
2023-12-18;TW04LE;TW;0.000295139
2023-12-18;SA25U3;SA;0.000359264
2023-12-18;US03E3;TW;0.00071651
2023-12-18;IN03X5;IN;0.000402011
2023-12-18;CN2DFT;CN;0.000269787
2023-12-18;BR05OV;BR;0.000410166
2023-12-18;TW0830;TW;0.00053575
2023-12-18;IN80P2;IN;0.000359817
2023-12-18;BR16GP;BR;0.000568608
2023-12-18;PL702J;PL;0.00030904
2023-12-18;IN503D;IN;0.000264972
2023-12-18;TH409N;TH;0.000324619
2023-12-18;TW06VQ;TW;0.000584407
2023-12-18;TH219M;TH;0.000118753
2023-12-18;IN30Z7;IN;0.000355134
2023-12-18;513082;TR;0.000126129
2023-12-18;KR404J;KR;0.000567578
2023-12-18;645514;CN;0.000346874
2023-12-18;TR106R;TR;0.000356274
2023-12-18;ID4043;ID;0.00012696
2023-12-18;TW02E5;TW;0.000563698
2023-12-18;KR232I;KR;0.000413436
2023-12-18;401224;TR;0.000268072
2023-12-18;CN26AH;CN;0.000284193
2023-12-18;ID7057;ID;0.000170842
2023-12-18;IN068J;IN;0.000433692
2023-12-18;TW9020;TW;0.000356308
2023-12-18;QA20XZ;QA;0.000298631
2023-12-18;TW07D9;TW;0.000477687
2023-12-18;CN870E;CN;0.000665778
2023-12-18;KR509P;KR;0.000384136
2023-12-18;SA21W1;SA;0.000286236
2023-12-18;MY24D3;MY;0.000206783
2023-12-18;KW26G4;KW;0.000569698
2023-12-18;BR0608;BR;0.00049079
2023-12-18;TW40C5;TW;0.000517273
2023-12-18;IN11X4;IN;0.000411527
2023-12-18;KR64CX;KR;0.000354573
2023-12-18;KR10W8;KR;0.0004363
2023-12-18;TW20D4;TW;0.000709652
2023-12-18;IN095J;IN;0.000592431
2023-12-18;PL206I;PL;0.000245177
2023-12-18;ID00KF;ID;0.000128618
2023-12-18;KR066N;KR;0.000326755
2023-12-18;KW301K;KW;0.000297818
2023-12-18;MX11VG;MX;0.000550372
2023-12-18;CN18LT;CN;0.000184687
2023-12-18;B04QR1;PL;0.000493711
2023-12-18;TW11KB;TW;0.000490803
2023-12-18;IN05DN;IN;0.000330919
2023-12-18;MY70H8;MY;0.00021517
2023-12-18;TW11RI;TW;0.000710519
2023-12-18;PH192;CN;0.000223965
2023-12-18;MY80A2;MY;0.00036644
2023-12-18;EW051;PL;0.000250537
2023-12-18;667147;CN;0.000428217
2023-12-18;SA2138;SA;0.000272579
2023-12-18;KR604L;KR;0.000576546
2023-12-18;CN8BQ8;CN;0.000421848
2023-12-18;KR07ZH;KR;0.000532482
2023-12-18;TW1AKK;TW;0.000585435
2023-12-18;IN10LR;IN;0.00050227
2023-12-18;KR067O;KR;0.000436067
2023-12-18;KR103F;KR;0.000449706
2023-12-18;B12JGK;TR;0.000138334
2023-12-18;BR173D;BR;0.000436331
2023-12-18;KW25OB;KW;0.000218994
2023-12-18;TW10E4;TW;0.000634236
2023-12-18;CN87XB;CN;0.00036418
2023-12-18;CN4CQ5;CN;0.000234892
2023-12-18;IN821G;IN;0.000256705
2023-12-18;TW1820;TW;0.000428374
2023-12-18;TW12SK;TW;0.000657421
2023-12-18;IN10JP;IN;0.000286632
2023-12-18;KR719S;KR;0.000245937
2023-12-18;CN8E4P;CN;0.000239414
2023-12-18;TW60A5;TW;0.000463702
2023-12-18;KR1JC7;KR;0.00031065
2023-12-18;KR60YF;KR;0.000534542
2023-12-18;KR15UB;KR;0.000295053
2023-12-18;TW04WP;TW;0.000313294
2023-12-18;CL00PM;CL;0.000510558
2023-12-18;BR05V2;BR;0.000303148
2023-12-18;KR01EQ;KR;0.000453378
2023-12-18;TW16XT;TW;0.000784707
2023-12-18;TW12JB;TW;0.000569842
2023-12-18;TW30E6;TW;0.00048225
2023-12-18;ID0151;ID;0.000290128
2023-12-18;IN610C;IN;0.000280977
2023-12-18;KR502I;KR;0.000284421
2023-12-18;IN05BL;IN;0.000192925
2023-12-18;TW0593;TW;0.000475909
2023-12-18;KY118S;CN;0.000197286
2023-12-18;MY23J8;MY;0.000463624
2023-12-18;SA2059;SA;0.000274659
2023-12-18;597763;TR;0.000177812
2023-12-18;TH50VA;TH;0.0002381
2023-12-18;KW23H2;KW;0.000348243
2023-12-18;TW01VL;TW;0.000457258
2023-12-18;IN08W9;IN;0.000191018
2023-12-18;ZA808P;ZA;0.000507383
2023-12-18;IN80W9;IN;0.000278581
2023-12-18;BR05LS;BR;0.000635985
2023-12-18;TW01D3;TW;0.000542485
2023-12-18;ZA807O;ZA;0.000327065
2023-12-18;TW207Y;TW;0.000453895
2023-12-18;KR06S9;KR;0.000349105
2023-12-18;KR60K1;KR;0.000477749
2023-12-18;KR1KLH;KR;0.000322368
2023-12-18;MY00WG;MY;0.000171442
2023-12-18;IN18XB;IN;0.000492842
2023-12-18;KR80UD;KR;0.000434869
2023-12-18;TW05OI;TW;0.00063729
2023-12-18;KR51XE;KR;0.000395681
2023-12-18;TW10ND;TW;0.000529391
2023-12-18;TW9031;TW;0.000570624
2023-12-18;IN20SZ;IN;0.000286132
2023-12-18;HK20Z2;CN;0.000241948
2023-12-18;TW20JA;TW;0.000589513
2023-12-18;MX00M5;MX;0.000406043
2023-12-18;IN03PX;IN;0.000409774
2023-12-18;IN19HW;IN;0.00023799
2023-12-18;KR1BL8;KR;0.000399996
2023-12-18;IN70X9;IN;0.000196216
2023-12-18;TW05IC;TW;0.000393532
2023-12-18;EG20HD;EG;0.000152097
2023-12-18;TW12XP;TW;0.000542184
2023-12-18;IN50JT;IN;0.000160395
2023-12-18;TH50U9;TH;0.000288251
2023-12-18;HK10XZ;CN;0.000181075
2023-12-18;KR21LZ;KR;0.000408338
2023-12-18;TH21O1;TH;0.000200557
2023-12-18;MY507W;MY;0.000144344
2023-12-18;TW7073;TW;0.000325397
2023-12-18;BR709I;BR;0.000415378
2023-12-18;TH30HU;TH;0.000102011
2023-12-18;KR20MZ;KR;0.000414323
2023-12-18;KR63QA;KR;0.000434642
2023-12-18;TW04G9;TW;0.000542069
2023-12-18;KR917S;KR;0.00029487
2023-12-18;ID20FC;ID;0.000219366
2023-12-18;IN81GU;IN;0.000381646
2023-12-18;PL90DW;PL;0.00035621
2023-12-18;KR05UA;KR;0.000301809
2023-12-18;TW03YQ;TW;0.000449656
2023-12-18;KR037L;KR;0.000394909
2023-12-18;420535;GR;0.000166691
2023-12-18;TR121O;TR;0.00010191
2023-12-18;IN20PW;IN;0.000377725
2023-12-18;TH21LY;TH;0.00013678
2023-12-18;BR20AE;BR;0.000430977
2023-12-18;CN10AA;CN;0.000283087
2023-12-18;KY11L5;CN;0.000248755
2023-12-18;KR31P4;KR;0.000398344
2023-12-18;IN18P3;IN;0.000390284
2023-12-18;ID80MP;ID;0.00017262
2023-12-18;IN06HS;IN;0.000354236
2023-12-18;IN80ZC;IN;0.000238026
2023-12-18;TW301T;TW;0.000394417
2023-12-18;KR10NZ;KR;0.000242672
2023-12-18;IN10OU;IN;0.0003568
2023-12-18;BR16DM;BR;0.000223478
2023-12-18;TH22AO;TH;0.000254466
2023-12-18;TW01A0;TW;0.000526438
2023-12-18;IN06DO;IN;0.000379033
2023-12-18;TW08KH;TW;0.000291912
2023-12-18;SA25W5;SA;0.000289898
2023-12-18;TW05RL;TW;0.000527866
2023-12-18;KR21AO;KR;0.000225269
2023-12-18;KW227R;KW;0.000434173
2023-12-18;IN702E;IN;0.000308024
2023-12-18;IN0BK0;IN;0.000399196
2023-12-18;ZA00W5;ZA;0.000267622
2023-12-18;IN09ES;IN;0.000233756
2023-12-18;KY113N;CN;0.000251964
2023-12-18;IN092G;IN;0.000606691
2023-12-18;TW1AVV;TW;0.000429256
2023-12-18;IN70ZB;IN;0.000435744
2023-12-18;KY11K4;CN;0.000234491
2023-12-18;TH90AT;TH;0.000394799
2023-12-18;HK40DI;CN;0.000233268
2023-12-18;TW12NF;TW;0.000586583
2023-12-18;TH70AR;TH;0.00017533
2023-12-18;TW13WP;TW;0.000452132
2023-12-18;KR12FT;KR;0.000274632
2023-12-18;TW11YP;TW;0.000257849
2023-12-18;622098;CN;0.000284867
2023-12-18;KR82DY;KR;0.000322439
2023-12-18;KR31YD;KR;0.00021815
2023-12-18;AE20J9;AE;0.000310763
2023-12-18;TW16TP;TW;0.000572311
2023-12-18;IN818M;IN;0.000387993
2023-12-18;KR1ASE;KR;0.000296496
2023-12-18;KW207P;KW;0.000287776
2023-12-18;CN89YE;CN;0.000268621
2023-12-18;IN11FM;IN;0.000194983
2023-12-18;HK029C;CN;0.000296592
2023-12-18;MY103O;MY;0.000348439
2023-12-18;KR071J;KR;0.000367018
2023-12-18;HU801K;HU;0.000244876
2023-12-18;KR215J;KR;0.000229367
2023-12-18;CL00SP;CL;0.000247113
2023-12-18;IN602D;IN;0.000209589
2023-12-18;TW06UP;TW;0.000488011
2023-12-18;ZA208J;ZA;0.000474328
2023-12-18;MY00O8;MY;0.000183565
2023-12-18;KR21GU;KR;0.000544648
2023-12-18;KR14DT;KR;0.000336129
2023-12-18;GR1019;GR;8.55586E-05
2023-12-18;CN5329;CN;0.000362593
2023-12-18;ZA20X8;ZA;0.000367289
2023-12-18;TW11D4;TW;0.000316433
2023-12-18;TW05QK;TW;0.000436091
2023-12-18;KR70CU;KR;0.000346672
2023-12-18;HK0258;CN;0.000137149
2023-12-18;TH00OY;TH;0.00021466
2023-12-18;TH00X7;TH;0.000271116
2023-12-18;IN05HR;IN;0.000186564
2023-12-18;IN712F;IN;0.000270532
2023-12-18;KR51TA;KR;0.00029238
2023-12-18;CN2D1F;CN;0.00015796
2023-12-18;CN31JM;CN;0.000535978
2023-12-18;TW02NE;TW;0.000503688
2023-12-18;KR14EU;KR;0.000387355
2023-12-18;KR20IV;KR;0.000403749
2023-12-18;TH00Z9;TH;0.000155267
2023-12-18;CN87GU;CN;0.000229961
2023-12-18;TW0863;TW;0.000407267
2023-12-18;KR80L4;KR;0.000516498
2023-12-18;ID2063;ID;0.000200323
2023-12-18;TW014U;TW;0.000375777
2023-12-18;KR01R3;KR;0.000203058
2023-12-18;KR1KSO;KR;0.000381918
2023-12-18;IN212A;IN;0.000245442
2023-12-18;IN60S3;IN;0.000231816
2023-12-18;MY50C1;MY;0.000228886
2023-12-18;HK20GJ;CN;0.000366251
2023-12-18;KR70AB;KR;0.000367346
2023-12-18;ID5066;ID;0.000245134
2023-12-18;TH21R4;TH;0.000130133
2023-12-18;B03MVQ;TR;0.00022419
2023-12-18;TH10MX;TH;0.000181616
2023-12-18;MY50F4;MY;0.00042459
2023-12-18;KR31L0;KR;0.00030909
2023-12-18;CN8FBX;CN;0.000339062
2023-12-18;PH179;CN;0.000344521
2023-12-18;TW06HC;TW;0.000456012
2023-12-18;TW1J3C;TW;0.00033251
2023-12-18;TW08EB;TW;0.000409079
2023-12-18;CN1RTK;CN;0.000569919
2023-12-18;CN1PVK;CN;0.000143079
2023-12-18;BR05X4;BR;0.000298897
2023-12-18;KR09K4;KR;0.000397175
2023-12-18;TH803L;TH;0.000265235
2023-12-18;IN50S2;IN;0.000263264
2023-12-18;KR31O3;KR;0.00020587
2023-12-18;TW072Y;TW;0.0003086
2023-12-18;TH703K;TH;0.000234335
2023-12-18;IN30HP;IN;0.000167806
2023-12-18;BR2037;BR;0.000609767
2023-12-18;CN1N1O;CN;0.000417766
2023-12-18;CN42DI;CN;0.000205572
2023-12-18;KR017J;KR;0.000234909
2023-12-18;TW15A5;TW;0.000485858
2023-12-18;TW20E5;TW;0.000383423
2023-12-18;TR015Q;TR;0.000296138
2023-12-18;TH517N;TH;0.000154127
2023-12-18;IN12OW;IN;0.000153029
2023-12-18;KR90EY;KR;0.000413297
2023-12-18;ZA21HT;ZA;0.000474954
2023-12-18;KR06J0;KR;0.000457865
2023-12-18;MY70F6;MY;0.000367911
2023-12-18;TW03KC;TW;0.00039997
2023-12-18;TW10QG;TW;0.000384876
2023-12-18;SA24GO;SA;0.000229943
2023-12-18;CN1QQG;CN;0.000520251
2023-12-18;MY17JB;MY;0.000350687
2023-12-18;TR218V;TR;0.000182619
2023-12-18;EG2062;EG;0.000129784
2023-12-18;IN40BK;IN;0.000158074
2023-12-18;TW5071;TW;0.000369964
2023-12-18;KR903N;KR;0.000239295
2023-12-18;PL801J;PL;0.000302984
2023-12-18;SA20X1;SA;0.000256846
2023-12-18;TW60HC;TW;0.000460391
2023-12-18;CN8FZL;CN;0.000211731
2023-12-18;KR61J1;KR;0.000229509
2023-12-18;TW08UR;TW;0.000191566
2023-12-18;CN1QLB;CN;0.000352704
2023-12-18;KR82PA;KR;0.000226795
2023-12-18;TW02XO;TW;0.000389901
2023-12-18;HK20OR;CN;9.34652E-05
2023-12-18;IN09YC;IN;0.000242584
2023-12-18;TR704V;TR;0.000414715
2023-12-18;EG0071;EG;0.000353267
2023-12-18;IN70BN;IN;0.000149058
2023-12-18;CN2DBP;CN;0.000277154
2023-12-18;SA26AK;SA;0.000250569
2023-12-18;MY30L8;MY;9.28405E-05
2023-12-18;TW07JF;TW;0.000408003
2023-12-18;492667;TR;0.000189138
2023-12-18;TR212P;TR;0.000120345
2023-12-18;IN20NU;IN;0.000248192
2023-12-18;KR10KW;KR;0.000324318
2023-12-18;585936;TR;0.000203513
2023-12-18;486998;TR;0.000265631
2023-12-18;CN92R1;CN;0.000245221
2023-12-18;TW017X;TW;0.000316693
2023-12-18;KR318N;KR;0.000314001
2023-12-18;TW12IA;TW;0.00039386
2023-12-18;IN81IW;IN;0.000199816
2023-12-18;TW13G9;TW;0.000514401
2023-12-18;MY210N;MY;0.000346453
2023-12-18;KR08GZ;KR;0.000287163
2023-12-18;TW01XN;TW;0.00022511
2023-12-18;TW03NF;TW;0.000402753
2023-12-18;KR01KW;KR;0.00018539
2023-12-18;CN4D4K;CN;0.000235744
2023-12-18;ZA209K;ZA;0.000252372
2023-12-18;TW037Z;TW;0.000388727
2023-12-18;CN0OH4;CN;0.000414428
2023-12-18;KR82I3;KR;0.00019388
2023-12-18;HU201E;HU;8.31374E-05
2023-12-18;TR205R;TR;8.42283E-05
2023-12-18;KR044J;KR;0.000182073
2023-12-18;KR12GU;KR;0.000246079
2023-12-18;TH505K;TH;0.000206975
2023-12-18;586019;GR;0.000141517
2023-12-18;KR05FV;KR;0.000322122
2023-12-18;MY239Y;MY;0.000244568
2023-12-18;KR065M;KR;0.000260996
2023-12-18;HK196H;CN;0.000106159
2023-12-18;EG211Y;EG;9.84616E-05
2023-12-18;KR30WA;KR;0.00026681
2023-12-18;TR10K5;TR;0.000150852
2023-12-18;TR309W;TR;0.000222957
2023-12-18;IN07JV;IN;0.000392306
2023-12-18;TW103T;TW;0.000232093
2023-12-18;KR13ZE;KR;0.000213865
2023-12-18;MY30G3;MY;0.000233097
2023-12-18;TH20V7;TH;0.000148968
2023-12-18;550391;TR;0.000460665
2023-12-18;BR307C;BR;0.000299263
2023-12-18;TW04A3;TW;0.000340839
2023-12-18;KR01V7;KR;0.000164746
2023-12-18;MY50K9;MY;0.000197241
2023-12-18;TW03LD;TW;0.000483444
2023-12-18;IN214C;IN;0.0002622
2023-12-18;TW2090;TW;0.000477014
2023-12-18;HK12HL;CN;0.000265278
2023-12-18;IN81JX;IN;0.000337235
2023-12-18;CN1OC0;CN;0.000268632
2023-12-18;TH20W8;TH;0.00013893
2023-12-18;TH50R6;TH;0.000234819
2023-12-18;KR91H2;KR;0.000217253
2023-12-18;ID20DA;ID;0.000285356
2023-12-18;MX804V;MX;0.000552522
2023-12-18;KR09J3;KR;0.000473896
2023-12-18;IN20MT;IN;0.000141454
2023-12-18;CN8A1I;CN;0.000200525
2023-12-18;KR11Q3;KR;0.00021956
2023-12-18;TR016R;TR;0.00014965
2023-12-18;CN1O0O;CN;0.00036992
2023-12-18;MY50E3;MY;0.000150696
2023-12-18;MY21BY;MY;0.000191189
2023-12-18;TH30GT;TH;0.000174985
2023-12-18;KR622L;KR;0.000217093
2023-12-18;GR802H;GR;0.000192223
2023-12-18;TW02KB;TW;0.000340099
2023-12-18;KR19O9;KR;0.000252023
2023-12-18;IN60X8;IN;0.000404359
2023-12-18;IN70LX;IN;0.000175117
2023-12-18;CN8CXG;CN;0.000176142
2023-12-18;GR0018;GR;0.000116555
2023-12-18;KR225K;KR;0.000303904
2023-12-18;TW12E6;TW;0.000263596
2023-12-18;KR30AO;KR;0.000221338
2023-12-18;KR02KX;KR;0.000207108
2023-12-18;KR91RC;KR;0.000304531
2023-12-18;TW02C3;TW;0.000362656
2023-12-18;764862;GR;0.000121957
2023-12-18;KW247T;KW;0.000221365
2023-12-18;IN70V7;IN;0.000201556
2023-12-18;IN502C;IN;0.000312705
2023-12-18;KR61XF;KR;0.000248111
2023-12-18;KR63M6;KR;0.000357364
2023-12-18;IN50EO;IN;0.000180622
2023-12-18;TH302F;TH;0.000170491
2023-12-18;KR17K3;KR;0.000250345
2023-12-18;TW10G6;TW;0.000378043
2023-12-18;IN60JU;IN;0.000480717
2023-12-18;IN18R5;IN;0.000337961
2023-12-18;IN80IV;IN;0.000285584
2023-12-18;TW1AWW;TW;0.000342137
2023-12-18;TW1594;TW;0.000317046
2023-12-18;KR080J;KR;0.000262016
2023-12-18;KR077P;KR;0.000229068
2023-12-18;KR51UB;KR;0.000229943
2023-12-18;TW04ZS;TW;0.000308287
2023-12-18;TR30H4;TR;0.000104782
2023-12-18;TW18PN;TW;0.00022473
2023-12-18;TW6072;TW;0.00026065
2023-12-18;TR20CY;TR;9.36186E-05
2023-12-18;EG301Y;EG;0.000121782
2023-12-18;ID4065;ID;0.000128613
2023-12-18;TR30I5;TR;0.000136356
2023-12-18;TW034W;TW;0.000470207
2023-12-18;MY10N8;MY;0.000155614
2023-12-18;TW02D4;TW;0.000378104
2023-12-18;IN09KY;IN;0.000241664
2023-12-18;MY229X;MY;0.000172268
2023-12-18;KR639T;KR;0.00020962
2023-12-18;BR10DG;BR;0.000225989
2023-12-18;579928;GR;0.000221723
2023-12-18;KW22H1;KW;0.000354346
2023-12-18;TW06ID;TW;0.000208945
2023-12-18;SA2048;SA;0.000202887
2023-12-18;ZA00T2;ZA;0.000229296
2023-12-18;IN802F;IN;0.000127404
2023-12-18;ID80AD;ID;0.000230409
2023-12-18;KR71DW;KR;0.000191641
2023-12-18;KR144K;KR;0.00029097
2023-12-18;TW6094;TW;0.000385765
2023-12-18;KR04L0;KR;0.000252496
2023-12-18;TW00YN;TW;0.000339999
2023-12-18;KR119M;KR;0.000229937
2023-12-18;B03MNY;TR;6.62445E-05
2023-12-18;KR16EW;KR;0.0004604
2023-12-18;KR1B8V;KR;0.000343925
2023-12-18;TH708P;TH;0.000146921
2023-12-18;PL902L;PL;0.000115591
2023-12-18;KR04GV;KR;0.00019768
2023-12-18;ZA20MX;ZA;0.000339247
2023-12-18;SA20Z3;SA;0.000196616
2023-12-18;TW12D5;TW;0.000311676
2023-12-18;KR21HV;KR;0.000207913
2023-12-18;KR81SC;KR;0.000310481
2023-12-18;EG1061;EG;0.00019263
2023-12-18;KR62N6;KR;0.000372583
2023-12-18;ID30GE;ID;0.000204374
2023-12-18;TW05TN;TW;0.000368983
2023-12-18;TH12DQ;TH;0.000184604
2023-12-18;KR031F;KR;0.00025169
2023-12-18;CN57V6;CN;0.000391054
2023-12-18;CN298I;CN;0.000362495
2023-12-18;IN20RY;IN;0.000203022
2023-12-18;IN0B4K;IN;0.000273747
2023-12-18;TW046Z;TW;0.000268844
2023-12-18;KR514L;KR;0.000348679
2023-12-18;TW02TK;TW;0.00033599
2023-12-18;TW124W;TW;0.000419376
2023-12-18;MY70E5;MY;0.000110415
2023-12-18;CN2CZC;CN;0.000227968
2023-12-18;CN1MCY;CN;0.000409868
2023-12-18;PH20OW;PH;9.74445E-05
2023-12-18;CN8BDV;CN;0.000188496
2023-12-18;KR139O;KR;0.000227786
2023-12-18;KR90N7;KR;0.000266452
2023-12-18;IN08O1;IN;0.000321507
2023-12-18;ZA20AL;ZA;0.000198781
2023-12-18;IN08KX;IN;0.000458607
2023-12-18;PH108F;PH;0.000116361
2023-12-18;MY21PC;MY;0.000144241
2023-12-18;KR04XC;KR;0.000227108
2023-12-18;ET017;TR;0.000201252
2023-12-18;KR70AS;KR;0.000331917
2023-12-18;TR306T;TR;0.000102233
2023-12-18;CN87T7;CN;0.000120028
2023-12-18;KW20GY;KW;0.000215523
2023-12-18;TW1AQQ;TW;0.000225683
2023-12-18;B064B9;PL;0.000228263
2023-12-18;MY50AZ;MY;0.000276786
2023-12-18;ZA214G;ZA;0.00033569
2023-12-18;TR20SE;TR;0.000104621
2023-12-18;TW30ME;TW;0.000274471
2023-12-18;MY22ZN;MY;0.000205118
2023-12-18;TW402V;TW;0.000393413
2023-12-18;KR07SA;KR;0.000217491
2023-12-18;TW04VO;TW;0.000202344
2023-12-18;KR1BJ6;KR;0.000332684
2023-12-18;CN0PAY;CN;0.000174681
2023-12-18;712495;GR;0.000187844
2023-12-18;PL11U6;PL;0.000162554
2023-12-18;KW224O;KW;0.000285
2023-12-18;SA20KO;SA;0.000174668
2023-12-18;KR233J;KR;0.000235373
2023-12-18;EG9058;EG;0.000219523
2023-12-18;KR02BO;KR;0.000370229
2023-12-18;B03MR9;TR;6.90923E-05
2023-12-18;TH203F;TH;0.000132659
2023-12-18;TW04MF;TW;0.000194459
2023-12-18;TR509Y;TR;0.000111026
2023-12-18;TH511H;TH;0.000176628
2023-12-18;MY24PF;MY;0.00014279
2023-12-18;KR042H;KR;0.000251083
2023-12-18;BR10Y1;BR;0.000329706
2023-12-18;KR60DU;KR;0.000383825
2023-12-18;TW01PF;TW;0.000291311
2023-12-18;IN81WA;IN;0.000209208
2023-12-18;MY20TF;MY;0.000244445
2023-12-18;TH12BO;TH;0.000157123
2023-12-18;CN2CS5;CN;0.000166399
2023-12-18;PL908R;PL;8.37064E-05
2023-12-18;KR82QB;KR;0.000258096
2023-12-18;B1Z774;PL;0.000384971
2023-12-18;IN826L;IN;0.000279746
2023-12-18;KR1AL7;KR;0.000264919
2023-12-18;KR620J;KR;0.000310124
2023-12-18;IN81T7;IN;0.000202994
2023-12-18;KR18M6;KR;0.000212352
2023-12-18;SA24T1;SA;0.000196443
2023-12-18;KR61R9;KR;0.000235691
2023-12-18;TW0492;TW;0.000385922
2023-12-18;TW016W;TW;0.000390665
2023-12-18;TH308L;TH;0.000148894
2023-12-18;ID30EC;ID;0.000128664
2023-12-18;IN051B;IN;0.000362603
2023-12-18;IN10MS;IN;0.00015955
2023-12-18;HK905F;CN;0.000127346
2023-12-18;IN061C;IN;0.000251522
2023-12-18;BR05W3;BR;0.000251963
2023-12-18;IN612E;IN;0.000343548
2023-12-18;PL90K3;PL;0.000208715
2023-12-18;TR217U;TR;9.41923E-05
2023-12-18;IN05Q0;IN;0.000365035
2023-12-18;KR02R4;KR;0.000317713
2023-12-18;TW30IA;TW;0.000498467
2023-12-18;TH12ER;TH;0.000191164
2023-12-18;KR152J;KR;0.0002333
2023-12-18;TR10WH;TR;5.43544E-05
2023-12-18;IN817L;IN;0.000226413
2023-12-18;TR208U;TR;6.17014E-05
2023-12-18;TH12FS;TH;0.000146185
2023-12-18;TW05LF;TW;0.00028603
2023-12-18;TH21Q3;TH;0.000191731
2023-12-18;KR16TB;KR;0.000232791
2023-12-18;TR11XJ;TR;0.000132247
2023-12-18;GR701F;GR;0.000195127
2023-12-18;ZA20GR;ZA;0.000298606
2023-12-18;ZA303F;ZA;0.000289484
2023-12-18;TW1PAP;TW;0.000160951
2023-12-18;TW05UO;TW;0.000381719
2023-12-18;KR12Q4;KR;0.000244763
2023-12-18;TR401P;TR;0.000271711
2023-12-18;TR11PB;TR;0.000150882
2023-12-18;MY22F3;MY;0.000174754
2023-12-18;CN1ABL;CN;0.000338448
2023-12-18;TH40CQ;TH;0.000169383
2023-12-18;IN10RX;IN;0.00038104
2023-12-18;KR06FW;KR;0.000257528
2023-12-18;KW20L3;KW;0.000230628
2023-12-18;CN8CYH;CN;0.000125723
2023-12-18;CN8C4N;CN;0.000133976
2023-12-18;CN8C5O;CN;0.000128589
2023-12-18;KR505L;KR;0.000280133
2023-12-18;ID60AB;ID;6.45413E-05
2023-12-18;SA24DL;SA;0.000160726
2023-12-18;MY50OD;MY;6.93169E-05
2023-12-18;TW3080;TW;0.000343843
2023-12-18;477638;TR;0.000294043
2023-12-18;CN8BSA;CN;0.000167658
2023-12-18;CN1G4K;CN;0.00036153
2023-12-18;TW02UL;TW;0.000199168
2023-12-18;IN60DO;IN;0.00013436
2023-12-18;TH902L;TH;6.06407E-05
2023-12-18;KR710J;KR;0.000278903
2023-12-18;IN05Y8;IN;0.000329012
2023-12-18;KR70UC;KR;0.000303991
2023-12-18;TR30L8;TR;6.81836E-05
2023-12-18;KR07AS;KR;0.000249197
2023-12-18;TW11ZQ;TW;0.000354345
2023-12-18;KR023G;KR;0.000195093
2023-12-18;HK20PS;CN;0.000272153
2023-12-18;B0YBSZ;TR;0.00021005
2023-12-18;TW171Y;TW;0.000340919
2023-12-18;IN824J;IN;0.000274769
2023-12-18;KR143J;KR;0.000220677
2023-12-18;CN2CYB;CN;0.000237236
2023-12-18;IN606H;IN;0.000162837
2023-12-18;TH50ET;TH;0.000161715
2023-12-18;KR305J;KR;0.000255721
2023-12-18;BR20DH;BR;0.000127284
2023-12-18;SA24IQ;SA;0.000157757
2023-12-18;TW20G7;TW;0.000234583
2023-12-18;KR15VC;KR;0.000237446
2023-12-18;KR51CT;KR;0.000230655
2023-12-18;KR81EY;KR;0.000201349
2023-12-18;TW702Y;TW;0.000239631
2023-12-18;BR10BE;BR;0.000377582
2023-12-18;TW405Y;TW;0.000226249
2023-12-18;KR114H;KR;0.000208981
2023-12-18;ID00SN;ID;0.000118205
2023-12-18;TH013E;TH;0.000160345
2023-12-18;IN81P3;IN;9.93758E-05
2023-12-18;KR17N6;KR;0.000257579
2023-12-18;TR11QC;TR;9.71054E-05
2023-12-18;TW13ZS;TW;0.000257769
2023-12-18;TW11SJ;TW;0.000254756
2023-12-18;KR82RC;KR;0.000205931
2023-12-18;TW00XM;TW;0.000242739
2023-12-18;ZA804L;ZA;0.000358396
2023-12-18;ZA20JU;ZA;0.000374568
2023-12-18;TW11PG;TW;0.000306526
2023-12-18;TW60D8;TW;0.000348409
2023-12-18;IN02FM;IN;0.000251382
2023-12-18;BR10HK;BR;0.000342216
2023-12-18;KR02YB;KR;0.000190353
2023-12-18;CN3AEQ;CN;0.000355506
2023-12-18;IN81DR;IN;0.000117214
2023-12-18;MY20M8;MY;0.000147583
2023-12-18;CN8DP9;CN;0.000130225
2023-12-18;IN80MZ;IN;0.000212057
2023-12-18;TW01J9;TW;0.000268258
2023-12-18;EG00C6;EG;0.000137412
2023-12-18;TW14B5;TW;0.000268606
2023-12-18;EG8046;EG;7.83556E-05
2023-12-18;TW10TJ;TW;0.000201293
2023-12-18;TW11A1;TW;0.000204575
2023-12-18;KY11AU;CN;0.000161486
2023-12-18;TH908R;TH;0.000145056
2023-12-18;IN604F;IN;0.00024542
2023-12-18;TW11VM;TW;0.000239809
2023-12-18;TW08GD;TW;0.000270066
2023-12-18;ZA217J;ZA;0.000241911
2023-12-18;CN8CL4;CN;0.000121976
2023-12-18;TW9097;TW;0.000359477
2023-12-18;KR218M;KR;0.000227592
2023-12-18;TR00DX;TR;7.46799E-05
2023-12-18;B1B59T;PL;0.000182014
2023-12-18;KR1JNI;KR;0.000215598
2023-12-18;TW020R;TW;0.000277001
2023-12-18;TR00TD;TR;9.5306E-05
2023-12-18;CN1M3P;CN;0.000202608
2023-12-18;TW1APP;TW;0.0002928
2023-12-18;KR20P2;KR;0.00019313
2023-12-18;IN807K;IN;0.00025276
2023-12-18;KR00W7;KR;0.000265681
2023-12-18;KR31VA;KR;0.00027099
2023-12-18;EG20TP;EG;9.73719E-05
2023-12-18;TH106H;TH;8.22126E-05
2023-12-18;TH802K;TH;7.28882E-05
2023-12-18;KR02AN;KR;0.00020166
2023-12-18;TW1886;TW;0.000117798
2023-12-18;IN1208;IN;0.00026157
2023-12-18;KR06UB;KR;0.00021485
2023-12-18;TW10LB;TW;0.000212173
2023-12-18;CN1PUJ;CN;0.000120842
2023-12-18;IN20T0;IN;0.000194474
2023-12-18;523800;TR;0.000184265
2023-12-18;KR61P7;KR;0.000185411
2023-12-18;TW14RL;TW;0.000280626
2023-12-18;415387;TR;0.000129775
2023-12-18;KR05M2;KR;0.000232598
2023-12-18;CN509D;CN;7.56487E-05
2023-12-18;KR016I;KR;0.000184449
2023-12-18;TH12T6;TH;9.33313E-05
2023-12-18;KR82YJ;KR;0.000300183
2023-12-18;TR12K7;TR;8.97789E-05
2023-12-18;KR90QA;KR;0.000223774
2023-12-18;EG00B5;EG;0.000111629
2023-12-18;TW12QI;TW;0.000300243
2023-12-18;IN60V6;IN;0.000190731
2023-12-18;IN615H;IN;0.000165265
2023-12-18;TR12H4;TR;4.79028E-05
2023-12-18;TH406K;TH;9.52176E-05
2023-12-18;TH70BS;TH;9.24087E-05
2023-12-18;PL906P;PL;5.19892E-05
2023-12-18;TR013O;TR;7.76194E-05
2023-12-18;KR217L;KR;0.000271487
2023-12-18;KR50P5;KR;0.000253267
2023-12-18;TH407L;TH;0.000128907
2023-12-18;MY405T;MY;0.000243649
2023-12-18;TW10A0;TW;0.000275005
2023-12-18;KR08J2;KR;0.000161035
2023-12-18;TW60C7;TW;0.000207604
2023-12-18;MY22VJ;MY;0.000267002
2023-12-18;KR504K;KR;0.000195573
2023-12-18;TH30FS;TH;0.000137007
2023-12-18;KR1019;KR;0.000181399
2023-12-18;TW12A2;TW;0.000217949
2023-12-18;HK20WZ;CN;0.000182201
2023-12-18;CN2CCP;CN;0.000202832
2023-12-18;CN1R3U;CN;0.000218143
2023-12-18;TW0740;TW;0.000333884
2023-12-18;KR71GZ;KR;0.000184176
2023-12-18;TH507M;TH;8.23499E-05
2023-12-18;TH00V5;TH;7.2602E-05
2023-12-18;KR02Q3;KR;0.000182558
2023-12-18;731398;TR;0.000149763
2023-12-18;KR16WE;KR;0.00028309
2023-12-18;TR12F2;TR;8.82239E-05
2023-12-18;IN81YC;IN;0.000206
2023-12-18;KR31Q5;KR;0.000231476
2023-12-18;MY502R;MY;0.000131796
2023-12-18;MY90PI;MY;0.000142315
2023-12-18;TR507W;TR;8.31374E-05
2023-12-18;KR50R7;KR;0.000184875
2023-12-18;KR60M3;KR;0.000229846
2023-12-18;PL101C;PL;0.000205339
2023-12-18;KW226Q;KW;0.00015382
2023-12-18;IN205C;IN;0.000123273
2023-12-18;778763;TR;8.69416E-05
2023-12-18;TW14VP;TW;0.000183559
2023-12-18;TR30BY;TR;4.85594E-05
2023-12-18;TR20ZL;TR;9.3967E-05
2023-12-18;TW04E7;TW;0.000134331
2023-12-18;444758;PL;0.000108905
2023-12-18;KR80GZ;KR;0.00018319
2023-12-18;TW504Y;TW;0.000235258
2023-12-18;MY217U;MY;0.000152496
2023-12-18;KR11MZ;KR;0.000245441
2023-12-18;IN81U8;IN;0.000126026
2023-12-18;TH12R4;TH;0.000113838
2023-12-18;IN20FM;IN;0.000314861
2023-12-18;ID12NL;ID;0.000119448
2023-12-18;TH50IX;TH;0.000147926
2023-12-18;KR31KZ;KR;0.000172426
2023-12-18;MY24A0;MY;0.000133029
2023-12-18;TH20YA;TH;9.87515E-05
2023-12-18;TW8063;TW;0.000246839
2023-12-18;B03MWH;TR;6.25283E-05
2023-12-18;ZA20NY;ZA;0.000256758
2023-12-18;ID00UP;ID;0.000112843
2023-12-18;TR906Z;TR;0.000143352
2023-12-18;CN8H0O;CN;0.000177953
2023-12-18;IN405E;IN;0.000134327
2023-12-18;TR00VF;TR;5.32292E-05
2023-12-18;MY22BZ;MY;0.000196629
2023-12-18;KR08AT;KR;0.000238284
2023-12-18;TR214R;TR;6.17791E-05
2023-12-18;CN86Q3;CN;0.000236002
2023-12-18;IN605G;IN;0.00014571
2023-12-18;KR329P;KR;0.00016074
2023-12-18;TW18ZX;TW;0.000299483
2023-12-18;KR13FU;KR;0.000213529
2023-12-18;TH50WB;TH;0.000152821
2023-12-18;IN2108;IN;0.000163206
2023-12-18;TW19BA;TW;0.000191881
2023-12-18;TR503S;TR;0.000106657
2023-12-18;KR61YG;KR;0.000255296
2023-12-18;TW152X;TW;0.000197048
2023-12-18;TW01SI;TW;0.000283088
2023-12-18;KR32DT;KR;0.000174338
2023-12-18;TR30QD;TR;6.45867E-05
2023-12-18;CN2CDQ;CN;0.000108023
2023-12-18;KR32FV;KR;0.000263132
2023-12-18;EG2095;EG;0.000111459
2023-12-18;TW02VM;TW;0.000248903
2023-12-18;KR51ZG;KR;0.000214259
2023-12-18;KR304I;KR;0.000200883
2023-12-18;KR14BR;KR;0.000182734
2023-12-18;TW30A2;TW;0.000208144
2023-12-18;KR10LX;KR;0.000218704
2023-12-18;TR11SE;TR;7.65961E-05
2023-12-18;IN50NX;IN;0.00024514
2023-12-18;MY70A1;MY;6.91468E-05
2023-12-18;TW14PJ;TW;0.000267404
2023-12-18;MY302P;MY;0.000104755
2023-12-18;TW10F5;TW;0.000229091
2023-12-18;TH214H;TH;8.53262E-05
2023-12-18;MY509Y;MY;0.00013471
2023-12-18;BR10Z2;BR;0.000195429
2023-12-18;CN1KFZ;CN;0.000499925
2023-12-18;ZA901J;ZA;0.000485507
2023-12-18;ZA206H;ZA;0.001339115
2023-12-18;ZA20Y9;ZA;0.00109838
2023-12-18;ZA00JS;ZA;0.00070504
2023-12-18;ZA20IT;ZA;0.001240008
2023-12-18;ZA20T4;ZA;0.001265761
2023-12-18;073892;ZA;0.001946913
2023-12-18;ZA702I;ZA;0.001547613
2023-12-18;ZA00LU;ZA;0.00143355
2023-12-18;ZA102C;ZA;0.002265855
2023-12-18;TR002M;TR;0.000138682
2023-12-18;TR806Y;TR;0.000654827
2023-12-18;416441;TR;0.000575955
2023-12-18;B01GNH;TR;0.000462671
2023-12-18;TR304R;TR;0.000778459
2023-12-18;ET027;TR;0.000508222
2023-12-18;ET020;TR;0.000292954
2023-12-18;B03MVZ;TR;0.000428532
2023-12-18;ET001;TR;0.000196382
2023-12-18;404238;HU;0.002541784
2023-12-18;EW041;PL;0.000568608
2023-12-18;407732;PL;0.00088772
2023-12-18;555255;PL;0.00096947
2023-12-18;525606;PL;0.000601311
2023-12-18;PL11CO;PL;0.000764656
2023-12-18;414933;PL;0.001387831
2023-12-18;EW059;PL;0.001361266
2023-12-18;547565;GR;0.000331341
2023-12-18;599623;GR;0.001260319
2023-12-18;724353;GR;0.002199662
2023-12-18;423586;GR;0.002449787
2023-12-18;412267;GR;0.001732417
2023-12-18;451944;CZ;0.001717547
2023-12-18;CN26KR;CN;3.21247E-05
2023-12-18;CN25EK;CN;3.96722E-05
2023-12-18;CN258E;CN;5.01662E-05
2023-12-18;CN267E;CN;5.57834E-05
2023-12-18;CN24TY;CN;6.71863E-05
2023-12-18;CN257D;CN;6.8908E-05
2023-12-18;CN6319;CN;8.82973E-05
2023-12-18;CN24RW;CN;0.000117123
2023-12-18;CN299J;CN;0.000132304
2023-12-18;CN0P0O;CN;0.000158187
2023-12-18;CN24MR;CN;0.000162006
2023-12-18;CN249E;CN;0.000183277
2023-12-18;CN24CH;CN;0.000256967
2023-12-18;B018L7;CN;0.000269069
2023-12-18;CN24EJ;CN;0.000256293
2023-12-18;CN24IN;CN;0.000144437
2023-12-18;HK009A;CN;0.000335221
2023-12-18;CN427C;CN;0.000245665
2023-12-18;CN12Y0;CN;0.000451533
2023-12-18;CN24OT;CN;0.000491583
2023-12-18;HK00LM;CN;0.000563603
2023-12-18;CN24GL;CN;0.000289482
2023-12-18;CN1SF7;CN;0.000592648
2023-12-18;608071;CN;0.000307296
2023-12-18;CN1IDV;CN;0.000689293
2023-12-18;CN534B;CN;0.000209009
2023-12-18;CN1AU4;CN;0.000790293
2023-12-18;CN36Y6;CN;3.58444E-05
2023-12-18;CN57U5;CN;0.000415573
2023-12-18;CN34U0;CN;4.81665E-05
2023-12-18;CN2H1J;CN;4.86307E-05
2023-12-18;CN93KV;CN;0.000499258
2023-12-18;CN366E;CN;5.1819E-05
2023-12-18;CN2U61;CN;5.08435E-05
2023-12-18;CN2P8Y;CN;5.13516E-05
2023-12-18;CN2V40;CN;5.83622E-05
2023-12-18;CN2KJ4;CN;5.21828E-05
2023-12-18;680206;CN;0.000227436
2023-12-18;CN92FP;CN;0.000663003
2023-12-18;CN3CBP;CN;3.42586E-05
2023-12-18;CN8EXI;CN;0.000324089
2023-12-18;HK60RY;CN;0.000384737
2023-12-18;CN38R1;CN;1.4711E-05
2023-12-18;CN346C;CN;5.11125E-05
2023-12-18;CN35HO;CN;4.03832E-05
2023-12-18;CN2QRI;CN;6.06994E-05
2023-12-18;CN8FF1;CN;0.000929091
2023-12-18;KY11DX;CN;0.000198193
2023-12-18;CN2IK3;CN;5.59959E-05
2023-12-18;CN2FT9;CN;5.66704E-05
2023-12-18;CN2E7M;CN;5.97014E-05
2023-12-18;CN2F3J;CN;5.74568E-05
2023-12-18;CN392D;CN;5.4837E-05
2023-12-18;CN2F4K;CN;6.19115E-05
2023-12-18;CN92IS;CN;0.000361175
2023-12-18;CN367F;CN;4.71185E-05
2023-12-18;CN3204;CN;6.157E-05
2023-12-18;CN30QS;CN;5.80184E-05
2023-12-18;CN31Z2;CN;5.99474E-05
2023-12-18;CN31MP;CN;5.59959E-05
2023-12-18;CN2TVP;CN;6.07524E-05
2023-12-18;CN2USN;CN;6.21541E-05
2023-12-18;CN2L1N;CN;5.91323E-05
2023-12-18;CN2HBT;CN;5.89629E-05
2023-12-18;KY119T;CN;0.00055573
2023-12-18;CN2HI0;CN;7.18817E-05
2023-12-18;CN2HGY;CN;3.4065E-05
2023-12-18;CN2TXR;CN;6.65266E-05
2023-12-18;PH047;CN;0.000619415
2023-12-18;CN33CH;CN;6.2629E-05
2023-12-18;CN2YZY;CN;6.1581E-05
2023-12-18;CN2IVE;CN;6.23907E-05
2023-12-18;CN376F;CN;6.13229E-05
2023-12-18;KY11J3;CN;0.000256031
2023-12-18;CN37MV;CN;6.66332E-05
2023-12-18;CN8CK3;CN;0.000579287
2023-12-18;CN2TTN;CN;6.3496E-05
2023-12-18;CN2SNG;CN;6.46683E-05
2023-12-18;CN2IUD;CN;6.53737E-05
2023-12-18;CN2YFE;CN;6.70472E-05
2023-12-18;CN2J5P;CN;6.62461E-05
2023-12-18;CN36KS;CN;2.83672E-05
2023-12-18;CN2EYD;CN;6.47323E-05
2023-12-18;CN4C6L;CN;6.53161E-05
2023-12-18;CN0OI5;CN;0.001145731
2023-12-18;CN35Y5;CN;6.2789E-05
2023-12-18;CN2ONC;CN;6.99837E-05
2023-12-18;CN2IM5;CN;6.85072E-05
2023-12-18;HK40IN;CN;0.000392862
2023-12-18;CN35U1;CN;6.66598E-05
2023-12-18;PH227;CN;0.000349094
2023-12-18;CN2UE9;CN;6.46565E-05
2023-12-18;CN2ZFF;CN;6.44544E-05
2023-12-18;CN391C;CN;7.07212E-05
2023-12-18;CN2ZBB;CN;6.66061E-05
2023-12-18;HK90HR;CN;0.000447071
2023-12-18;CN2WUR;CN;8.21358E-05
2023-12-18;CN86LY;CN;0.000880024
2023-12-18;CN2P7X;CN;6.14024E-05
2023-12-18;CN2T60;CN;7.01456E-05
2023-12-18;CN2QWN;CN;7.15991E-05
2023-12-18;CN37EN;CN;8.34716E-05
2023-12-18;CN32UY;CN;7.23324E-05
2023-12-18;CN8DL5;CN;0.000343846
2023-12-18;CN2SF8;CN;5.59698E-05
2023-12-18;CN2FUA;CN;8.42803E-05
2023-12-18;CN30IK;CN;6.94019E-05
2023-12-18;CN2ZNN;CN;6.51558E-05
2023-12-18;CN0Q6V;CN;0.001000728
2023-12-18;CN36GO;CN;6.97278E-05
2023-12-18;CN2VTP;CN;4.74579E-05
2023-12-18;CN2IJ2;CN;7.32417E-05
2023-12-18;CN390B;CN;6.82707E-05
2023-12-18;CN2U50;CN;7.16566E-05
2023-12-18;CN8CCV;CN;0.000737796
2023-12-18;CN2PND;CN;6.79373E-05
2023-12-18;CN329D;CN;7.33979E-05
2023-12-18;CN2HCU;CN;7.67885E-05
2023-12-18;CN3103;CN;0.000423174
2023-12-18;CN2RYQ;CN;7.65661E-05
2023-12-18;CN37IR;CN;5.58241E-05
2023-12-18;CN2DCQ;CN;0.00021043
2023-12-18;CN32SW;CN;7.29333E-05
2023-12-18;HK60X4;CN;0.000551146
2023-12-18;CN32DH;CN;7.29332E-05
2023-12-18;CN3237;CN;7.77876E-05
2023-12-18;CN2I5O;CN;7.48109E-05
2023-12-18;CN2TRL;CN;5.5858E-05
2023-12-18;CN2PYO;CN;7.3243E-05
2023-12-18;CN2XZX;CN;8.16559E-05
2023-12-18;CN8EF0;CN;0.000248513
2023-12-18;HK00WX;CN;0.000757768
2023-12-18;CN2XXV;CN;8.13301E-05
2023-12-18;CN2SD6;CN;7.63061E-05
2023-12-18;CN35BI;CN;7.42488E-05
2023-12-18;CN34CI;CN;7.35979E-05
2023-12-18;CN3215;CN;7.57695E-05
2023-12-18;CN8BK2;CN;0.000410118
2023-12-18;CN8B8Q;CN;0.0005164
2023-12-18;CN37Z8;CN;7.71853E-05
2023-12-18;CN2RH9;CN;7.46948E-05
2023-12-18;CN30HJ;CN;9.04861E-05
2023-12-18;CN1O7V;CN;0.001138748
2023-12-18;CN2LF1;CN;5.40186E-05
2023-12-18;CN24BG;CN;0.00032952
2023-12-18;CN34PV;CN;7.276E-05
2023-12-18;CN2VPL;CN;8.15813E-05
2023-12-18;CN2P3T;CN;7.38064E-05
2023-12-18;CN36PX;CN;3.27556E-05
2023-12-18;CN32Z3;CN;8.25936E-05
2023-12-18;CN2EXC;CN;7.70562E-05
2023-12-18;CN31VY;CN;8.39947E-05
2023-12-18;CN2GO5;CN;8.02532E-05
2023-12-18;CN34V1;CN;4.45111E-05
2023-12-18;CN2F9P;CN;8.20862E-05
2023-12-18;CN429E;CN;9.58458E-05
2023-12-18;CN2EP4;CN;8.40945E-05
2023-12-18;CN2UC7;CN;7.80491E-05
2023-12-18;CN2VEA;CN;7.46776E-05
2023-12-18;CN369H;CN;7.63701E-05
2023-12-18;CN2XWU;CN;8.65555E-05
2023-12-18;CN2SPI;CN;4.15677E-05
2023-12-18;CN2V62;CN;7.67161E-05
2023-12-18;CN2MVI;CN;5.19915E-05
2023-12-18;CN3248;CN;7.86293E-05
2023-12-18;CN356D;CN;8.09773E-05
2023-12-18;CN2S5Y;CN;8.34727E-05
2023-12-18;CN37QZ;CN;8.2233E-05
2023-12-18;CN247C;CN;0.001140267
2023-12-18;CN2ZPP;CN;5.55654E-05
2023-12-18;CN35Z6;CN;8.36135E-05
2023-12-18;CN2FCS;CN;8.09591E-05
2023-12-18;CN2OH6;CN;7.80071E-05
2023-12-18;CN2L0M;CN;8.46123E-05
2023-12-18;CN31X0;CN;8.34674E-05
2023-12-18;CN2F0G;CN;8.91676E-05
2023-12-18;CN2ND1;CN;5.17957E-05
2023-12-18;663094;CN;0.000796967
2023-12-18;HK0157;CN;0.000662571
2023-12-18;CN2P5V;CN;8.44167E-05
2023-12-18;CN86U7;CN;0.001054757
2023-12-18;CN2G7O;CN;9.16166E-05
2023-12-18;CN2RVN;CN;8.20588E-05
2023-12-18;CN2H9R;CN;8.26566E-05
2023-12-18;CN2J7R;CN;8.85815E-05
2023-12-18;CN1OXL;CN;0.000508466
2023-12-18;CN3428;CN;8.85986E-05
2023-12-18;CN0Q2R;CN;0.001310479
2023-12-18;CN2ZHH;CN;8.50894E-05
2023-12-18;CN2NWK;CN;4.43767E-05
2023-12-18;CN2TUO;CN;7.46492E-05
2023-12-18;CN380A;CN;8.80074E-05
2023-12-18;CN2SWP;CN;8.56012E-05
2023-12-18;HK50JP;CN;0.000465678
2023-12-18;CN2NXL;CN;8.85734E-05
2023-12-18;CN36MU;CN;8.24986E-05
2023-12-18;CN34KQ;CN;8.96374E-05
2023-12-18;CN2GJ0;CN;8.44258E-05
2023-12-18;CN2FO4;CN;8.34558E-05
2023-12-18;CN30UW;CN;9.04406E-05
2023-12-18;CN2M5S;CN;9.15418E-05
2023-12-18;CN34TZ;CN;9.44024E-05
2023-12-18;CN2G5M;CN;8.65042E-05
2023-12-18;CN89UA;CN;0.000398606
2023-12-18;CN2SA3;CN;8.69617E-05
2023-12-18;CN2U1W;CN;9.35656E-05
2023-12-18;CN2KWH;CN;9.37604E-05
2023-12-18;CN2XFD;CN;8.97552E-05
2023-12-18;CN2G8P;CN;8.89858E-05
2023-12-18;CN2YUT;CN;6.41558E-05
2023-12-18;CN34FL;CN;8.17625E-05
2023-12-18;CN2HEW;CN;9.1732E-05
2023-12-18;CN2ZCC;CN;8.35622E-05
2023-12-18;CN2XA8;CN;8.80496E-05
2023-12-18;CN2HJ1;CN;8.82953E-05
2023-12-18;CN2OYN;CN;9.18689E-05
2023-12-18;CN2F7N;CN;9.30566E-05
2023-12-18;CN2U94;CN;0.000100878
2023-12-18;CN32X1;CN;9.68887E-05
2023-12-18;CN31LO;CN;9.54102E-05
2023-12-18;CN4C9O;CN;9.29418E-05
2023-12-18;CN2T0U;CN;9.19335E-05
2023-12-18;CN35T0;CN;8.90889E-05
2023-12-18;CN2NH5;CN;9.317E-05
2023-12-18;CN385F;CN;9.66006E-05
2023-12-18;CN2ULG;CN;9.08788E-05
2023-12-18;CN2L8U;CN;8.86645E-05
2023-12-18;CN2IZI;CN;0.000124636
2023-12-18;CN2LI4;CN;9.79732E-05
2023-12-18;CN33DI;CN;9.43923E-05
2023-12-18;CN2PC2;CN;9.12693E-05
2023-12-18;CN2WXU;CN;9.24262E-05
2023-12-18;CN2WKH;CN;9.79896E-05
2023-12-18;CN7DVE;CN;9.61941E-05
2023-12-18;CN789N;CN;0.000101723
2023-12-18;CN2Z77;CN;9.20835E-05
2023-12-18;CN2KN8;CN;9.88711E-05
2023-12-18;CN2PUK;CN;0.000106644
2023-12-18;CN34RX;CN;8.73388E-05
2023-12-18;CN2J9T;CN;9.64051E-05
2023-12-18;CN35MT;CN;9.10492E-05
2023-12-18;CN4BM0;CN;9.11186E-05
2023-12-18;CN2IQ9;CN;9.36807E-05
2023-12-18;CN8FVH;CN;0.001301661
2023-12-18;CN38BL;CN;9.06667E-05
2023-12-18;CN2F1H;CN;9.43529E-05
2023-12-18;CN95FS;CN;0.000101243
2023-12-18;CN33UZ;CN;5.29459E-05
2023-12-18;CN2R0S;CN;9.92848E-05
2023-12-18;CN2QI9;CN;0.000102363
2023-12-18;CN37PY;CN;9.11115E-05
2023-12-18;CN7D2L;CN;0.00010115
2023-12-18;CN33QV;CN;0.000103281
2023-12-18;CN309B;CN;9.70375E-05
2023-12-18;CN3226;CN;9.94813E-05
2023-12-18;CN2QXO;CN;9.84514E-05
2023-12-18;CN96AO;CN;9.80097E-05
2023-12-18;CN2I6P;CN;0.00010091
2023-12-18;CN887M;CN;0.000615864
2023-12-18;CN2G0H;CN;9.8457E-05
2023-12-18;CN2URM;CN;0.000103131
2023-12-18;CN2KCX;CN;0.000104724
2023-12-18;BM1075;CN;0.000925514
2023-12-18;CN2CAN;CN;0.000520341
2023-12-18;CN33V0;CN;0.000112026
2023-12-18;CN35OV;CN;0.000102524
2023-12-18;635425;CN;0.000699013
2023-12-18;CN2VHD;CN;9.57104E-05
2023-12-18;CN2HHZ;CN;0.000100623
2023-12-18;CN395G;CN;0.00010175
2023-12-18;CN2QZQ;CN;0.000103958
2023-12-18;CN2CU7;CN;0.000607272
2023-12-18;CN2WPM;CN;5.00534E-05
2023-12-18;CN2FK0;CN;0.000101893
2023-12-18;CN2SJC;CN;9.91199E-05
2023-12-18;CN95DQ;CN;9.17232E-05
2023-12-18;CN36EM;CN;0.000103137
2023-12-18;CN2Y21;CN;0.000100332
2023-12-18;CN33RW;CN;0.000115279
2023-12-18;CN91LU;CN;0.001044338
2023-12-18;CN4CCR;CN;8.98478E-05
2023-12-18;CN2KH2;CN;0.000104678
2023-12-18;CN75R2;CN;9.80207E-05
2023-12-18;CN2CR4;CN;0.000675649
2023-12-18;CN2N9X;CN;0.000105118
2023-12-18;CN91T2;CN;0.001512003
2023-12-18;HK01IK;CN;0.000567352
2023-12-18;CN31PS;CN;9.89981E-05
2023-12-18;CN87P3;CN;0.001402106
2023-12-18;CN3C9N;CN;0.000109986
2023-12-18;CN2TKE;CN;9.47474E-05
2023-12-18;HK90U4;CN;0.000954353
2023-12-18;CN32W0;CN;0.000104892
2023-12-18;CN2V95;CN;0.000107171
2023-12-18;CN38T3;CN;0.000127768
2023-12-18;CN2XIG;CN;5.68523E-05
2023-12-18;CN2QH8;CN;0.000119372
2023-12-18;CN30GI;CN;0.000106697
2023-12-18;CN353A;CN;4.89142E-05
2023-12-18;CN2TMG;CN;0.000107852
2023-12-18;CN2GK1;CN;0.000122114
2023-12-18;CN2WYV;CN;0.000107216
2023-12-18;CN2SB4;CN;0.00010901
2023-12-18;CN34X3;CN;0.00011347
2023-12-18;CN2ORG;CN;0.00011173
2023-12-18;AE23MF;AE;0.000678906
2023-12-18;AE302T;AE;0.001715272
2023-12-18;AE22UM;AE;0.001069319
2023-12-18;AE213U;AE;0.001602524
2023-12-18;AE23RK;AE;0.002424121
2023-12-18;BR2015;BR;9.63627E-05
2023-12-18;BR704D;BR;0.001057054
2023-12-18;BR20GK;BR;0.000595684
2023-12-18;BR046C;BR;0.001310578
2023-12-18;BR03X2;BR;0.002436531
2023-12-18;BR00TV;BR;0.002238041
2023-12-18;BR109C;BR;0.002254323
2023-12-18;BR1104;BR;0.002543599
2023-12-18;BR04KQ;BR;0.000796721
2023-12-18;BR0439;BR;0.001619079
2023-12-18;BR05AH;BR;0.00231383
2023-12-18;BR00RT;BR;0.002070134
2023-12-18;BR008A;BR;0.001704633
2023-12-18;BR00JL;BR;0.001982846
2023-12-18;BR05PW;BR;0.000713959
2023-12-18;BR708H;BR;0.000902814
2023-12-18;CL00KH;CL;0.000541883
2023-12-18;CL00GD;CL;0.000596115
2023-12-18;CL9017;CL;0.000306439
2023-12-18;CL9028;CL;0.000603063
2023-12-18;CL00C9;CL;0.000809404
2023-12-18;CL00OL;CL;0.000320209
2023-12-18;CO0044;CO;0.001220285
2023-12-18;EG2051;EG;0.000640208
2023-12-18;EG004Y;EG;0.004036352
2023-12-18;ID20SP;ID;0.000174651
2023-12-18;ID0061;ID;0.000525636
2023-12-18;ID00HC;ID;0.000422952
2023-12-18;ID00JE;ID;0.000449247
2023-12-18;ID2131;ID;0.000294923
2023-12-18;ID2142;ID;0.000321474
2023-12-18;ID00PK;ID;0.000489561
2023-12-18;ID00C7;ID;0.000782531
2023-12-18;ID210Y;ID;0.000305853
2023-12-18;ID3075;ID;0.000416723
2023-12-18;ID5099;ID;0.000694421
2023-12-18;ID00LG;ID;0.0004631
2023-12-18;ID00OJ;ID;0.000655212
2023-12-18;ID00FA;ID;0.000454808
2023-12-18;ID30LJ;ID;0.000252
2023-12-18;IN60HS;IN;0.001627197
2023-12-18;IN20BI;IN;0.001216599
2023-12-18;IN601C;IN;0.000704757
2023-12-18;IN03W4;IN;0.001018471
2023-12-18;IN505F;IN;0.00037312
2023-12-18;IN13IR;IN;0.001901705
2023-12-18;IN0AIX;IN;0.001203348
2023-12-18;IN06EP;IN;0.000587255
2023-12-18;IN30LT;IN;0.000811344
2023-12-18;IN216E;IN;0.000971822
2023-12-18;IN0B2I;IN;0.001473863
2023-12-18;IN05IS;IN;0.001049449
2023-12-18;IN04KT;IN;0.000654033
2023-12-18;IN02CJ;IN;0.001043218
2023-12-18;IN05S2;IN;0.001639881
2023-12-18;IN219H;IN;0.001642228
2023-12-18;IN13EN;IN;0.001098915
2023-12-18;IN18S6;IN;0.001116428
2023-12-18;IN603E;IN;0.000873277
2023-12-18;IN08CP;IN;0.001118658
2023-12-18;IN50IS;IN;0.001112307
2023-12-18;IN80CP;IN;0.001648082
2023-12-18;IN0A8N;IN;0.000795405
2023-12-18;IN03CK;IN;0.000752672
2023-12-18;IN30T1;IN;0.000395455
2023-12-18;IN18O2;IN;0.0011232
2023-12-18;IN812G;IN;0.001796764
2023-12-18;IN19CR;IN;0.00180492
2023-12-18;IN055F;IN;0.000681633
2023-12-18;IN20Y5;IN;0.00125645
2023-12-18;IN30Y6;IN;0.00071945
2023-12-18;IN07U6;IN;0.001027338
2023-12-18;IN039H;IN;0.001392924
2023-12-18;IN073F;IN;0.001247285
2023-12-18;IN01IO;IN;0.00093783
2023-12-18;IN217F;IN;0.000753684
2023-12-18;IN0ADS;IN;0.000762338
2023-12-18;IN30RZ;IN;0.000716435
2023-12-18;IN12X5;IN;0.003214743
2023-12-18;IN07ZB;IN;0.000894899
2023-12-18;IN11U1;IN;0.001071385
2023-12-18;IN06Y9;IN;0.002099443
2023-12-18;IN01CI;IN;0.001335034
2023-12-18;IN044D;IN;0.002459415
2023-12-18;IN827M;IN;0.001861165
2023-12-18;IN2018;IN;0.001188909
2023-12-18;IN20X4;IN;0.000648
2023-12-18;IN04OX;IN;0.001427905
2023-12-18;IN20LS;IN;0.002159063
2023-12-18;IN10EK;IN;0.001882896
2023-12-18;IN00FK;IN;0.001010495
2023-12-18;IN02W3;IN;0.000255455
2023-12-18;IN70IU;IN;0.001292637
2023-12-18;IN311A;IN;0.000554814
2023-12-18;IN20GN;IN;0.002432287
2023-12-18;IN81HV;IN;0.00218191
2023-12-18;IN087K;IN;0.001977053
2023-12-18;IN11SZ;IN;0.002099314
2023-12-18;IN066H;IN;0.001860294
2023-12-18;IN0AT8;IN;0.002676862
2023-12-18;IN02KR;IN;0.000464969
2023-12-18;IN0AO3;IN;0.001201447
2023-12-18;IN82AP;IN;0.00071482
2023-12-18;IN12CK;IN;0.001071053
2023-12-18;IN06ZA;IN;0.001939756
2023-12-18;IN2119;IN;0.000504102
2023-12-18;IN0AET;IN;0.001380375
2023-12-18;IN713G;IN;0.002567767
2023-12-18;KR089S;KR;2.11139E-05
2023-12-18;KR809S;KR;3.1676E-05
2023-12-18;KR08O7;KR;3.62793E-05
2023-12-18;KR50EU;KR;3.23765E-05
2023-12-18;KR50AQ;KR;6.61799E-05
2023-12-18;KR51IZ;KR;9.85386E-05
2023-12-18;KR189T;KR;0.000104195
2023-12-18;KR188S;KR;0.000107583
2023-12-18;KR518P;KR;0.000144576
2023-12-18;KR204H;KR;0.00026742
2023-12-18;KR30T7;KR;0.000288204
2023-12-18;KR012E;KR;0.000336127
2023-12-18;KR801K;KR;0.000364369
2023-12-18;KR116J;KR;0.000535096
2023-12-18;KR033H;KR;0.000394495
2023-12-18;KR035J;KR;0.000688996
2023-12-18;KR1KIE;KR;0.000365981
2023-12-18;KR91I3;KR;0.000546763
2023-12-18;KR82G1;KR;0.00051375
2023-12-18;KR057N;KR;0.000330328
2023-12-18;KR12AO;KR;0.000687586
2023-12-18;KR01W8;KR;0.00056229
2023-12-18;KR05N3;KR;0.000426626
2023-12-18;KR18O8;KR;0.000505937
2023-12-18;KR17P8;KR;0.000816144
2023-12-18;KR14JZ;KR;0.001155627
2023-12-18;KR60L2;KR;0.0010651
2023-12-18;KR1AG2;KR;0.000703264
2023-12-18;KR058O;KR;0.000319424
2023-12-18;KR03ZD;KR;0.000678779
2023-12-18;KR05R7;KR;0.000471352
2023-12-18;KR71H0;KR;0.000665185
2023-12-18;KR01ZB;KR;0.000608988
2023-12-18;KR04R6;KR;0.000526179
2023-12-18;KR05GW;KR;0.00084144
2023-12-18;KR00ZA;KR;0.000710868
2023-12-18;KR812M;KR;0.000812964
2023-12-18;KR03FT;KR;0.000615651
2023-12-18;KR20DQ;KR;0.000586696
2023-12-18;KR03ES;KR;0.001187257
2023-12-18;KR01CO;KR;0.001318992
2023-12-18;KR01DP;KR;0.000906532
2023-12-18;KR032G;KR;0.001381419
2023-12-18;KR01MY;KR;0.001224686
2023-12-18;KR401G;KR;0.001062934
2023-12-18;KR02O1;KR;0.000628417
2023-12-18;KR07P7;KR;0.000682422
2023-12-18;KR025I;KR;0.00036543
2023-12-18;KR03M0;KR;0.001050144
2023-12-18;KR15O5;KR;0.000874042
2023-12-18;KR068P;KR;0.001442415
2023-12-18;KR1AOA;KR;0.000870884
2023-12-18;KR055L;KR;0.001040574
2023-12-18;KR19SD;KR;0.001454858
2023-12-18;KR02ZC;KR;0.000819685
2023-12-18;KR043I;KR;0.001424538
2023-12-18;KR30BP;KR;0.001740569
2023-12-18;KR03U8;KR;0.000944811
2023-12-18;KR04IX;KR;0.001526175
2023-12-18;KR03T7;KR;0.001650675
2023-12-18;KR04T8;KR;0.000590043
2023-12-18;KR10EQ;KR;0.00119449
2023-12-18;KW208Q;KW;0.000401943
2023-12-18;KW203L;KW;0.00125984
2023-12-18;MX702S;MX;0.002208019
2023-12-18;MX00DW;MX;0.001494119
2023-12-18;MX00TC;MX;0.003678257
2023-12-18;MX00K3;MX;0.001987248
2023-12-18;MY00UE;MY;0.000214882
2023-12-18;MY00M6;MY;0.000626779
2023-12-18;MY208U;MY;0.000755441
2023-12-18;MY22AY;MY;0.000815247
2023-12-18;MY242S;MY;0.000359176
2023-12-18;MY50NC;MY;0.001102029
2023-12-18;MY23K9;MY;0.001193995
2023-12-18;MY501Q;MY;0.000470053
2023-12-18;MY22MA;MY;0.001014702
2023-12-18;MY00L5;MY;0.00141877
2023-12-18;PH04HR;PH;0.00045109
2023-12-18;PH30AJ;PH;0.000314653
2023-12-18;PH20IQ;PH;0.000626437
2023-12-18;PH04JT;PH;0.000488732
2023-12-18;PH04LV;PH;0.000461438
2023-12-18;PH11AI;PH;0.000711459
2023-12-18;PH903I;PH;0.00090639
2023-12-18;PH04AK;PH;0.001190649
2023-12-18;QA20HJ;QA;0.002362194
2023-12-18;QA2046;QA;0.001825612
2023-12-18;QA20WY;QA;0.001737949
2023-12-18;QA20BD;QA;0.001625508
2023-12-18;SA3038;SA;0.000858885
2023-12-18;SA228E;SA;0.00101905
2023-12-18;SA20AE;SA;0.001006234
2023-12-18;SA3027;SA;0.000876015
2023-12-18;SA20BF;SA;0.001163317
2023-12-18;SA236D;SA;0.00154019
2023-12-18;SA3016;SA;0.000990134
2023-12-18;SA24HP;SA;0.001411408
2023-12-18;SA21Y3;SA;0.001235978
2023-12-18;SA22NT;SA;0.001214406
2023-12-18;TH403H;TH;0.000307927
2023-12-18;TH80AS;TH;0.00036687
2023-12-18;TH00JT;TH;0.000423854
2023-12-18;TH806O;TH;0.000313589
2023-12-18;TH704L;TH;0.000192861
2023-12-18;TH706N;TH;0.000262179
2023-12-18;TH50XC;TH;0.000237529
2023-12-18;TH401F;TH;0.000352586
2023-12-18;TH00AK;TH;0.000410804
2023-12-18;TH12JW;TH;0.000601576
2023-12-18;TH207J;TH;0.00021503
2023-12-18;TH00PZ;TH;0.000327606
2023-12-18;TH001B;TH;0.000352596
2023-12-18;TH50ZE;TH;0.000688548
2023-12-18;TH21T6;TH;0.000777502
2023-12-18;TH30BO;TH;0.000716185
2023-12-18;TH00MW;TH;0.000320755
2023-12-18;TH00Q0;TH;0.000644813
2023-12-18;TH510G;TH;0.000633618
2023-12-18;TH00IS;TH;0.000656189
2023-12-18;TW01C2;TW;0.000564956
2023-12-18;TW0683;TW;0.000659293
2023-12-18;TW1P0F;TW;0.000567494
2023-12-18;TW02WN;TW;0.001293125
2023-12-18;TW01ZP;TW;0.000531184
2023-12-18;TW08MJ;TW;0.001037209
2023-12-18;TW02LC;TW;0.000160161
2023-12-18;TW1AYY;TW;0.001448683
2023-12-18;TW06QL;TW;0.00027069
2023-12-18;TW01UK;TW;0.00117479
2023-12-18;TW1PET;TW;0.000579631
2023-12-18;TW10WM;TW;0.001086612
2023-12-18;TW05MG;TW;0.001283056
2023-12-18;TW1P8N;TW;0.000878282
2023-12-18;TW08OL;TW;0.001647292
2023-12-18;TW033V;TW;0.00128026
2023-12-18;TW04D6;TW;0.001543602
2023-12-18;TW104U;TW;0.001722659
2023-12-18;TW02G7;TW;0.001244558
2023-12-18;TW02A1;TW;0.001474469
2023-12-18;TW080X;TW;0.002679982
2023-12-18;TW032U;TW;0.001669489
2023-12-18;TW070W;TW;0.001447852
2023-12-18;TW036Y;TW;0.002077686
2023-12-18;TW08JG;TW;0.001838273
2023-12-18;TW20I9;TW;0.000707102
2023-12-18;TW027Y;TW;0.001962808
2023-12-18;TW05WQ;TW;0.001790878
2023-12-18;TW03A2;TW;0.00182305
2023-12-18;TW208Z;TW;0.001581626
2023-12-18;TW03UM;TW;0.002519198
2023-12-18;TW01G6;TW;0.001911544
2023-12-18;TW060V;TW;0.002307463
2023-12-18;TW601W;TW;0.001595076
2023-12-18;TW6050;TW;0.001358875
2023-12-18;TW08VS;TW;0.001618039
2023-12-18;TW10J9;TW;0.002327458
2023-12-18;TW012S;TW;0.002024054
2023-12-18;TW00G5;TW;0.002610551
2023-12-18;TW08YV;TW;0.001833588
2023-12-18;TW10SI;TW;0.001445683
2023-12-18;TW052W;TW;0.002046743
