,Date,Internal_Number,ISIN,Instrument_Name,Country,Currency,ICB,Capfactor,Free_Float,Mcap_Units_Index_Currency,Weight
177270,2023-12-18,TH10NY,TH9460010001,S HOTELS AND RESORTS,TH,THB,40501025.0,0.7955,0.4,80377266.0,0.00015056038498320219
177103,2023-12-18,TR20VH,TRAAYENW91L0,AYEN ENERJI,TR,TRY,65101010.0,1.0,0.1697,38926088.0,0.00015050029272809082
176594,2023-12-18,MY21E1,MYL8877OO002,EKOVEST,MY,MYR,50101010.0,1.0,0.7199,209204988.0,0.0001498871653347877
176608,2023-12-18,MY00YI,MYQ0151OO009,KELINGTON GROUP,MY,MYR,50101015.0,1.0,0.7294,186361834.0,0.00014977473399882058
175393,2023-12-18,PL10FQ,PLMOBRK00013,MOBRUK,PL,PLN,50101035.0,1.0,0.8,229249562.0,0.00014824891203307942
177252,2023-12-18,TH22Q4,THA504010002,ONE ENTERPRISE,TH,THB,40301010.0,1.0,0.4139,110958383.0,0.0001480896723552702
175285,2023-12-18,TW15LG,TW0001708006,Sesoda Corp,TW,TWD,55201000.0,1.0,0.8846,236089289.0,0.00014798634183434554
177233,2023-12-18,TH804M,TH4625010004,MC GROUP,TH,THB,40204020.0,1.0,0.4897,141043864.0,0.0001479464719537663
177377,2023-12-18,ID12XV,ID1000133408,BANK NEO COMMERCE,ID,IDR,30101010.0,1.0,0.5726,196011000.0,0.00014778077762912987
177066,2023-12-18,TR801T,TRAKERVT91A5,KEREVITAS GIDA SANVETC.,TR,TRY,45102020.0,1.0,0.2949,64562307.0,0.00014741683705582625
174993,2023-12-18,CN93V6,US7477981069,QUDIAN ADR,CN,USD,30201020.0,1.0,0.9215,304911353.0,0.00014681892261779515
176993,2023-12-18,TR20E0,TRESAYR00013,SAY RENEWABLE,TR,TRY,40301020.0,1.0,0.5765,123678514.0,0.0001464357103140593
176683,2023-12-18,MY70C3,MYQ0101OO004,TMC LIFE SCIENCES,MY,MYR,20101025.0,1.0,0.2223,57542369.0,0.00014583492276546635
174989,2023-12-18,US18UP,US1347481020,CANAAN ADR,CN,USD,10102030.0,1.0,1.0,374082749.0,0.00014578407999753517
176617,2023-12-18,MY50I7,MYL7155OO004,SKP RESOURCES BERHAD,MY,MYR,50203015.0,1.0,0.5758,149523353.0,0.00014481266483388382
176980,2023-12-18,B03MT7,TRAGLMDE91R3,GLOBAL YATIRIM HOLDINGS,TR,TRY,30202010.0,1.0,0.6853,150838457.0,0.00014461492904120518
175395,2023-12-18,PL002C,PLAB00000019,AB,PL,PLN,10101010.0,1.0,0.8107,214105788.0,0.0001443357228716667
177274,2023-12-18,TH30KX,TH0581010Z09,MAHACHAI HOSPITAL,TH,THB,20101010.0,0.5017058,0.4983,72576704.0,0.00014401868951251584
176675,2023-12-18,MY107S,MYL5274OO005,HONG LEONG CAPITAL,MY,MYR,30202015.0,1.0,0.296,69749683.0,0.00014398491024801593
176631,2023-12-18,MY50H6,MYL7148OO009,DUOPHARMA BIOTECH,MY,MYR,20103015.0,1.0,0.4761,123910553.0,0.00014381169782611485
175330,2023-12-18,TW061W,TW0003049003,HannsTouch Holdings,TW,TWD,10102030.0,1.0,0.6583,162260774.0,0.0001434622659815861
175794,2023-12-18,KR701J,KR700088K015,HANWHA 3PB,KR,KRW,30301010.0,1.0,1.0,247182177.0,0.000142496383347365
174931,2023-12-18,IN18T7,INE557A01011,HYDERABAD INDUSTRIES,IN,INR,50101020.0,1.0,0.7373,194119225.0,0.0001424725344145565
177088,2023-12-18,TR303Q,TREHLGY00016,HALK GAYRIMENK A,TR,TRY,35102000.0,1.0,0.2067,46102597.0,0.0001424559313247668
175309,2023-12-18,TW03C4,TW0002374006,Ability Enter,TW,TWD,40203060.0,1.0,0.7854,189031676.0,0.0001422793205816926
177452,2023-12-18,EG9036,EGS65541C012,CAIRO FOR INV.& RLST.DEV. CIRA EDUCATION,EG,EGP,40201010.0,1.0,0.4878,128802623.0,0.00014224178867218483
177003,2023-12-18,TR305S,TRETKNO00010,TEKNOSA IC VE DIS TICARET NPV,TR,TRY,40401030.0,1.0,0.5,113024089.0,0.00014221967880566106
176614,2023-12-18,MY609Z,MYL5272OO009,RANHILL UTILITIES,MY,MYR,65102030.0,1.0,0.6089,152236970.0,0.00014221429491832453
175417,2023-12-18,531929,PLMSTSD00019,POLIMEX MOSTOSTAL,PL,PLN,50101010.0,1.0,0.3512,88402548.0,0.0001418818516429626
174933,2023-12-18,IN81LZ,INE338A01024,THIRUMALAI CHEMICALS,IN,INR,55201000.0,1.0,0.7342,192139712.0,0.00014171985418507614
176628,2023-12-18,MY30K7,MYL2429OO008,TANCO HOLDINGS,MY,MYR,35101010.0,1.0,0.5015,125268306.0,0.0001413505317479579
177339,2023-12-18,GR135G,GRS087003000,INTRACOM HOLDINGS,GR,EUR,10101010.0,1.0,0.7117,201320814.0,0.00014073631610010592
177391,2023-12-18,ID012Y,ID1000113301,MATAHARI DEPARTMENT SOE.,ID,IDR,40401010.0,1.0,0.4824,109539950.0,0.00014013083472269464
175296,2023-12-18,TW112T,TW0004960000,CHENG MEI MATERIALS TECHNOLOGY,TW,TWD,50202040.0,1.0,0.9151,218369820.0,0.00013935694981951813
175289,2023-12-18,TW064Z,TW0003062006,CyberTAN,TW,TWD,15101010.0,1.0,1.0,232623564.0,0.00013935498858985725
177245,2023-12-18,TH109K,TH8798010006,NORTH EAST RUBBERS,TH,THB,40101015.0,0.6743738,0.7266,121075981.0,0.00013910622577357508
177281,2023-12-18,TH10R2,THA054010006,SAKSIAM LEASING,TH,THB,30201020.0,1.0,0.2485,62507251.0,0.00013858263861382526
175291,2023-12-18,TW042V,TW0002485000,Zinwell Corp,TW,TWD,15101010.0,1.0,1.0,226837247.0,0.00013816687085220603
176621,2023-12-18,MY222Q,MYL2852OO001,CAHYA MATA SARAWAK,MY,MYR,50101030.0,1.0,0.5897,143070629.0,0.00013805408974994424
175321,2023-12-18,TW0762,TW0005203004,CYBERLINK,TW,TWD,10101015.0,1.0,0.7462,175581402.0,0.00013791295148343654
177263,2023-12-18,TH12S5,TH8127010008,TRIPLE I LOGISTICS,TH,THB,50206040.0,0.4738267,0.7756,83547928.0,0.00013748273593605433
176606,2023-12-18,MY10K5,MYL4758OO008,ANCOM NYLEX,MY,MYR,55201020.0,1.0,0.7868,189734900.0,0.0001369884243056514
177341,2023-12-18,434777,GRS096003009,FOURLIS HLDG,GR,EUR,40401010.0,1.0,0.8263,189012909.0,0.00013589927007267474
175303,2023-12-18,TW12UM,TW0001701001,China Chem Pharm,TW,TWD,20103015.0,1.0,0.8589,203253499.0,0.00013568163999215315
175311,2023-12-18,TW11TK,TW0001447001,Li Peng Ent,TW,TWD,55101020.0,1.0,0.7822,186703350.0,0.00013566356400667066
175300,2023-12-18,TW13SL,TW0002478005,TA-I TECHNOLOGY,TW,TWD,10102015.0,1.0,0.9259,211061095.0,0.00013549272682531903
175292,2023-12-18,TW12C4,TW0002538006,Kee Tai,TW,TWD,35101010.0,1.0,1.0,225516999.0,0.00013533912125089854
175306,2023-12-18,TW19ZY,TW0002420007,ZIPPY TECHNOLOGY,TW,TWD,50202010.0,1.0,0.816,193597929.0,0.0001350280631811057
175294,2023-12-18,TW1AUU,TW0003138004,AUDEN TECHNO,TW,TWD,15101010.0,1.0,0.8763,222492619.0,0.000134287021046147
176656,2023-12-18,MY109U,MYL5293OO005,AME ELITE CONSORTIUM,MY,MYR,50101010.0,1.0,0.413,93573214.0,0.0001321942023964446
176613,2023-12-18,MY308V,MYL7022OO006,GLOBETRONICS TECHNOLOGY,MY,MYR,10102010.0,1.0,0.6657,163806961.0,0.00013217451089741065
175337,2023-12-18,TW503X,TW0002228004,IRON FORCE INDUSTRIAL,TW,TWD,40101025.0,1.0,0.679,149589796.0,0.00013211040944460285
174996,2023-12-18,CN2517,CNE000000941,SHANGHAI JINQIAO EX PR.Z.D.'B',CN,USD,35101010.0,1.0,1.0,214474838.0,0.00013193583605219673
175299,2023-12-18,TW15OJ,TW0002464005,Mirle Auto,TW,TWD,50204000.0,1.0,0.9412,213128071.0,0.00013188241752391523
175327,2023-12-18,TW11MD,TW0002505005,Kuo Yang Const,TW,TWD,35101010.0,1.0,0.653,168061113.0,0.00013165312184302723
176661,2023-12-18,MY24OE,MYL5302OO004,AURELIUS TECHNOLOGIES,MY,MYR,10102015.0,1.0,0.3893,88226589.0,0.00013143696850933376
175307,2023-12-18,TW02F6,TW0002107000,Formosan Rubber,TW,TWD,50203015.0,1.0,0.8472,193510171.0,0.00013119728982290284
175290,2023-12-18,TW16GC,TW0001558005,ZENG HSING INDUSTRIAL,TW,TWD,40202025.0,1.0,1.0,229568673.0,0.00012997201021106112
177287,2023-12-18,TH20DP,TH0409010Z03,LANNA RESOURCES,TH,THB,60101040.0,0.509684,0.4905,55504003.0,0.0001288802825523946
174952,2023-12-18,IN70HT,INE384A01010,RANE HOLDINGS,IN,INR,40101025.0,1.0,0.7013,146715845.0,0.0001288704688121883
175295,2023-12-18,TW04HA,TW0002601002,FIRST STEAMSHIP,TW,TWD,50206030.0,1.0,0.9308,221224644.0,0.00012843472200923752
175331,2023-12-18,TW80A7,TW0006416001,CASWELL,TW,TWD,15101010.0,1.0,0.7273,161053807.0,0.00012841161146695215
174953,2023-12-18,IN60Q1,INE107A01015,TAMIL NADU NWPT.& PAPERS,IN,INR,55101015.0,1.0,0.577,143081849.0,0.00012809618018264627
177395,2023-12-18,ID013Z,ID1000114002,PP (PERSERO),ID,IDR,50101010.0,1.0,0.49,98797770.0,0.00012774090931272133
177272,2023-12-18,TH20LX,TH0748010Z04,UNIVANICH PALM OIL,TH,THB,45102010.0,0.5416601,0.6349,75280278.0,0.0001276856608609828
177396,2023-12-18,ID20TQ,ID1000099500,RAMAYANA LESTARI SENTOSA,ID,IDR,40401010.0,1.0,0.4412,98791920.0,0.00012750038299075837
177131,2023-12-18,B03MY2,TRATIREW91D1,MONDI TURKEY OLUKLU MUKAVVA KAGIT,TR,TRY,55101015.0,1.0,0.1535,28076699.0,0.00012740803144378385
176689,2023-12-18,MY601R,MYL5517OO007,SHANGRI-LA HOTELS (MAL.),MY,MYR,40501025.0,1.0,0.2419,49204586.0,0.00012666841899344942
177091,2023-12-18,B03MV8,TRAKARTN91D4,KARTONSAN,TR,TRY,50203030.0,1.0,0.2187,44310089.0,0.00012653182735875026
175001,2023-12-18,CN1RVM,US5288771034,LEXINFINTECH HOLDINGS ADR,CN,USD,30201020.0,1.0,0.747,168050658.0,0.00012597636704874042
177402,2023-12-18,ID3031,ID1000107600,WIJAYA KARYA,ID,IDR,50101010.0,1.0,0.3495,48453275.0,0.0001258735293070316
176536,2023-12-18,CL02HG,CL0000000449,SALFA CORPORATION,CL,CLP,50101015.0,1.0,0.9307,208053032.0,0.00012575346836205158
176659,2023-12-18,MY10PA,MYL5271OO001,PECCA GROUP,MY,MYR,40101010.0,1.0,0.4349,91968366.0,0.00012450373824748258
175418,2023-12-18,PL00MW,PLUNMOT00013,UNIMOT,PL,PLN,65102020.0,1.0,0.3644,86192771.0,0.0001239542056896658
177463,2023-12-18,EG7056,EGS75011C014,MM GRP INDUS.& INTL TRADE,EG,EGP,40203010.0,1.0,0.2586,57446641.0,0.00012392737538838622
177265,2023-12-18,TH10OZ,TH9882010001,NR INSTANT PRODUCE,TH,THB,45102020.0,1.0,0.3936,83253054.0,0.00012345600931392607
176646,2023-12-18,MY30J6,MYL5311OO005,CAPE EMS,MY,MYR,50202040.0,1.0,0.4778,101467928.0,0.0001231644038133341
176670,2023-12-18,MY10DY,MYL7179OO004,LAGENDA PROPERTIES,MY,MYR,35101010.0,1.0,0.3608,76588911.0,0.00012311242990152078
177392,2023-12-18,ID20GD,ID1000108400,ALAM SUTERA REALTY,ID,IDR,35101010.0,1.0,0.5262,107202217.0,0.00012254944787082087
177399,2023-12-18,ID5011,ID1000097207,ADHI KARYA PERSERO,ID,IDR,50101010.0,1.0,0.3567,62574312.0,0.00012235200573502684
174906,2023-12-18,IN18WA,INE754A01055,SUBEX,IN,INR,10101015.0,1.0,1.0,256707823.0,0.00012190219211642424
176908,2023-12-18,KW21RA,KW0EQ0202832,ALIMTIAZ INVESTMENT,KW,KWD,30202010.0,1.0,0.7803,166500503.0,0.00012153418812272987
177255,2023-12-18,TH20Q2,TH0823010002,SOMBOON ADVANCE TECHNOLOGY,TH,THB,40101025.0,0.6992009,0.7008,105370694.0,0.00012108001054605707
177259,2023-12-18,TH22P3,THA490010008,HENG LEASING AND CAPITAL,TH,THB,30201020.0,0.5922379,0.7936,97216565.0,0.00012096587973441018
174998,2023-12-18,CN1SIA,US00851L1035,AGORA ADR,CN,USD,10101015.0,1.0,0.8556,198932869.0,0.00011999192239936602
176644,2023-12-18,MY20G2,MYL5071OO005,COASTAL CONTRACTS,MY,MYR,50206015.0,1.0,0.5504,105321870.0,0.00011972328426999465
174938,2023-12-18,IN81FT,INE231F01020,SASKEN TECHNOLOGIES,IN,INR,10101010.0,1.0,0.7692,183983142.0,0.00011948853182052844
177036,2023-12-18,518610,TRAALGYO91Q5,ALARKO GAYMEN.YATOTA.,TR,TRY,35102000.0,1.0,0.4379,79743819.0,0.00011906377075131407
177031,2023-12-18,TR202O,TRAVKGYO91Q3,VAKIF GAYMEN.YATOTA.,TR,TRY,35102000.0,1.0,0.4623,81661673.0,0.00011890449913523106
177032,2023-12-18,TR30K7,TREBLSM00027,BIRLESIM MUHENDISLIK ISITMA SOGUT,TR,TRY,50101025.0,1.0,0.4804,81395729.0,0.00011880313464187822
175301,2023-12-18,TW19FE,TW0001219004,Fwusow,TW,TWD,45102020.0,1.0,1.0,206087534.0,0.00011857385702036158
177260,2023-12-18,TH012D,TH0818010Z05,UNITED PAPER,TH,THB,50203030.0,1.0,0.444,95657249.0,0.00011807895964009111
176616,2023-12-18,MY90OH,MYL7233OO009,DUFU TECHNOLOGY,MY,MYR,10102030.0,1.0,0.71,150167458.0,0.0001179727100964374
177472,2023-12-18,EG00JD,EGS690C1C010,RAYA HLDG.FOR TECH.& COMMS.,EG,EGP,10101010.0,1.0,0.184,36130230.0,0.00011743964044862423
177015,2023-12-18,TR00CW,TREINDX00019,INDEKS BILGISAYAR SISTEMLERI,TR,TRY,10102030.0,1.0,0.599,100644938.0,0.00011732815215761111
176645,2023-12-18,MY607X,MYL2658OO002,AJINOMOTO,MY,MYR,45102020.0,1.0,0.4962,102189026.0,0.00011718646624154498
177104,2023-12-18,TR12E1,TREAKFG00012,AKFEN GAYMEN.YATOTA.,TR,TRY,35102015.0,1.0,0.4455,38465521.0,0.00011672953913639881
176630,2023-12-18,MY21UH,MYL4383OO005,JAYA TIASA HOLDINGS,MY,MYR,45102010.0,1.0,0.6608,124053507.0,0.00011669831747465986
176649,2023-12-18,MY236V,MYL4324OO009,HENGYUAN REFINING,MY,MYR,60101020.0,1.0,0.4898,97354877.0,0.00011638865654684877
177084,2023-12-18,TR108T,TRAGOODY91E9,GOODYEAR LASTIKLERI,TR,TRY,40101015.0,1.0,0.254,47436916.0,0.00011626262097985321
177085,2023-12-18,TR213Q,TREKNKA00026,KONYA KAGIT SANAYI VE TICARET,TR,TRY,55101015.0,1.0,0.2205,47231203.0,0.0001162107411846815
174999,2023-12-18,CN24UZ,CNE000000G39,SHANGHAI MECH.&ELECT. IND. 'B',CN,USD,50204000.0,1.0,1.0,192665392.0,0.00011515115302485949
176856,2023-12-18,PH108,KYG2112Y1098,China Dongxiang Group Co. Ltd.,CN,HKD,40204020.0,1.0,0.5992,106342804.0,0.00011500456067160516
177345,2023-12-18,GR136H,GRS239003007,THRACE PLSTC.HLDG.&. COML.SA,GR,EUR,50203015.0,1.0,0.3648,72454455.0,0.0001144388034971574
177046,2023-12-18,TR80C4,TRACEMTS91G6,CEMTAS CK.MAKINA SANVETC,TR,TRY,55102010.0,1.0,0.4227,74695697.0,0.0001143350870515496
174954,2023-12-18,IN608J,INE049A01027,HIMATSINGKA SEIDE,IN,INR,55101020.0,1.0,0.6687,139704678.0,0.0001137469530929511
176639,2023-12-18,MY30E1,MYL5238OO000,AIRASIA X,MY,MYR,40501010.0,1.0,0.624,114703692.0,0.00011323791505902138
177090,2023-12-18,B07DQ4,TREAKMG00018,AKMERKEZ GAYMEN.YATRIM ORTAKLI,TR,TRY,35102045.0,1.0,0.2615,45404902.0,0.00011287198104962336
175308,2023-12-18,TW05YS,TW0003041000,Ali,TW,TWD,10102010.0,1.0,1.0,192713020.0,0.00011286437148641206
175338,2023-12-18,TW03PH,TW0002417003,AVERMEDIA TECHNOLOGIES,TW,TWD,10102030.0,1.0,0.8157,148290685.0,0.00011254023239341296
177019,2023-12-18,B03MNM,TRAALKIM91E0,ALKIM ALKALI KIMYA,TR,TRY,55201000.0,1.0,0.5335,96661989.0,0.00011223994147730655
177457,2023-12-18,EG2084,EGS38081C013,EGYP.INTL.PHARMS. INDS. SAE,EG,EGP,20103015.0,1.0,0.4482,86070087.0,0.00011219095415543704
176654,2023-12-18,MY90WP,MYL7237OO000,POWER ROOT,MY,MYR,45101020.0,1.0,0.5273,94565498.0,0.00011150133035594811
175333,2023-12-18,TW15ZU,TW0003501003,Well Shin,TW,TWD,50202010.0,1.0,0.8116,158524849.0,0.00011136295684625808
176973,2023-12-18,ET013,TRAKRDMA91G3,KARDEMIR (A),TR,TRY,55102015.0,1.0,1.0,172337989.0,0.0001111472435302091
177049,2023-12-18,490804,TRATRCAS92E6,TURCAS PETROL,TR,TRY,65101015.0,1.0,0.4555,74001251.0,0.00011108198444907348
177285,2023-12-18,TH10S3,THA078010008,KERRY EXPRESS (THAILAND),TH,THB,50206040.0,1.0,0.2743,55914254.0,0.00011105804852635597
177072,2023-12-18,TR10G1,TRAVAKFN91P9,VAKIF FINANSAL KIRALAMA,TR,TRY,30202000.0,1.0,0.3795,56156892.0,0.0001109429465980132
175314,2023-12-18,TW15GB,TW0002405008,SHUTTLE,TW,TWD,10102030.0,1.0,1.0,184322654.0,0.00011043835811881474
174594,2023-12-18,BR05Z6,BRLJQQACNOR5,LOJAS QUERO-QUERO ON,BR,BRL,40401010.0,1.0,1.0,220774960.0,0.00011039779901469274
177044,2023-12-18,TR12J6,TREKZBG00026,KIZILBUK GAYMEN. YATOTA.,TR,TRY,35102015.0,1.0,0.348,75806396.0,0.00010990535069457857
175312,2023-12-18,TW114V,TW0002406006,Gigastorage,TW,TWD,10102010.0,1.0,1.0,184973267.0,0.00010928657225010136
177089,2023-12-18,TR10I3,TREESEN00024,ESENBOGA ELEKTRIK URETIM AS,TR,TRY,65101010.0,1.0,0.303,45843996.0,0.00010915508904132583
176987,2023-12-18,TR00BV,TRECMAS00010,CEMAS DOKUM SANAYI,TR,TRY,55102015.0,1.0,0.8998,136427095.0,0.00010906350124908034
176682,2023-12-18,MY506V,MYL5123TO003,SENTRAL REIT,MY,MYR,35102030.0,1.0,0.3337,59221485.0,0.00010886416696754613
175409,2023-12-18,PL90H0,PLENTER00017,ENTER AIR,PL,PLN,40501010.0,1.0,0.4849,106020390.0,0.00010884101854690236
177023,2023-12-18,B03MPM,TRABAGFS91E2,BANDIRMA GUBRE FABRIKALARI,TR,TRY,55201015.0,1.0,0.5611,90557991.0,0.00010866622174066911
176632,2023-12-18,MY50ZO,MYL5789OO002,LBS BINA GROUP,MY,MYR,35101010.0,1.0,0.6379,121555300.0,0.00010857679068297909
177092,2023-12-18,TR10F0,TRAMAALT91K5,MARMARIS ALTINYUNUS,TR,TRY,40501025.0,1.0,0.2663,42660334.0,0.000108294830728939
176642,2023-12-18,MY24QG,MYQ0186OO005,PERAK TRANSIT,MY,MYR,50206010.0,1.0,0.5997,108086702.0,0.00010789796909774978
175335,2023-12-18,TW132V,TW0001455004,ZIG SHENG IND,TW,TWD,55101020.0,1.0,0.7987,153982472.0,0.0001077803389198392
175401,2023-12-18,PL00NX,PLVOXEL00014,VOXEL,PL,PLN,20103010.0,1.0,0.6257,138318045.0,0.00010698015878070031
177065,2023-12-18,TR111N,TREKRVG00013,KERVAN GIDA SANAYI VE TICARET,TR,TRY,45102020.0,1.0,0.3912,64684034.0,0.00010688834106766857
175336,2023-12-18,TW0920,TW0001598001,DYACO INTERNATIONAL,TW,TWD,40203050.0,1.0,0.8153,151949352.0,0.00010677159835128636
175428,2023-12-18,PL11MY,PLONDE000018,ONDE,PL,PLN,50101015.0,1.0,0.3285,72859213.0,0.00010617778063861546
176662,2023-12-18,MY10BW,MYL5916OO001,MALAYSIA SMELTING,MY,MYR,55102050.0,1.0,0.4804,86398389.0,0.000105342854110237
175325,2023-12-18,TW03QI,TW0002426004,TYNTEK,TW,TWD,10102010.0,1.0,0.9208,170236129.0,0.00010526025446790342
177083,2023-12-18,TR120N,TREULSY00014,ULUSOY UN SANAYI VE TICARET,TR,TRY,45102020.0,1.0,0.2762,47375330.0,0.00010524796978714743
177017,2023-12-18,B03MT9,TRAGOLTS91F0,GOLTAS CIMENTO,TR,TRY,50101030.0,1.0,0.6317,98606794.0,0.00010505658522275894
176635,2023-12-18,MY220O,MYL3417OO002,EASTERN & ORIENTAL,MY,MYR,35101010.0,1.0,0.5112,116264266.0,0.00010504279421367257
177047,2023-12-18,TR00G0,TRAEGGUB91E8,EGE GUBRE SANAYI,TR,TRY,55201000.0,1.0,0.4611,74261531.0,0.00010487700131639524
176693,2023-12-18,MY30AX,MYL1368OO009,UEM EDGENTA,MY,MYR,50101015.0,1.0,0.2505,43714771.0,0.00010480619498498066
175419,2023-12-18,PL703K,PLCLNPH00015,CELON PHARMA,PL,PLN,20103015.0,1.0,0.4119,83658389.0,0.00010474959393558052
177040,2023-12-18,TR508X,TRAAFYON91F6,AFYON CIMENTO,TR,TRY,50101030.0,1.0,0.49,78308919.0,0.0001043981108994254
175442,2023-12-18,EW036,NL0000686509,ASTARTA HOLDING,PL,PLN,45102035.0,1.0,0.2998,53591950.0,0.00010406089046745703
175315,2023-12-18,TW031T,TW0002349008,Ritek Corp,TW,TWD,10102030.0,1.0,1.0,182830027.0,0.00010392958632048736
175328,2023-12-18,TW40A3,KYG984291065,YEONG GUAN EN.TECH.GP.,TW,TWD,55102015.0,1.0,0.8408,164058938.0,0.00010355648878479273
175329,2023-12-18,TW19GF,TW0001527000,BASSO INDUSTRY,TW,TWD,50204040.0,1.0,0.9025,163808669.0,0.00010355039792644013
177057,2023-12-18,TR10AV,TREKGYO00014,KILER GAYMEN.YATOTA.,TR,TRY,35102000.0,1.0,0.4646,69141381.0,0.0001029913702995765
177118,2023-12-18,TR20XJ,TRAALKAW91D8,ALKIM KAGIT,TR,TRY,55101015.0,1.0,0.2007,33529762.0,0.0001028821234232052
177267,2023-12-18,TH108J,TH8463010000,CHAYO GROUP,TH,THB,30202010.0,0.8105873,0.6045,83140413.0,0.00010278936094323707
177112,2023-12-18,TR20RD,TREISBS00012,ISBIR SENTETIK DOKUMA SANAYI,TR,TRY,55101020.0,1.0,0.2358,36125638.0,0.00010229753036910673
175000,2023-12-18,CN24W1,CNE0000004C0,SHAI.CHLOR-ALKALI CHM. 'B',CN,USD,55201000.0,1.0,1.0,175227360.0,0.00010204968970422381
176633,2023-12-18,MY10YJ,MYL7241OO002,NEXTGREEN GLOBAL,MY,MYR,50101010.0,1.0,0.6609,116696627.0,0.00010150083852215025
176684,2023-12-18,MY70D4,MYL5283OO006,ECO WORLD INTERNATIONAL,MY,MYR,35101010.0,1.0,0.2976,57060134.0,0.00010082074707242951
174598,2023-12-18,BR905G,BRBHIAACNOR1,CASAS BAHIA,BR,BRL,40401030.0,1.0,0.852,168017711.0,0.00010074918821338344
175431,2023-12-18,PL90CV,PLAMBRA00013,AMBRA,PL,PLN,45101015.0,1.0,0.3888,68102013.0,0.00010037506085445914
175319,2023-12-18,TW19KJ,TW0003645008,TAIMIDE TECH,TW,TWD,10102015.0,1.0,0.9464,177728174.0,9.94616574835599e-05
175414,2023-12-18,PL00KU,PLSNKTK00019,SYNEKTIK,PL,PLN,20101025.0,1.0,0.4987,93169312.0,9.943007237305562e-05
177067,2023-12-18,TR30RE,TRABISAS91B7,RAL YATIRIM HOLDING ANONIM SIRKETI,TR,TRY,55101020.0,1.0,0.3723,63361604.0,9.937275458634811e-05
177309,2023-12-18,TH205H,TH0438010Z02,ITALIAN-THAI DEVELOPMENT,TH,THB,50101010.0,0.3172109,0.8146,34305187.0,9.936990004724115e-05
175403,2023-12-18,PL909S,PLTSQGM00016,TEN SQUARE GAMES,PL,PLN,40203040.0,1.0,0.6609,124978374.0,9.89470615836638e-05
177022,2023-12-18,487560,TRATATKS91A5,TAT GIDA,TR,TRY,45102020.0,1.0,0.5635,91355277.0,9.845348452343976e-05
175407,2023-12-18,PL401F,PLPKPCR00011,PKP CARGO,PL,PLN,50206020.0,1.0,0.6699,108624956.0,9.834845280669671e-05
177306,2023-12-18,TH40ES,TH0940010Y08,SINGHA ESTATE,TH,THB,35101010.0,0.5482051,0.39,37682594.0,9.758470385258106e-05
175413,2023-12-18,PL005F,PLMRBUD00015,MIRBUD,PL,PLN,50101010.0,1.0,0.5454,94611357.0,9.662804433239326e-05
175433,2023-12-18,PL00HR,PLOPNPL00013,OPONEO PL SERIES A B,PL,PLN,40101010.0,1.0,0.3982,65247798.0,9.631088260888686e-05
176860,2023-12-18,CN24NS,CNE000000ST8,LU THAI TEX.JOINT STK. 'B',CN,HKD,55101020.0,1.0,0.5658,94861112.0,9.61436795246092e-05
177037,2023-12-18,ET015,TRESNGY00019,SINPAS GAYMEN.YATOTA.,TR,TRY,35102000.0,1.0,0.5237,79747779.0,9.54787768833621e-05
176634,2023-12-18,MY804W,MYL5072OO003,HIAP TECK VENTURE,MY,MYR,55102010.0,1.0,0.7181,116306489.0,9.501338389703678e-05
175404,2023-12-18,PL90J2,PLRNBWT00031,RAINBOW TOURS SR.B C2 E,PL,PLN,40501015.0,1.0,0.6337,120731145.0,9.42693991069689e-05
175006,2023-12-18,CN871F,US06684L1035,BAOZUN ADR,CN,USD,10101020.0,1.0,0.8416,137818307.0,9.417825546796131e-05
176669,2023-12-18,MY213Q,MYL5142OO004,WASCO,MY,MYR,60101030.0,1.0,0.4658,77663557.0,9.382637299606029e-05
176677,2023-12-18,MY22NB,MYL5173OO009,SHIN YANG GROUP,MY,MYR,50206030.0,1.0,0.4497,67253876.0,9.340745684651557e-05
175011,2023-12-18,CN1S7Z,US65481N1000,NIU TECHNOLOGIES ADR,CN,USD,40203055.0,1.0,0.6865,103065644.0,9.27754977962034e-05
176655,2023-12-18,MY90A3,MYL5184OO006,CYPARK RESOURCES,MY,MYR,65101010.0,1.0,0.5721,94268353.0,9.277497093714747e-05
176637,2023-12-18,MY406U,MYL5247OO001,KAREX INDUSTRIES,MY,MYR,45201020.0,1.0,0.7098,115491383.0,9.176292176413558e-05
175339,2023-12-18,TW091Z,TW0006706005,FITTECH,TW,TWD,10102020.0,1.0,0.9457,145968270.0,9.106763853674885e-05
177108,2023-12-18,TR00L5,TRAISTMP91H7,FED.MOGUL IZMIT PISTON,TR,TRY,40101025.0,1.0,0.2226,37293490.0,9.094658207133363e-05
177305,2023-12-18,TH50JY,TH0712010Z00,ADVANCED INFORMATION TECH,TH,THB,10101010.0,0.2997602,0.834,38084277.0,9.089101467823498e-05
176648,2023-12-18,MY90G9,MYL7034OO001,THONG GUAN INDS.,MY,MYR,50203030.0,1.0,0.6261,99761314.0,9.063670352185684e-05
175003,2023-12-18,CN25GM,CNE0000002N1,INESA INTEL.TECH. 'B',CN,USD,10101010.0,1.0,1.0,150792419.0,9.035885578053248e-05
176643,2023-12-18,MY10F0,MYL9172OO007,FORMOSA PROSONIC,MY,MYR,40203010.0,1.0,0.6799,105380111.0,9.020637795787433e-05
176638,2023-12-18,MY9092,MYL5125OO009,PANTECH GROUP,MY,MYR,55102010.0,1.0,0.7123,115012298.0,8.948283319119398e-05
177070,2023-12-18,TR30SF,TRAYUNSA91B5,YUNSA YUNLU SANVETC.,TR,TRY,55101020.0,1.0,0.4212,59182139.0,8.919334016063294e-05
175341,2023-12-18,TW12B3,TW0004526009,TONG-TAI MACH,TW,TWD,50204000.0,1.0,0.9183,139799398.0,8.899045513661152e-05
175008,2023-12-18,CN24PU,CNE000000461,DAZHONG TRSP.(GROUP) 'B',CN,USD,40501015.0,1.0,0.8013,118711956.0,8.897857580495371e-05
175002,2023-12-18,CN2539,CNE000000NL6,HUANGSHAN TOURISM DEV. 'B',CN,USD,40501015.0,1.0,1.0,153416402.0,8.894469270182115e-05
176663,2023-12-18,MY21AX,MYL5218OO002,SAPURA ENERGY,MY,MYR,60101030.0,1.0,0.5299,81173605.0,8.884316947723512e-05
175005,2023-12-18,CN2528,CNE000000DX2,SHAI.HAIXIN GROUP 'B',CN,USD,20103015.0,1.0,0.9365,137870671.0,8.880366890752565e-05
177008,2023-12-18,TR702T,TRAYATAS91B4,YATAS YAVYGN.SATT.,TR,TRY,40202015.0,1.0,0.7875,106686027.0,8.85357516939807e-05
175424,2023-12-18,598449,PLKGNRC00015,KOGENERACJA,PL,PLN,65101015.0,1.0,0.4193,76760984.0,8.835472958525617e-05
176857,2023-12-18,CN88IX,KYG8917X1218,TONGDA GROUP HOLDINGS,CN,HKD,10102015.0,1.0,0.6394,104602151.0,8.826772680706451e-05
177119,2023-12-18,TR12G3,TREBOMO00012,PAMEL YENILENEBILI 'B',TR,TRY,65101010.0,1.0,0.2393,33570939.0,8.810659816806429e-05
177079,2023-12-18,TR210N,TREHUNR00025,HUN YENILENEBILIR ENERJI URETI,TR,TRY,65101010.0,1.0,0.3759,50043658.0,8.760901103115771e-05
176623,2023-12-18,MY111N,MYL8907OO007,EG INDUSTRIES,MY,MYR,10102015.0,1.0,0.8569,137491325.0,8.669879503793611e-05
175334,2023-12-18,TW11E5,TW0006209000,KINKO OPTICAL,TW,TWD,40203060.0,1.0,1.0,157014928.0,8.653025518794113e-05
177307,2023-12-18,TH901K,TH0564B10Z00,NOBLE DEVELOPMENT,TH,THB,35101010.0,0.2651855,0.9137,36406834.0,8.650836423941927e-05
177016,2023-12-18,TR703U,TRAERBOS91G8,ERBOSAN ERCIYAS BORU,TR,TRY,55102010.0,1.0,0.6511,99439266.0,8.63199976588139e-05
175012,2023-12-18,US19D9,US98741T1043,YOUDAO ADR,CN,USD,40201010.0,1.0,0.6731,98536906.0,8.604064440159141e-05
177077,2023-12-18,TR30G3,TRESANK00011,SANICA ISI SANAYI A S,TR,TRY,50101020.0,1.0,0.3452,51447210.0,8.571539850738947e-05
175427,2023-12-18,B0BV8T,PLDECOR00013,DECORA,PL,PLN,50101035.0,1.0,0.4706,72980342.0,8.491168337175373e-05
177010,2023-12-18,TR10H2,TREARDY00023,ARD GRUP BILISIM TEKNOLOJILERI,TR,TRY,30202000.0,1.0,0.7487,105033749.0,8.439645448398502e-05
177275,2023-12-18,TH12GT,TH7344010007,EKACHAI MEDICAL CARE,TH,THB,20101010.0,0.5907173,0.8295,70515407.0,8.414252142404826e-05
177039,2023-12-18,TR216T,TRESUWN00022,SUWEN TEKSTIL SANAYI PAZARLAMA,TR,TRY,40204020.0,1.0,0.5473,78681967.0,8.402930516430813e-05
176859,2023-12-18,CN24QV,CNE000000QM7,SHANDONG CHENMING PAPER B,CN,HKD,55101015.0,1.0,0.7017,99821802.0,8.383034929378666e-05
176629,2023-12-18,MY241R,MYL3662OO003,MALAYAN FLOUR MILLS,MY,MYR,45102020.0,1.0,0.879,125038041.0,8.375986442713317e-05
176681,2023-12-18,MY60B1,MYL7216OO004,KAWAN FOOD,MY,MYR,45102020.0,1.0,0.4188,59341492.0,8.351036211536893e-05
177477,2023-12-18,EG20RN,EGS3G231C011,ELECTRO CABLE EGYPT,EG,EGP,50202010.0,1.0,0.2155,30911526.0,8.350777505960123e-05
175408,2023-12-18,PL003D,PLAMICA00010,AMICA,PL,PLN,40202020.0,1.0,0.6507,107764670.0,8.267702602281922e-05
177042,2023-12-18,TR30F2,TREPNLS00017,PANELSAN CATI CEPHE SIST.SANVETC.,TR,TRY,50101020.0,1.0,0.5447,77814257.0,8.148619751252455e-05
176653,2023-12-18,MY204Q,MYL9679OO001,WCT HOLDINGS,MY,MYR,50101015.0,1.0,0.6404,94775071.0,8.140691022424342e-05
176658,2023-12-18,MY17F7,MYQ0193OO001,KINERGY ADVANCEMENT BHD,MY,MYR,50101015.0,1.0,0.5937,92257386.0,8.108509252782027e-05
177459,2023-12-18,EG7012,EGS30AL1C012,OBOUR LAND FOR FOOD INDUSTRIES,EG,EGP,45102020.0,1.0,0.5191,73917328.0,8.033824273239881e-05
175426,2023-12-18,PL10JU,PLTOYA000011,TOYA,PL,PLN,50204040.0,1.0,0.4945,75490614.0,7.990312810873449e-05
175450,2023-12-18,EW064,PLWELTN00012,WIELTON,PL,PLN,50206015.0,1.0,0.3345,47846754.0,7.979107737909198e-05
177280,2023-12-18,TH80DV,TH7139010006,GOLDEN VENTURES LEASEHOLD REAL,TH,THB,35102030.0,1.0,0.5074,64972227.0,7.934218725886904e-05
177482,2023-12-18,EG11B7,EGS21171C011,ZAHRAA MAADI INV.& DEV.,EG,EGP,35101010.0,1.0,0.181,24278659.0,7.919055355050741e-05
177283,2023-12-18,TH50KZ,TH0788010005,WORKPOINT ENTERTAINMENT,TH,THB,40301010.0,1.0,0.4208,56526691.0,7.909689007721e-05
177087,2023-12-18,TR20PB,TREIMAS00017,IMAS MAKINA SANAYI,TR,TRY,50204000.0,1.0,0.4346,46690459.0,7.895082194559829e-05
177038,2023-12-18,B03N09,TRAGSDHO91Q9,GSD HOLDING,TR,TRY,30101010.0,1.0,0.5836,79329623.0,7.881738112628637e-05
177069,2023-12-18,TR00J3,TRAARENA91U1,ARENA BILGISAYAR,TR,TRY,10102030.0,1.0,0.506,62164387.0,7.837839824406403e-05
177401,2023-12-18,ID90BF,ID1000150402,MNC VISION NETWORKS,ID,IDR,40301010.0,1.0,0.3933,53438922.0,7.832743178633833e-05
177484,2023-12-18,EG103Y,EGS39011C019,NTRL.GAS & MNG.(EGYPT GAS),EG,EGP,60101035.0,1.0,0.168,21798631.0,7.812156802416043e-05
177276,2023-12-18,TH518O,TH5008010Z08,NAMYONG TERMINAL,TH,THB,50206060.0,1.0,0.4572,68684291.0,7.711546192988349e-05
177469,2023-12-18,EG20YU,EGS38381C017,EGYPTIAN FINL.& INDL.,EG,EGP,55201015.0,1.0,0.2746,40752502.0,7.701957691248537e-05
176652,2023-12-18,MY011M,MYL6483OO001,KENANGA INVESTMENT BANK,MY,MYR,30202015.0,1.0,0.6768,95712400.0,7.658053824246111e-05
177397,2023-12-18,ID80FI,ID1000119902,SURYA SEMESTA INTERNUSA,ID,IDR,50101010.0,1.0,0.7589,97960992.0,7.650842876273226e-05
174600,2023-12-18,BR167G,BRCASHACNOR8,MELIUZ ON,BR,BRL,10101020.0,1.0,0.8212,117076510.0,7.604234339205088e-05
177124,2023-12-18,ET016,TRAYASAS91E0,DYO BOYA FKI.SANVETC.,TR,TRY,50203010.0,1.0,0.2547,31291046.0,7.582431602022487e-05
175443,2023-12-18,PL907Q,PLPKBEX00072,PEKABEX,PL,PLN,50101035.0,1.0,0.3772,53049280.0,7.522058629371391e-05
175010,2023-12-18,CN1SD5,US44975P1030,I MAB ADR,CN,USD,20103010.0,1.0,0.9362,110226563.0,7.493730874755915e-05
177288,2023-12-18,TH22M0,TH0305B10Z04,NUSASIRI,TH,THB,35101010.0,0.8366058,0.5857,54882435.0,7.484353142628467e-05
177462,2023-12-18,EG20IE,EGS02051C018,CAIRO POULTRY,EG,EGP,45102010.0,1.0,0.47,63240759.0,7.469748812610436e-05
177073,2023-12-18,TR802U,TRAKLBMO91C0,Doganlar Mobilya Grubu Imalat,TR,TRY,40202015.0,1.0,0.5012,55779420.0,7.402847695658796e-05
177130,2023-12-18,599914,TRAAKENR91L9,AKENERJI ELEKTRIK URETIM,TR,TRY,65101015.0,1.0,0.2528,28038030.0,7.391180967320576e-05
177458,2023-12-18,EG101W,EGS73541C012,QALA FOR FINANCIAL INVESTMENTS,EG,EGP,30202010.0,1.0,0.6185,78635412.0,7.372317783909645e-05
176687,2023-12-18,MY23RG,MYL6556OO004,ANN JOO RESOURCES,MY,MYR,55102010.0,1.0,0.4121,53335364.0,7.36313992653742e-05
175465,2023-12-18,PL10MX,PLANSWR00019,ANSWEAR COM,PL,PLN,40401020.0,1.0,0.1881,25546842.0,7.341853799156229e-05
176665,2023-12-18,MY24SI,MYL7246OO001,SIGN,MY,MYR,40202015.0,1.0,0.6499,78199911.0,7.337397660607031e-05
177282,2023-12-18,TH21DQ,TH0374010Z09,SAMART,TH,THB,15101010.0,0.7980456,0.614,58623057.0,7.313657511783626e-05
175425,2023-12-18,PL50BQ,PLTORPL00016,TORPOL,PL,PLN,50101010.0,1.0,0.569,76014218.0,7.274400895129684e-05
176864,2023-12-18,CN2D8M,KYG5322R1039,KWG LIVING GROUP HOLDINGS,CN,HKD,35101015.0,1.0,0.5107,61710739.0,7.242436621859056e-05
175435,2023-12-18,PL11R3,PLVOTUM00016,VOTUM SA,PL,PLN,30202000.0,1.0,0.4292,60816775.0,7.219697690109601e-05
175447,2023-12-18,561831,PLAGORA00067,AGORA,PL,PLN,40301030.0,0.4876784,0.769,51019320.0,7.191056839174095e-05
177123,2023-12-18,TR10TE,TRADARDL91A3,DARDANEL,TR,TRY,45102020.0,1.0,0.314,31919374.0,7.110492360547074e-05
177292,2023-12-18,TH51BR,TH0154010Y06,TIPCO FOODS,TH,THB,45101020.0,0.8123477,0.4924,49916147.0,7.10800438686358e-05
175422,2023-12-18,PL308L,PLSCPFL00018,SCOPE FLUIDICS,PL,PLN,20103010.0,1.0,0.5693,78534688.0,7.079277167050527e-05
177095,2023-12-18,TR00FZ,TRAALCTL91H9,ALCATEL LUCENT TLT.TKS.,TR,TRY,15101010.0,1.0,0.35,40227346.0,6.977063732109065e-05
175440,2023-12-18,PL20BN,PLWTCHN00030,WITTCHEN,PL,PLN,40401020.0,1.0,0.4,55656803.0,6.887430754658225e-05
177078,2023-12-18,TR215S,TRENTGZ00014,NATURELGAZ SANAYI VE TICARET,TR,TRY,65102020.0,1.0,0.4,50687639.0,6.865692277957625e-05
177486,2023-12-18,EG5010,EGS3C0O1C016,ARABIAN CEMENT,EG,EGP,50101030.0,1.0,0.1737,20907142.0,6.830614315529694e-05
177299,2023-12-18,TH519P,TH0890A10Z06,TRC CONSTRUCTION,TH,THB,50101015.0,0.5317992,0.717,41780987.0,6.746740672980825e-05
176672,2023-12-18,MY90D6,MYL5280TO001,KIP REAL ESTATE INVEST TRUST,MY,MYR,35102045.0,1.0,0.641,74108648.0,6.705224636566216e-05
176852,2023-12-18,CN25MS,CNE0000009M8,CHINA NAT.ACCORD MDC.'B',CN,HKD,45201015.0,1.0,1.0,118246404.0,6.695068655339073e-05
177303,2023-12-18,TH301E,TH0136010Z02,UNIVENTURES,TH,THB,35101010.0,1.0,0.337,38661990.0,6.570927545865678e-05
177096,2023-12-18,468921,TRAPNSUT91A5,PINAR SUT,TR,TRY,45102020.0,1.0,0.3859,39965765.0,6.570106118844189e-05
176861,2023-12-18,CN2D7L,KYG5273B1077,KINTOR PHARMACEUTICAL,CN,HKD,20103010.0,1.0,0.8539,80385190.0,6.498193588076922e-05
176647,2023-12-18,MY21J6,MYL5703OO003,MUHIBBAH ENGINEERING (M),MY,MYR,50204020.0,1.0,0.8301,99752428.0,6.433295143137889e-05
177107,2023-12-18,TR12I5,TREKTSR00046,KUTAHYA SEKER FABRIKASI,TR,TRY,45102035.0,1.0,0.3626,37309713.0,6.42511309434537e-05
175009,2023-12-18,CN25CI,CNE000000LZ0,EASTERN COMMS. 'B',CN,USD,15101010.0,1.0,1.0,111300000.0,6.407604768087826e-05
177481,2023-12-18,EG6055,EGS30031C016,ARABIAN FOOD INDS.,EG,EGP,45102020.0,1.0,0.2359,26170791.0,6.402692880248353e-05
176673,2023-12-18,MY21ZM,MYL1589OO000,ISKANDAR WATERFRONT CITY,MY,MYR,35101010.0,1.0,0.5989,72278057.0,6.373348134147655e-05
177080,2023-12-18,B07C9M,TRETRBZ00016,TRABZONSPOR SPORTIF YATIR,TR,TRY,40301010.0,1.0,0.49,48226437.0,6.345298024850397e-05
177286,2023-12-18,TH22S6,TH8601010003,TEAM CNSL.ENGR.&. MAN.,TH,THB,50101015.0,0.631769,0.7756,55746452.0,6.30254529630416e-05
177296,2023-12-18,TH12Q3,TH0963A10Z08,ASPHERE INNOVATIONS,TH,THB,40203040.0,1.0,0.4222,44012823.0,6.302528716872624e-05
177122,2023-12-18,B03MX2,TRAPETUN91A5,PETUN ET VE UN,TR,TRY,45102020.0,1.0,0.3324,32716487.0,6.29931406909342e-05
175456,2023-12-18,PL00DN,PLMRCTR00015,MERCATOR MEDICAL,PL,PLN,20102015.0,1.0,0.3343,37118471.0,6.292100995287564e-05
177464,2023-12-18,EG1162,EGS597R1C017,TAALEEM MANAGEMENT SERV. CMPY.,EG,EGP,40201010.0,1.0,0.4467,56584160.0,6.272144668183925e-05
177086,2023-12-18,TR308V,TREMRGY00013,MARTI GAYMEN.YATOTA.,TR,TRY,35102015.0,1.0,0.5358,47156471.0,6.255506071668552e-05
176679,2023-12-18,MY50G5,MYL7081OO002,PHARMANIAGA,MY,MYR,20103015.0,1.0,0.4693,61959731.0,6.232480775730051e-05
177062,2023-12-18,TR602S,TREPGYO00013,PANORA GYM YAT,TR,TRY,35102045.0,1.0,0.6475,65988995.0,6.228688208318242e-05
177058,2023-12-18,TR20H3,TREINFM00017,INFO YATIRIM,TR,TRY,30202015.0,1.0,0.7,68544146.0,6.155417974521853e-05
176680,2023-12-18,MY90IB,MYL7089OO005,LII HEN INDS.,MY,MYR,40202015.0,1.0,0.5719,61844194.0,6.104844094050492e-05
175445,2023-12-18,PL00EO,PLCTINT00018,CI GAMES,PL,PLN,40203040.0,1.0,0.5096,52225772.0,6.097187124515788e-05
177301,2023-12-18,TH10Q1,TH9992010008,NEXT CAPITAL,TH,THB,30201020.0,1.0,0.387,40007654.0,6.0536946875772286e-05
177111,2023-12-18,TR207T,TREANGN00028,ANATOLIA TANI VE,TR,TRY,20103010.0,1.0,0.3674,36438127.0,5.9921163423351394e-05
175464,2023-12-18,PL30AN,PLSTIGR00012,COLUMBUS ENERGY,PL,PLN,60102020.0,1.0,0.2744,27937857.0,5.9535367151727354e-05
177117,2023-12-18,461242,TRANETAS91H6,NORTEL NETAS,TR,TRY,15101010.0,1.0,0.3695,33800132.0,5.8683431871678644e-05
177300,2023-12-18,TH304H,TH0329D10Z04,RABBIT HOLDINGS,TH,THB,35101010.0,0.6283077,0.65,40121034.0,5.8518197253911614e-05
177051,2023-12-18,TR00P9,TRAUSAKW91F6,USAK SERAMIK SANAYI,TR,TRY,50101035.0,1.0,0.7633,71112600.0,5.851741588860855e-05
175434,2023-12-18,PL10Q1,PLCRPJR00019,CREEPY JAR,PL,PLN,40203040.0,1.0,0.5369,61638755.0,5.82211524807061e-05
176690,2023-12-18,MY17E6,MYL6971OO005,KOBAY TECHNOLOGY,MY,MYR,50204000.0,1.0,0.4826,45943446.0,5.803375101025579e-05
175451,2023-12-18,PL00GQ,PLMLSTM00015,ML SYSTEM,PL,PLN,60102020.0,1.0,0.4558,47095483.0,5.79323533770877e-05
175441,2023-12-18,EW027,PLERBUD00012,ERBUD,PL,PLN,50101010.0,1.0,0.4628,54490837.0,5.766084363152764e-05
177289,2023-12-18,TH22O2,TH6651010006,WICE LOGISTICS,TH,THB,50206060.0,0.9280303,0.528,53394448.0,5.7611686715098565e-05
175423,2023-12-18,EW035,PLCMP0000017,COMP SAFE SUPPORT,PL,PLN,10101010.0,1.0,0.7915,78398993.0,5.666371363927724e-05
177468,2023-12-18,EG00MG,EGS78021C010,EGYPTIAN MEDIA PRDN.CITY,EG,EGP,40301010.0,1.0,0.3092,42694469.0,5.638758670471772e-05
177456,2023-12-18,EG8024,EGS512O1C012,IBNSINA PHARMA,EG,EGP,45201015.0,1.0,0.7372,86841936.0,5.634110529285111e-05
177045,2023-12-18,TR10EZ,TRAKRSTL91A6,KRISTAL KOLA,TR,TRY,45101020.0,1.0,0.7904,74680477.0,5.627920180229575e-05
177293,2023-12-18,TH808Q,TH0088010002,BOUND AND BEYOND,TH,THB,40501025.0,0.9745426,0.5028,48129001.0,5.578513352684556e-05
177082,2023-12-18,TR00XH,TRAGENTS91C4,GENTAS GENEL METAL SANVETC.,TR,TRY,40202015.0,1.0,0.5656,47998247.0,5.489281404516806e-05
175444,2023-12-18,PL30DQ,PLXTPL000018,XTPL,PL,PLN,10102015.0,1.0,0.5776,52944174.0,5.435553661115318e-05
177035,2023-12-18,TR009T,TRAMTEKS91B0,ISIKLAR ENE YAPI AS,TR,TRY,40204020.0,1.0,1.0,80439122.0,5.4233914008207615e-05
176666,2023-12-18,MY50TI,MYL4723OO002,JAKS RESOURCES,MY,MYR,50101010.0,1.0,0.8589,78053718.0,5.375482695160314e-05
177094,2023-12-18,TR20WI,TRAMMART91K7,MARTI OTEL ISLETMELERI,TR,TRY,40501025.0,1.0,0.4987,40776385.0,5.327655888789484e-05
176671,2023-12-18,MY24I8,MYL3557OO005,ECOFIRST CONSOLIDATED,MY,MYR,35101010.0,1.0,0.8272,74503342.0,5.29819836683924e-05
177268,2023-12-18,TH10KV,TH1015A10Z04,STARS MICROELECTRONICS,TH,THB,10102020.0,1.0,0.9264,82814112.0,5.2031274279930986e-05
177298,2023-12-18,TH20MY,TH0800010Z03,SNC FORMER,TH,THB,50202010.0,0.6543803,0.7488,42853774.0,5.157369741781424e-05
177294,2023-12-18,TH50P4,TH0933010009,UNIQUE ENG AND CONSTRUCTION,TH,THB,50101015.0,0.9335111,0.5249,44497858.0,5.1305792941646796e-05
177075,2023-12-18,TR20M8,TRAESCOM91U8,ESCORT,TR,TRY,10102030.0,1.0,0.6661,52782222.0,5.117332665034822e-05
175452,2023-12-18,EW037,PLACTIN00018,ACTION,PL,PLN,10102030.0,1.0,0.4981,45162665.0,5.09851213066616e-05
177127,2023-12-18,TR10VG,TRANUGYO91Q9,NUROL GAYMEN.YATOTA.,TR,TRY,35102000.0,1.0,0.4062,30282458.0,5.038666353881322e-05
175013,2023-12-18,CN2607,CNE000000HF0,SHAI.JINJIANG INTL. TRAVEL 'B',CN,USD,40501015.0,1.0,1.0,82236000.0,5.0307469456836176e-05
177295,2023-12-18,TH50T8,TH4101010007,ANANDA DEVELOPMENT,TH,THB,35101010.0,0.8492201,0.577,44332195.0,4.977420927073966e-05
175449,2023-12-18,PL503I,PLMBION00016,MABION,PL,PLN,20103010.0,1.0,0.637,47979895.0,4.9202597366863814e-05
177059,2023-12-18,TR00SC,TREKTMR00015,KMC.ARU.EKIPMAN SANVETC.,TR,TRY,50206015.0,1.0,0.9074,68246831.0,4.9195439789152326e-05
177471,2023-12-18,EG2130,EGS21FW1C015,PIONEERS PROPERTIES,EG,EGP,35101010.0,1.0,0.4546,38019836.0,4.893450151179784e-05
176667,2023-12-18,MY10XI,MYL7225OO005,PA RESOURCES,MY,MYR,55102035.0,1.0,0.9235,77868230.0,4.890191268619673e-05
177136,2023-12-18,TR20OA,TREIHAS00025,IHLAS HABER AJANSI,TR,TRY,40301030.0,1.0,0.3437,26701758.0,4.878696122880258e-05
177098,2023-12-18,TR20YK,TRAALYAG91A8,ALTINYAG MADENCILIK VE ENJ.YAT,TR,TRY,45102020.0,1.0,0.6145,39602677.0,4.878197278695914e-05
177120,2023-12-18,TR107S,TREBZMT00017,BIZIM TOPTAN SATIS MAGAZ. LTD.,TR,TRY,45201010.0,1.0,0.4481,33530289.0,4.870315540583285e-05
177129,2023-12-18,TR10CX,TRAEGSER91F0,EGE SERAMIK SANVETC.,TR,TRY,50101035.0,1.0,0.3897,29112077.0,4.8343987593105474e-05
176695,2023-12-18,MY706X,MYL5253OO009,ECONPILE HOLDINGS,MY,MYR,50101015.0,1.0,0.4846,40243582.0,4.8163220785924095e-05
176714,2023-12-18,MY90F8,MYL5843OO007,KUMPULAN PERANGSANG SELANGOR,MY,MYR,50203000.0,1.0,0.366,29749687.0,4.8137474197304175e-05
177041,2023-12-18,ET023,TRAKRDMB91G1,KARDEMIR 'B',TR,TRY,55102015.0,1.0,1.0,77909830.0,4.801141594300617e-05
177105,2023-12-18,TR00M6,TRAMNDRS91B0,MENDERES,TR,TRY,40204020.0,1.0,0.5194,38384686.0,4.783915727854976e-05
177466,2023-12-18,EG10A5,EGS381B1C015,10TH RAMADAN PHARM.& DIAGNOS.,EG,EGP,20103015.0,1.0,0.5814,52578732.0,4.783008048736007e-05
176678,2023-12-18,MY20F1,MYL7164OO006,KNM GROUP,MY,MYR,60101030.0,1.0,0.8377,64983540.0,4.748966182005771e-05
175446,2023-12-18,PL00AK,PLBMDLB00018,SYNTHAVERSE,PL,PLN,20103015.0,1.0,0.647,51961349.0,4.742120756885676e-05
176702,2023-12-18,MY20J5,MYL5073OO001,NAIM HOLDINGS,MY,MYR,50101010.0,1.0,0.4266,36422203.0,4.697696973298694e-05
175453,2023-12-18,PL00CM,PLLUBAW00013,LUBAWA,PL,PLN,50201020.0,1.0,0.4878,41118651.0,4.6917110215346796e-05
176862,2023-12-18,CN255B,CNE000000J10,FOSHAN ELECT.& LTG.'B',CN,HKD,45201030.0,1.0,0.9161,75651556.0,4.6782839083411273e-05
176688,2023-12-18,MY50XM,MYQ0099OO000,SCICOM MSC,MY,MYR,50205020.0,1.0,0.6243,50111728.0,4.655308710401951e-05
176696,2023-12-18,MY249Z,MYL4634OO001,POS MALAYSIA,MY,MYR,50206040.0,1.0,0.465,39159705.0,4.642361493912508e-05
175437,2023-12-18,PL10HS,PLONCTH00011,MOLECURE,PL,PLN,20103010.0,1.0,0.6362,57306132.0,4.566657893367072e-05
175014,2023-12-18,CN25QW,CNE0000003Y6,SHANGHAI SHIBEI HI-TECH 'B',CN,USD,35101010.0,1.0,1.0,77331100.0,4.5592727386013604e-05
177304,2023-12-18,TH604K,TH0954010Z08,BETTER WORLD GREEN,TH,THB,65103035.0,0.49,1.0,38126319.0,4.537614171991404e-05
175016,2023-12-18,CN26MT,CNE000000WP8,KAMA 'B',CN,USD,50206015.0,1.0,1.0,72960000.0,4.4766877517206595e-05
175448,2023-12-18,456453,PLMSTZB00018,MOSTOSTAL ZABRZE,PL,PLN,50101010.0,1.0,0.5896,49251113.0,4.432364998981232e-05
175457,2023-12-18,PL120D,PLBMECH00012,BUMECH,PL,PLN,50204000.0,1.0,0.5561,35442202.0,4.429496472273105e-05
175017,2023-12-18,CN26NU,CNE0000013W9,SHANGHAI LINGYUN INDS. 'B',CN,USD,65101010.0,1.0,1.0,71944000.0,4.385495964185609e-05
175459,2023-12-18,B06WK7,PLBIOTN00029,BIOTON,PL,PLN,20103010.0,1.0,0.4031,31763770.0,4.354508764802014e-05
177474,2023-12-18,EG20ZV,EGS693V1C014,ORASCOM INVESTMENT HOLDING,EG,EGP,15102015.0,1.0,0.483,35176188.0,4.329621936075651e-05
175020,2023-12-18,CN25IO,CNE000000FY5,SHANG GONG GROUP 'B',CN,USD,50204050.0,1.0,1.0,67572419.0,4.283414342963104e-05
175018,2023-12-18,CN25BH,CNE000000BY4,SHAI.JNJNG.ONLINE NETWK SEV'B',CN,USD,40401030.0,1.0,1.0,69895714.0,4.209371146779239e-05
175468,2023-12-18,PL11LX,PLMRVDV00011,MARVIPOL DEVELOPMENT,PL,PLN,35101010.0,1.0,0.2896,22474218.0,4.206728608305635e-05
177074,2023-12-18,TR00RB,TREGREL00017,GERSAN ELEKTRIK,TR,TRY,50202040.0,1.0,0.8652,53784030.0,4.179117038756815e-05
177097,2023-12-18,TR11ZL,TRETRLC00022,TURK ILAC VE SERUM SANAYI,TR,TRY,20103015.0,1.0,0.5986,39830839.0,4.106803787643675e-05
175015,2023-12-18,CN1PTI,CNE0000004B2,SHANGHAI ZHONGYIDA 'B',CN,USD,50204000.0,1.0,1.0,73153080.0,4.0869879378521246e-05
177071,2023-12-18,TR80E6,TREADSE00015,ADESE GAYRIMENKUL YATIRIM AS,TR,TRY,45201010.0,1.0,0.93,59036128.0,4.062906297572134e-05
175455,2023-12-18,PL403H,PLMDCLG00015,MEDICALGORITHMICS,PL,PLN,20102020.0,1.0,0.5,38715243.0,4.042258056694181e-05
175019,2023-12-18,CN24X2,CNE000000FD9,SHANGHAI NEW POWER AUTOMOT 'B',CN,USD,50204030.0,1.0,1.0,69649055.0,4.02958615607613e-05
175439,2023-12-18,PL309M,PLBCLTX00019,BIOCELTIX,PL,PLN,20103015.0,1.0,0.5851,56087322.0,3.908405863533947e-05
176697,2023-12-18,MY30CZ,MYL5230OO007,TUNE PROTECT GROUP,MY,MYR,30302010.0,1.0,0.612,39205563.0,3.808226856510957e-05
176711,2023-12-18,MY21H4,MYL5113OO005,RIMBUNAN SAWIT,MY,MYR,45102010.0,1.0,0.5065,30843308.0,3.783970072347999e-05
176703,2023-12-18,MY20OA,MYL5077OO002,MALAYSIAN BULK CARRIERS,MY,MYR,50206030.0,1.0,0.54,35662572.0,3.768422531506249e-05
177109,2023-12-18,TR00AU,TRAOKANT91B5,IHLAS GAYMEN.PROJE GELISTIRME,TR,TRY,35101010.0,1.0,0.7893,36940582.0,3.731354498890014e-05
177081,2023-12-18,446208,TRAIHLAS91D5,IHLAS HOLDING,TR,TRY,50203000.0,1.0,0.871,48107812.0,3.59167812727381e-05
177485,2023-12-18,EG104Z,EGS3F021C017,INDL.ENGR.FOR CON. &. DEV.SAE,EG,EGP,50101035.0,1.0,0.3449,21096380.0,3.567487486529281e-05
176704,2023-12-18,MY10M7,MYL5147OO003,SAMCHEM HOLDINGS,MY,MYR,55201000.0,1.0,0.4919,34204590.0,3.5287261475350326e-05
177050,2023-12-18,TR014P,TRELKMH00013,LOKMAN HEKIM ENGR SAGLIK TURIZ,TR,TRY,20101010.0,1.0,1.0,73712711.0,3.519844564728333e-05
175463,2023-12-18,PL209L,PLPLTRG00038,POLTREG,PL,PLN,20103010.0,1.0,0.4923,28901246.0,3.498744218993614e-05
177479,2023-12-18,EG102X,EGS696S1C016,ORASCOM FINANCIAL HOLDING,EG,EGP,15102015.0,1.0,0.4834,29214823.0,3.459788183681219e-05
177116,2023-12-18,TR11UG,TREMTRK00015,MATRIKS BILGI DAGITIM,TR,TRY,30202015.0,1.0,0.7483,34023609.0,3.3689940833828334e-05
176705,2023-12-18,MY508X,MYL5219OO000,PESTECH INTERNATIONAL,MY,MYR,50101015.0,1.0,0.5462,34059584.0,3.310031579807811e-05
175462,2023-12-18,PL11T5,PLWNDMB00010,AILLERON,PL,PLN,10101015.0,1.0,0.528,28990031.0,3.2978728382202015e-05
176694,2023-12-18,MY010L,MYL7803OO009,HEXTAR HEALTH,MY,MYR,20102015.0,1.0,0.5613,43138320.0,3.241662439902398e-05
176698,2023-12-18,MY20WI,MYL5101OO000,EVERGREEN FIBREBOARD,MY,MYR,50101035.0,1.0,0.6852,38302244.0,3.189683216281308e-05
176685,2023-12-18,MY40AY,MYL5204OO002,AWANBIRU TECHNOLOGY,MY,MYR,10101010.0,1.0,0.8993,55937842.0,3.1199801257819965e-05
177475,2023-12-18,EG00F9,EGS33321C018,DICE SPORT & CASUAL WEAR,EG,EGP,40204020.0,1.0,0.6712,34695258.0,3.112385632108898e-05
176686,2023-12-18,MY903W,MYL2127OO008,COMFORT GLOVES,MY,MYR,20102015.0,1.0,0.8211,54555413.0,3.06111292200482e-05
176701,2023-12-18,MY17KC,MYL9954OO008,RGT,MY,MYR,50203015.0,1.0,0.6827,36609518.0,3.0452543782555157e-05
177099,2023-12-18,TR903W,TREITFK00018,LORAS HOLDING,TR,TRY,40401010.0,1.0,0.8991,39208125.0,3.026587435249397e-05
177114,2023-12-18,TR012N,TREIHYA00015,IHLAS YAYIN HOLDING,TR,TRY,40301030.0,1.0,0.7604,35208611.0,3.0259888222281847e-05
175030,2023-12-18,EG2073,EGS44012C010,MARIDIVE & OIL SERVICES,EG,USD,60101015.0,1.0,0.519,31728155.0,2.9780181617512455e-05
176699,2023-12-18,MY606W,MYL9261OO008,GADANG HOLDINGS,MY,MYR,50101010.0,1.0,0.7549,38053792.0,2.9685301019564707e-05
177134,2023-12-18,TR00H1,TREKRON00014,KRON TEKNOLOJI,TR,TRY,15102015.0,1.0,0.6556,27427116.0,2.9142975907567448e-05
175461,2023-12-18,PL11EQ,PLARTFX00011,ARTIFEX MUNDI,PL,PLN,40203045.0,1.0,0.6007,30678143.0,2.90943645274983e-05
177125,2023-12-18,TR11RD,TREKFIN00037,KAFEIN YAZILIM HIZMETLERI,TR,TRY,10101015.0,1.0,0.7499,30631470.0,2.898509190919181e-05
176715,2023-12-18,MY211O,MYL4235OO007,LION INDUSTRIES CORPORATION,MY,MYR,55102010.0,1.0,0.586,29127820.0,2.882788175933564e-05
177137,2023-12-18,ET022,TRAVANET91A5,METRO TICARI MALI YATIRIMLAR,TR,TRY,50203000.0,1.0,0.6022,25514803.0,2.812283973655393e-05
177093,2023-12-18,TR00I2,TRERTAL00018,RTA LAB BIYOLOJIK,TR,TRY,20102010.0,1.0,0.8045,40974223.0,2.7576106510513366e-05
177478,2023-12-18,EG20SO,EGS3C161C014,LECICO EGYPT,EG,EGP,50101035.0,1.0,0.6607,30362342.0,2.711229379039582e-05
177106,2023-12-18,TR307U,TREGMAT00027,GIMAT MAGAZACILIK SANAYI VE TICARET,TR,TRY,35101010.0,1.0,1.0,37738021.0,2.6645063724854495e-05
177126,2023-12-18,TR804W,TREFLAP00011,FLAP KONGRE,TR,TRY,40501015.0,1.0,0.7854,30381152.0,2.5777773225954735e-05
177476,2023-12-18,EG9047,EGS72AQ1C016,ARAB FOR ASTMGMT.&. DEV.,EG,EGP,35101010.0,1.0,0.7608,33252739.0,2.4718682991913713e-05
177133,2023-12-18,TR00WG,TRABROVA91S5,YESIL YAPI,TR,TRY,50101010.0,1.0,0.7544,27560910.0,2.452128871864267e-05
177483,2023-12-18,EG20OK,EGS32221C011,ARAB COTTON GINNING,EG,EGP,55101020.0,1.0,0.4262,23120852.0,2.3830586596994656e-05
177132,2023-12-18,TR00O8,TRAPENGD91A8,PENGUEN GIDA SANAYI,TR,TRY,45102020.0,1.0,0.7774,27996687.0,2.377990226765868e-05
176712,2023-12-18,MY50VK,MYL5095OO004,HEVEABOARD,MY,MYR,55101010.0,1.0,0.741,30321146.0,2.373174132988769e-05
175460,2023-12-18,PL90I1,PLPILAB00012,DATAWALK,PL,PLN,10101015.0,1.0,0.7711,31590013.0,2.3069066008329603e-05
176691,2023-12-18,MY24KA,MYQ0163OO004,CAREPLUS GROUP,MY,MYR,20102015.0,1.0,0.7882,45675202.0,2.1800098201727537e-05
177480,2023-12-18,EG5021,EGS694A1C018,ARAB DEVELOPERS HOLDING,EG,EGP,35101010.0,1.0,0.6506,28040788.0,2.162948558529341e-05
177128,2023-12-18,TR011M,TREAVOD00018,AVOD GIDA TAR,TR,TRY,45102020.0,1.0,1.0,30197448.0,2.0149314294006073e-05
177489,2023-12-18,EG1072,EGS74191C015,RAYA CONTACT CENTER,EG,EGP,50205020.0,1.0,0.4372,15454476.0,2.0146996306733826e-05
176708,2023-12-18,MY00XH,MYQ0083OO004,NOTION VTEC,MY,MYR,50203000.0,1.0,0.8616,32594580.0,1.9714466440042255e-05
177488,2023-12-18,EG00IC,EGS65341C017,EGYPTIANS HOUSING DEV.,EG,EGP,35101010.0,1.0,0.5834,19654396.0,1.8556792616296205e-05
177139,2023-12-18,TR12D0,TRAAKSUE91L2,AKSU ENERJI VE TICARET,TR,TRY,65101010.0,1.0,0.8776,23141724.0,1.781831518940537e-05
177487,2023-12-18,EG00LF,EGS73BR1C013,SPEED MEDICAL E,EG,EGP,20101025.0,1.0,0.7481,20018821.0,1.2863852506419577e-05
