Date;sdgl;sdgv;sdggv
2012-03-19 00:00:00;100.0;100.0;1000.0
2012-03-20 00:00:00;99.5445494308;99.5444443897;995.44
2012-03-21 00:00:00;99.3445640534;99.3505437595;993.53
2012-03-22 00:00:00;98.7717027142;98.7779579085;987.8
2012-03-23 00:00:00;99.1871562079;99.1933536679;991.95
2012-03-26 00:00:00;99.9711849026;99.9842317149;999.88
2012-03-27 00:00:00;100.144075487;100.157436471;1001.62
2012-03-28 00:00:00;99.1923171209;99.4303707025;994.75
2012-03-29 00:00:00;98.6293475316;98.8659153736;989.1
2012-03-30 00:00:00;99.1204944155;99.358427902;994.03
2012-04-02 00:00:00;99.4873493121;99.844780944;998.89
2012-04-03 00:00:00;99.1407079912;99.5015743647;995.48
2012-04-04 00:00:00;97.3305177686;97.7227147074;977.85
2012-04-05 00:00:00;96.9714042414;97.377290713;974.46
2012-04-10 00:00:00;95.5650554583;95.9997831861;960.86
2012-04-11 00:00:00;95.9822292564;96.4452372388;965.32
2012-04-12 00:00:00;96.7804504617;97.2474487408;973.35
2012-04-13 00:00:00;95.8867523665;96.3957149685;964.95
2012-04-16 00:00:00;95.7366558144;96.3622073628;964.82
2012-04-17 00:00:00;96.9731245457;97.6066699846;977.29
2012-04-18 00:00:00;96.6092801817;97.2871158328;974.08
2012-04-19 00:00:00;96.3262901207;97.0466494858;971.86
2012-04-20 00:00:00;97.1227910217;97.8937020484;980.51
2012-04-23 00:00:00;95.9250291377;96.6866891036;968.42
2012-04-24 00:00:00;97.0458074033;97.9171080965;981.04
2012-04-25 00:00:00;97.3709449202;98.3438373107;985.31
2012-04-26 00:00:00;97.6935019805;98.6722611228;988.61
2012-04-27 00:00:00;98.305500243;99.3732106692;995.87
2012-04-30 00:00:00;98.1433615607;99.3108766674;995.48
2012-05-01 00:00:00;98.3661409703;99.5363138677;997.74
2012-05-02 00:00:00;98.0035868345;99.2071509173;994.64
2012-05-03 00:00:00;97.7150057845;98.9422930043;992.1
2012-05-04 00:00:00;96.8793679602;98.1368785694;984.17
2012-05-07 00:00:00;96.3465036965;97.7091638374;980.05
2012-05-08 00:00:00;96.0329782338;97.4103055598;977.13
2012-05-09 00:00:00;95.2528202239;96.7150227408;970.37
2012-05-10 00:00:00;95.825251487;97.3373772414;976.62
2012-05-11 00:00:00;95.5964510122;97.1195778042;974.49
2012-05-14 00:00:00;94.4240636169;95.9327679746;962.61
2012-05-15 00:00:00;93.7195989971;95.2167892815;955.42
2012-05-16 00:00:00;92.7334345446;94.3234173816;946.51
2012-05-17 00:00:00;92.1880980745;93.7685708513;940.94
2012-05-18 00:00:00;91.4462168358;93.0464326719;933.69
2012-05-21 00:00:00;91.6083555181;93.2474783063;935.81
2012-05-22 00:00:00;92.5183965043;94.1741114325;945.11
2012-05-23 00:00:00;90.8686246597;92.5043978733;928.39
2012-05-24 00:00:00;91.3094526422;92.9533012383;932.89
2012-05-25 00:00:00;91.1021559714;92.8384884128;932.01
2012-05-28 00:00:00;91.3580512393;93.099157875;934.62
2012-05-29 00:00:00;91.6203976483;93.3689433771;937.34
2012-05-30 00:00:00;90.2888821032;92.0264217326;923.91
2012-05-31 00:00:00;90.2764098969;92.0835817659;924.49
2012-06-01 00:00:00;89.2420769234;91.043121332;914.11
2012-06-04 00:00:00;89.2093911413;91.0160195921;913.83
2012-06-05 00:00:00;89.5229166039;91.3358201233;917.05
2012-06-06 00:00:00;91.1731185247;93.0875780407;934.73
2012-06-07 00:00:00;91.8685515468;93.8190786394;942.17
2012-06-08 00:00:00;91.2883789142;93.3174500712;937.52
2012-06-11 00:00:00;91.4776123896;93.5180029467;939.57
2012-06-12 00:00:00;91.7171647664;93.7631505034;942.03
2012-06-13 00:00:00;91.97133973;94.0381099739;944.86
2012-06-14 00:00:00;92.388083452;94.4643464292;949.14
2012-06-15 00:00:00;93.2340431022;95.3291383125;957.83
2012-06-18 00:00:00;93.3591952416;95.4678499451;959.27
2012-06-19 00:00:00;94.3793357045;96.5314700476;969.96
2012-06-20 00:00:00;94.788338057;96.9877647963;974.54
2012-06-21 00:00:00;93.7647569855;95.9404057377;964.02
2012-06-22 00:00:00;93.4830571528;95.6521417766;961.12
2012-06-25 00:00:00;92.5175363522;94.7292043422;952.13
2012-06-26 00:00:00;92.7467669031;94.970656207;954.58
2012-06-27 00:00:00;93.5307955977;95.8837384633;964.09
2012-06-28 00:00:00;93.5604708473;95.9142895156;964.4
2012-06-29 00:00:00;95.8424545302;98.25390881;987.92
2012-07-02 00:00:00;96.3146780665;98.7375516781;992.79
2012-07-03 00:00:00;96.8617348409;99.3032389043;998.49
2012-07-04 00:00:00;96.6127207903;99.04798979;995.93
2012-07-05 00:00:00;95.9344908114;98.3524605916;988.93
2012-07-06 00:00:00;95.3908746457;97.8109185519;983.55
2012-07-09 00:00:00;95.0425130206;97.4536683437;979.96
2012-07-10 00:00:00;95.1031537479;97.5157559661;980.59
2012-07-11 00:00:00;95.5895697949;98.0171381548;985.63
2012-07-12 00:00:00;94.5337330174;96.9343004548;974.74
2012-07-13 00:00:00;96.0162052667;98.4852591173;990.42
2012-07-16 00:00:00;96.3753187939;98.8535964009;994.13
2012-07-17 00:00:00;96.589926758;99.0736132532;996.34
2012-07-18 00:00:00;97.2948214539;99.7967369505;1003.61
2012-07-19 00:00:00;98.081000529;100.603136903;1011.72
2012-07-20 00:00:00;96.8673258299;99.3586742814;999.21
2012-07-23 00:00:00;95.226585583;97.6756562317;982.28
2012-07-24 00:00:00;94.7010326127;97.1503752359;977.0
2012-07-25 00:00:00;94.6580250046;97.1759986991;977.26
2012-07-26 00:00:00;96.6015388122;99.229817827;997.96
2012-07-27 00:00:00;97.7347892842;100.396424541;1009.7
2012-07-30 00:00:00;98.1136863111;100.793095462;1013.71
2012-07-31 00:00:00;98.0771298443;100.755645785;1013.33
2012-08-01 00:00:00;98.124008137;100.803689779;1013.82
2012-08-02 00:00:00;96.9180748074;99.569575094;1001.43
2012-08-03 00:00:00;98.4487155778;101.165374817;1017.57
2012-08-06 00:00:00;98.9562053527;101.725395316;1023.23
2012-08-07 00:00:00;99.1944675013;101.977195118;1025.79
2012-08-08 00:00:00;98.9239496467;101.765308787;1023.77
2012-08-09 00:00:00;98.8779315061;101.717757553;1023.29
2012-08-10 00:00:00;98.9063165274;101.749786882;1023.62
2012-08-13 00:00:00;98.8693299845;101.739931704;1023.64
2012-08-14 00:00:00;99.1647922517;102.04371757;1026.69
2012-08-15 00:00:00;98.7910561378;101.75052602;1023.77
2012-08-16 00:00:00;99.2538180004;102.237371821;1028.71
2012-08-17 00:00:00;99.2697308154;102.262009766;1028.96
2012-08-20 00:00:00;99.348004662;102.342083089;1029.77
2012-08-21 00:00:00;99.6593797443;102.663361897;1033.0
2012-08-22 00:00:00;98.9807196893;101.997151854;1026.3
2012-08-23 00:00:00;99.2323141964;102.28295202;1029.23
2012-08-24 00:00:00;99.2336044246;102.284183917;1029.24
2012-08-27 00:00:00;99.3862814332;102.473649717;1031.16
2012-08-28 00:00:00;99.3604768684;102.446794357;1030.89
2012-08-29 00:00:00;99.1832855232;102.272850462;1029.18
2012-08-30 00:00:00;98.5687068042;101.677597702;1023.19
2012-08-31 00:00:00;99.1643621757;102.29182168;1029.37
2012-09-03 00:00:00;99.3187594886;102.457881432;1031.04
2012-09-04 00:00:00;98.9592158853;102.086587595;1027.3
2012-09-05 00:00:00;98.8843826473;102.04839878;1026.98
2012-09-06 00:00:00;100.147516096;103.380818867;1040.52
2012-09-07 00:00:00;100.988314833;104.330858041;1050.44
2012-09-10 00:00:00;100.836497976;104.181059333;1048.96
2012-09-11 00:00:00;101.330225317;104.712253436;1054.31
2012-09-12 00:00:00;101.897065591;105.31957879;1060.47
2012-09-13 00:00:00;102.058344121;105.496971997;1062.3
2012-09-14 00:00:00;103.468563589;106.954799225;1076.98
2012-09-17 00:00:00;102.961073814;106.435924095;1071.78
2012-09-18 00:00:00;102.245427216;105.696292975;1064.33
2012-09-19 00:00:00;102.657870177;106.12252943;1068.62
2012-09-20 00:00:00;102.483259289;105.94217967;1066.81
2012-09-21 00:00:00;102.844523196;106.327024377;1070.68
2012-09-24 00:00:00;102.580026407;106.053789562;1067.93
2012-09-25 00:00:00;102.865596924;106.348952148;1070.9
2012-09-26 00:00:00;101.324634328;104.947792194;1056.94
2012-09-27 00:00:00;101.676866638;105.359492261;1061.29
2012-09-28 00:00:00;101.2639936;104.93153115;1056.98
2012-10-01 00:00:00;101.476451184;105.151794382;1059.2
2012-10-02 00:00:00;101.894055058;105.584190323;1063.56
2012-10-03 00:00:00;101.929321297;105.625582071;1064.0
2012-10-04 00:00:00;102.484119441;106.200385337;1069.79
2012-10-05 00:00:00;103.086656029;106.840971918;1076.31
2012-10-08 00:00:00;102.379610953;106.107993042;1068.92
2012-10-09 00:00:00;101.758151017;105.464203529;1062.44
2012-10-10 00:00:00;101.55257465;105.250838922;1060.29
2012-10-11 00:00:00;101.672565877;105.377477961;1061.57
2012-10-12 00:00:00;101.513867803;105.213142866;1059.92
2012-10-15 00:00:00;101.694499757;105.400391251;1061.8
2012-10-16 00:00:00;102.712059763;106.454895313;1072.43
2012-10-17 00:00:00;103.612639076;107.454949517;1082.59
2012-10-18 00:00:00;103.639303793;107.482790395;1082.87
2012-10-19 00:00:00;102.749476382;106.56009934;1073.57
2012-10-22 00:00:00;102.453153963;106.276516589;1070.78
2012-10-23 00:00:00;101.333235849;105.123953503;1059.2
2012-10-24 00:00:00;101.328935089;105.119272294;1059.16
2012-10-25 00:00:00;101.651492149;105.469131118;1062.68
2012-10-26 00:00:00;101.616655986;105.432913338;1062.32
2012-10-29 00:00:00;101.0248713;104.821399534;1056.17
2012-10-30 00:00:00;101.337966686;105.153765417;1059.54
2012-10-31 00:00:00;101.378823914;105.231128566;1060.32
2012-11-01 00:00:00;101.564616781;105.464449909;1062.69
2012-11-02 00:00:00;100.780588086;104.650412193;1054.49
2012-11-05 00:00:00;100.210307203;104.081029275;1048.85
2012-11-06 00:00:00;100.593935067;104.485830718;1052.96
2012-11-07 00:00:00;99.5436892786;103.407920607;1042.15
2012-11-08 00:00:00;98.8422351914;102.730130729;1035.32
2012-11-09 00:00:00;98.3033498626;102.236632683;1030.37
2012-11-12 00:00:00;98.1906699295;102.119602442;1029.19
2012-11-13 00:00:00;97.7033937304;101.629800088;1024.32
2012-11-14 00:00:00;97.1034375981;101.045388023;1018.54
2012-11-15 00:00:00;96.487998727;100.405047822;1012.09
2012-11-16 00:00:00;95.9555645394;99.8509404304;1006.5
2012-11-19 00:00:00;97.3455704314;101.297434204;1021.08
2012-11-20 00:00:00;97.2926710735;101.271317982;1020.85
2012-11-21 00:00:00;97.5799618953;101.593089549;1024.09
2012-11-22 00:00:00;98.1962609186;102.277285293;1031.03
2012-11-23 00:00:00;99.0129753953;103.128033547;1039.6
2012-11-26 00:00:00;99.0830777965;103.204903937;1040.39
2012-11-27 00:00:00;98.8585780825;102.981191392;1038.14
2012-11-28 00:00:00;99.1880163601;103.332774873;1041.72
2012-11-29 00:00:00;100.225359866;104.422264818;1052.73
2012-11-30 00:00:00;100.461041558;104.667658755;1055.21
2012-12-03 00:00:00;100.627911077;104.848008515;1057.02
2012-12-04 00:00:00;100.525983046;104.741326211;1055.95
2012-12-05 00:00:00;100.969821561;105.214374763;1060.77
2012-12-06 00:00:00;100.897998856;105.17520043;1060.51
2012-12-07 00:00:00;100.969821561;105.28804222;1061.72
2012-12-10 00:00:00;101.252381546;105.589364292;1064.79
2012-12-11 00:00:00;101.636869562;106.016339885;1069.23
2012-12-12 00:00:00;101.937062666;106.331705586;1072.42
2012-12-13 00:00:00;101.879432472;106.277502107;1071.9
2012-12-14 00:00:00;101.859648972;106.256559853;1071.69
2012-12-17 00:00:00;102.075547164;106.49259137;1074.12
2012-12-18 00:00:00;102.56540382;107.003582357;1079.27
2012-12-19 00:00:00;102.685825122;107.150917271;1080.76
2012-12-20 00:00:00;102.956773053;107.433268125;1083.61
2012-12-21 00:00:00;102.406705746;106.934103351;1078.9
2012-12-24 00:00:00;102.2690814;106.822739838;1077.8
2012-12-27 00:00:00;101.874271559;106.511069829;1074.95
2012-12-28 00:00:00;101.509997118;106.129920814;1071.1
2012-12-31 00:00:00;101.842015853;106.477069464;1074.61
2013-01-02 00:00:00;103.509420817;108.225624449;1092.27
2013-01-03 00:00:00;103.352873123;108.061782112;1090.62
2013-01-04 00:00:00;103.472434274;108.186942874;1091.88
2013-01-07 00:00:00;103.393300275;108.114507315;1091.2
2013-01-08 00:00:00;102.924517347;107.640473246;1086.48
2013-01-09 00:00:00;103.486196708;108.227349105;1092.41
2013-01-10 00:00:00;104.158405622;108.930516066;1099.5
2013-01-11 00:00:00;104.294739739;109.075387185;1100.97
2013-01-14 00:00:00;103.905520887;108.668614707;1096.87
2013-01-15 00:00:00;103.876705789;108.672310399;1097.0
2013-01-16 00:00:00;103.665108358;108.451061649;1094.76
2013-01-17 00:00:00;104.182059806;108.99186455;1100.22
2013-01-18 00:00:00;104.109376949;108.915979679;1099.46
2013-01-21 00:00:00;104.446556596;109.268548677;1103.02
2013-01-22 00:00:00;104.614716343;109.444709987;1104.79
2013-01-23 00:00:00;104.125289764;108.958110565;1099.88
2013-01-24 00:00:00;104.483973215;109.338520442;1103.72
2013-01-25 00:00:00;104.71277369;109.578001271;1106.14
2013-01-28 00:00:00;104.620737408;109.481913284;1105.17
2013-01-29 00:00:00;105.397024734;110.296936518;1113.41
2013-01-30 00:00:00;105.705819359;110.654433106;1117.04
2013-01-31 00:00:00;105.652489925;110.603432559;1116.55
2013-02-01 00:00:00;106.033967409;111.003060033;1120.58
2013-02-04 00:00:00;104.97167949;109.890903178;1109.36
2013-02-05 00:00:00;104.974690023;109.900758356;1109.48
2013-02-06 00:00:00;105.366919408;110.317632392;1113.72
2013-02-07 00:00:00;105.152311444;110.11560124;1111.78
2013-02-08 00:00:00;105.557013036;110.539373901;1116.06
2013-02-11 00:00:00;105.286925257;110.261704256;1113.28
2013-02-12 00:00:00;105.826670738;110.833304589;1119.08
2013-02-13 00:00:00;105.89118215;110.994929511;1120.86
2013-02-14 00:00:00;105.625395132;110.72465125;1118.17
2013-02-15 00:00:00;105.312299746;110.396473817;1114.85
2013-02-18 00:00:00;105.587118361;110.68399864;1117.76
2013-02-19 00:00:00;106.599517455;111.745647707;1128.48
2013-02-20 00:00:00;105.929888997;111.145713737;1122.48
2013-02-21 00:00:00;104.666755549;109.820438654;1109.09
2013-02-22 00:00:00;105.386702908;110.57559168;1116.72
2013-02-25 00:00:00;105.066296228;110.275008746;1113.69
2013-02-26 00:00:00;103.99626694;109.162851891;1102.49
2013-02-27 00:00:00;104.936413252;110.156500229;1112.55
2013-02-28 00:00:00;105.450784244;110.72465125;1118.29
2013-03-01 00:00:00;104.954906523;110.203805084;1113.03
2013-03-04 00:00:00;104.943294469;110.191732491;1112.91
2013-03-05 00:00:00;105.932469454;111.230221889;1123.4
2013-03-06 00:00:00;105.960854475;111.286396405;1124.08
2013-03-07 00:00:00;106.107080343;111.465514268;1126.0
2013-03-08 00:00:00;106.156969168;111.529326546;1126.64
2013-03-11 00:00:00;106.395661393;111.787285835;1129.28
2013-03-12 00:00:00;106.669619856;112.075057037;1132.18
2013-03-13 00:00:00;106.197826395;111.59560262;1127.41
2013-03-14 00:00:00;106.84251044;112.315523384;1134.71
2013-03-15 00:00:00;107.21667663;112.709237751;1138.68
2013-03-18 00:00:00;106.213309134;111.670009215;1128.25
2013-03-19 00:00:00;105.929458921;111.371643696;1125.24
2013-03-20 00:00:00;106.407703523;111.881156407;1130.41
2013-03-21 00:00:00;106.527264673;112.007056308;1131.68
2013-03-22 00:00:00;106.769827582;112.261812663;1134.26
2013-03-25 00:00:00;106.152238331;111.612602802;1127.69
2013-03-26 00:00:00;106.474795391;111.996461991;1131.73
2013-03-27 00:00:00;106.063212582;111.64512489;1128.42
2013-03-28 00:00:00;106.559950455;112.16818847;1133.71
2013-04-02 00:00:00;107.155175751;112.794485042;1140.04
2013-04-03 00:00:00;106.469204402;112.129753276;1133.34
2013-04-04 00:00:00;106.219760276;111.945215065;1131.81
2013-04-05 00:00:00;106.330289828;112.061998926;1133.0
2013-04-08 00:00:00;106.189224874;112.072346863;1133.33
2013-04-09 00:00:00;106.936697102;112.861007495;1141.3
2013-04-10 00:00:00;108.242408082;114.26167469;1155.47
2013-04-11 00:00:00;109.022136016;115.086799482;1163.82
2013-04-12 00:00:00;108.713771466;114.806666043;1161.11
2013-04-15 00:00:00;107.505687756;113.53091323;1148.2
2013-04-16 00:00:00;107.509988517;113.53559444;1148.25
2013-04-17 00:00:00;106.602097911;112.624975978;1139.04
2013-04-18 00:00:00;106.692843964;112.748412084;1140.41
2013-04-19 00:00:00;106.835629223;113.040125358;1143.64
2013-04-22 00:00:00;106.977554329;113.190663204;1145.16
2013-04-23 00:00:00;107.766313861;114.202297242;1155.92
2013-04-24 00:00:00;108.10220328;114.646273018;1160.41
2013-04-25 00:00:00;108.800646834;115.401179665;1168.05
2013-04-26 00:00:00;108.858707105;115.537427503;1169.63
2013-04-29 00:00:00;109.572633399;116.350233321;1178.05
2013-04-30 00:00:00;109.905512285;116.774005982;1182.65
2013-05-01 00:00:00;109.629403441;116.480814432;1179.68
2013-05-02 00:00:00;109.37393825;116.231478425;1177.18
2013-05-03 00:00:00;109.898631068;116.858760514;1183.74
2013-05-06 00:00:00;109.28835311;116.363291432;1179.27
2013-05-07 00:00:00;109.348563761;116.453959071;1180.23
2013-05-08 00:00:00;110.109368347;117.306678361;1188.98
2013-05-09 00:00:00;109.501240769;116.692454383;1182.75
2013-05-10 00:00:00;108.861287562;116.03067917;1176.05
2013-05-13 00:00:00;108.703019564;115.90404013;1174.87
2013-05-14 00:00:00;108.823440867;116.0890711;1176.77
2013-05-15 00:00:00;108.601951685;115.945678258;1175.34
2013-05-16 00:00:00;108.53012898;115.887286327;1174.75
2013-05-17 00:00:00;108.389494102;115.736994861;1173.23
2013-05-20 00:00:00;108.829892008;116.257101888;1178.62
2013-05-21 00:00:00;108.83290254;116.264493271;1178.72
2013-05-22 00:00:00;108.181337279;115.648298257;1172.53
2013-05-23 00:00:00;106.851542038;114.226442429;1158.11
2013-05-24 00:00:00;106.72509967;114.128383406;1157.11
2013-05-27 00:00:00;106.793911843;114.202297242;1157.86
2013-05-28 00:00:00;106.73499142;114.139224102;1157.22
2013-05-29 00:00:00;105.687756164;113.041603635;1146.18
2013-05-30 00:00:00;105.815058684;113.244127546;1148.33
2013-05-31 00:00:00;104.481822834;111.824981891;1133.94
2013-06-03 00:00:00;104.50203641;111.846909663;1134.16
2013-06-04 00:00:00;104.794918221;112.160550707;1137.34
2013-06-05 00:00:00;103.255245853;110.529765102;1120.87
2013-06-06 00:00:00;103.046228878;110.375531564;1119.62
2013-06-07 00:00:00;103.649195543;111.021292112;1126.17
2013-06-10 00:00:00;103.659517369;111.032379188;1126.28
2013-06-11 00:00:00;103.124932801;110.459546957;1120.47
2013-06-12 00:00:00;102.76624935;110.086774844;1116.73
2013-06-13 00:00:00;103.269008288;110.635708267;1122.34
2013-06-14 00:00:00;103.758864943;111.160742883;1127.67
2013-06-17 00:00:00;104.499455954;111.958273176;1135.78
2013-06-18 00:00:00;104.843086742;112.32636408;1139.51
2013-06-19 00:00:00;104.237969697;111.734807011;1133.51
2013-06-20 00:00:00;100.531574035;107.761938316;1093.21
2013-06-21 00:00:00;100.132893509;107.334716343;1088.87
2013-06-24 00:00:00;98.7876155292;105.95573054;1075.16
2013-06-25 00:00:00;99.588417191;106.814362937;1083.87
2013-06-26 00:00:00;100.687261577;108.053897969;1096.59
2013-06-27 00:00:00;101.396457033;108.855863092;1104.91
2013-06-28 00:00:00;101.254962003;108.704093348;1103.37
2013-07-01 00:00:00;101.390435968;108.849703606;1104.85
2013-07-02 00:00:00;101.385705131;108.848964467;1104.86
2013-07-03 00:00:00;100.492437112;107.890055632;1095.13
2013-07-04 00:00:00;101.155614428;108.601845875;1102.35
2013-07-05 00:00:00;100.487276199;107.884388905;1095.07
2013-07-08 00:00:00;101.063148071;108.517091343;1101.56
2013-07-09 00:00:00;101.571067922;109.062082695;1107.09
2013-07-10 00:00:00;102.151240554;109.685176334;1113.41
2013-07-11 00:00:00;103.928744995;111.595848999;1132.81
2013-07-12 00:00:00;103.698654292;111.348976786;1130.31
2013-07-15 00:00:00;103.918423169;111.629849364;1133.28
2013-07-16 00:00:00;104.19926285;111.931910574;1136.35
2013-07-17 00:00:00;104.236249393;111.971824046;1136.75
2013-07-18 00:00:00;104.773414417;112.555004213;1142.7
2013-07-19 00:00:00;104.964798273;112.760238298;1144.78
2013-07-22 00:00:00;105.336384006;113.159619393;1148.84
2013-07-23 00:00:00;105.627975589;113.472767679;1152.02
2013-07-24 00:00:00;105.481319645;113.315084828;1150.42
2013-07-25 00:00:00;105.085219575;112.925558912;1146.46
2013-07-26 00:00:00;105.40949694;113.274432219;1150.0
2013-07-29 00:00:00;105.440462418;113.310896378;1150.39
2013-07-30 00:00:00;105.565614557;113.453796461;1151.86
2013-07-31 00:00:00;104.883513894;112.782905208;1145.05
2013-08-01 00:00:00;105.322621572;113.261866866;1149.94
2013-08-02 00:00:00;105.953113106;113.939656744;1156.82
2013-08-05 00:00:00;105.801726325;113.846525311;1156.03
2013-08-06 00:00:00;105.641738023;113.683175733;1154.41
2013-08-07 00:00:00;105.573786003;113.651639163;1154.2
2013-08-08 00:00:00;106.257176895;114.387081832;1161.67
2013-08-09 00:00:00;106.177182744;114.301095403;1160.79
2013-08-12 00:00:00;106.116972092;114.242210714;1160.22
2013-08-13 00:00:00;106.318677774;114.474546539;1162.64
2013-08-14 00:00:00;106.310076252;114.522344153;1163.15
2013-08-15 00:00:00;105.265851529;113.422013511;1152.01
2013-08-16 00:00:00;105.640877871;113.825829436;1156.11
2013-08-19 00:00:00;105.129947488;113.275417736;1150.52
2013-08-20 00:00:00;104.708472929;112.821586782;1145.91
2013-08-21 00:00:00;104.017770744;112.123840169;1138.88
2013-08-22 00:00:00;104.150234176;112.266740252;1140.33
2013-08-23 00:00:00;104.811261112;112.992820503;1147.71
2013-08-26 00:00:00;104.57557942;112.774281927;1145.51
2013-08-27 00:00:00;103.52877424;111.648574202;1134.08
2013-08-28 00:00:00;103.26212707;111.382484392;1131.46
2013-08-29 00:00:00;103.099558312;111.232932063;1129.98
2013-08-30 00:00:00;102.590778309;110.68399864;1124.4
2013-09-02 00:00:00;103.561029946;111.738995462;1135.12
2013-09-03 00:00:00;103.481895947;111.653501791;1134.25
2013-09-04 00:00:00;103.96874207;112.234710923;1140.26
2013-09-05 00:00:00;104.145073263;112.472959855;1142.7
2013-09-06 00:00:00;104.810831036;113.225649087;1150.5
2013-09-09 00:00:00;105.309289213;113.86919222;1157.03
2013-09-10 00:00:00;106.147507494;114.800260177;1166.49
2013-09-11 00:00:00;106.652416813;115.357570501;1172.16
2013-09-12 00:00:00;106.700585334;115.429759681;1172.98
2013-09-13 00:00:00;106.828748006;115.568471314;1174.39
2013-09-16 00:00:00;107.971890227;116.809484623;1187.02
2013-09-17 00:00:00;108.074248335;116.920108998;1188.14
2013-09-18 00:00:00;108.669043554;117.563898511;1194.68
2013-09-19 00:00:00;110.088294619;119.110422344;1179.67
2013-09-20 00:00:00;109.263838773;118.218282341;1201.33
2013-09-23 00:00:00;109.100409863;118.041381893;1199.53
2013-09-24 00:00:00;109.438879738;118.420067114;1203.43
2013-09-25 00:00:00;109.408774412;118.4442123;1203.71
2013-09-26 00:00:00;109.277601208;118.363646219;1203.02
2013-09-27 00:00:00;109.263408697;118.384342093;1203.39
2013-09-30 00:00:00;108.706890249;117.78120519;1197.25
2013-10-01 00:00:00;109.26641923;118.387545026;1203.42
2013-10-02 00:00:00;109.151588916;118.267558232;1202.22
2013-10-03 00:00:00;108.850105584;117.941105455;1198.91
2013-10-04 00:00:00;108.768821204;117.852901611;1198.01
2013-10-07 00:00:00;108.295737516;117.340432347;1192.81
2013-10-08 00:00:00;108.216173441;117.268735926;1192.14
2013-10-09 00:00:00;107.918130717;116.976776273;1189.16
2013-10-10 00:00:00;109.454792553;118.651171042;1206.22
2013-10-11 00:00:00;109.810035395;119.036015749;1210.13
2013-10-14 00:00:00;110.111948804;119.363207663;1213.45
2013-10-15 00:00:00;110.091305152;119.341033513;1213.22
2013-10-16 00:00:00;110.747171175;120.10012861;1221.07
2013-10-17 00:00:00;111.942782678;121.396823676;1234.25
2013-10-18 00:00:00;112.529836528;122.033468185;1240.72
2013-10-21 00:00:00;112.687244374;122.239441409;1242.91
2013-10-22 00:00:00;113.562879273;123.189234203;1252.57
2013-10-23 00:00:00;112.814546893;122.413138924;1244.68
2013-10-24 00:00:00;113.001629988;122.616155594;1246.74
2013-10-25 00:00:00;112.981416413;122.594227822;1246.51
2013-10-28 00:00:00;113.226129702;122.859824873;1249.21
2013-10-29 00:00:00;113.476864057;123.15005987;1252.18
2013-10-30 00:00:00;113.285050125;122.993362538;1250.61
2013-10-31 00:00:00;112.638645776;122.298079719;1243.57
2013-11-01 00:00:00;112.141477827;121.758262335;1238.08
2013-11-04 00:00:00;112.537147821;122.187701723;1242.44
2013-11-05 00:00:00;111.83612381;121.463346129;1235.24
2013-11-06 00:00:00;112.66574057;122.36952976;1244.48
2013-11-07 00:00:00;111.29078734;120.969108944;1230.27
2013-11-08 00:00:00;111.113595995;120.782106939;1228.39
2013-11-11 00:00:00;111.329494188;121.016660179;1230.78
2013-11-12 00:00:00;110.996615301;120.65497514;1227.1
2013-11-13 00:00:00;110.639222078;120.324580293;1223.84
2013-11-14 00:00:00;111.423250773;121.196270801;1232.79
2013-11-15 00:00:00;111.985790286;121.808277364;1239.02
2013-11-18 00:00:00;112.543168887;122.4146172;1245.19
2013-11-19 00:00:00;111.957835341;121.777726312;1238.72
2013-11-20 00:00:00;111.258101558;121.049921405;1231.37
2013-11-21 00:00:00;111.010377736;120.793686773;1228.82
2013-11-22 00:00:00;111.430562066;121.250967039;1233.47
2013-11-25 00:00:00;111.404327426;121.226329094;1233.24
2013-11-26 00:00:00;111.104994474;120.929195473;1230.26
2013-11-27 00:00:00;111.230576689;121.079979698;1231.84
2013-11-28 00:00:00;111.384974002;121.247764106;1233.55
2013-11-29 00:00:00;111.556144282;121.441911116;1235.55
2013-12-02 00:00:00;110.862431564;120.694395853;1227.94
2013-12-03 00:00:00;110.043996783;119.850546223;1219.52
2013-12-04 00:00:00;109.403183423;119.162901167;1212.57
2013-12-05 00:00:00;108.778712954;118.482893875;1205.64
2013-12-06 00:00:00;109.249646262;119.102291822;1212.32
2013-12-09 00:00:00;109.527045334;119.404599412;1215.4
2013-12-10 00:00:00;109.373508174;119.237307762;1213.7
2013-12-11 00:00:00;108.406267069;118.184774735;1202.99
2013-12-12 00:00:00;107.500096767;117.217981758;1193.24
2013-12-13 00:00:00;107.448487637;117.161560863;1192.67
2013-12-16 00:00:00;108.250579528;118.053208107;1201.57
2013-12-17 00:00:00;108.212732832;118.012062738;1201.16
2013-12-18 00:00:00;108.870749236;118.751940238;1208.69
2013-12-19 00:00:00;109.313727598;119.259481913;1213.85
2013-12-20 00:00:00;109.985936512;119.992953548;1221.32
2013-12-23 00:00:00;110.609976905;120.75870089;1229.47
2013-12-24 00:00:00;110.857700727;121.02947191;1232.23
2013-12-27 00:00:00;111.648180563;121.975569013;1242.12
2013-12-30 00:00:00;112.057612992;122.422994102;1246.67
2013-12-31 00:00:00;112.249857;122.638083365;1248.89
2014-01-02 00:00:00;110.865442097;121.125559897;1233.48
2014-01-03 00:00:00;110.849099206;121.107327818;1233.3
2014-01-06 00:00:00;110.739429805;120.987587403;1232.08
2014-01-07 00:00:00;110.90242864;121.165966128;1233.89
2014-01-08 00:00:00;110.909739933;121.188386658;1234.19
2014-01-09 00:00:00;110.612127285;120.863658538;1230.88
2014-01-10 00:00:00;111.653771552;122.001931615;1242.47
2014-01-13 00:00:00;111.49163287;121.826509444;1240.69
2014-01-14 00:00:00;111.731185247;122.088164424;1243.36
2014-01-15 00:00:00;112.049871622;122.485081724;1247.53
2014-01-16 00:00:00;112.310927803;122.770635511;1250.44
2014-01-17 00:00:00;112.293294684;122.751171534;1250.25
2014-01-20 00:00:00;112.284263086;122.741316356;1250.14
2014-01-21 00:00:00;112.249426924;122.703127541;1249.75
2014-01-22 00:00:00;112.386191117;122.882984542;1251.59
2014-01-23 00:00:00;111.882141951;122.332080083;1245.98
2014-01-24 00:00:00;110.348060572;120.654482381;1228.89
2014-01-27 00:00:00;109.679722343;119.923474542;1221.45
2014-01-28 00:00:00;109.742943527;119.992953548;1222.15
2014-01-29 00:00:00;109.359745739;119.609340738;1218.26
2014-01-30 00:00:00;109.895190459;120.209028329;1224.42
2014-01-31 00:00:00;109.334801326;119.596282627;1218.18
2014-02-03 00:00:00;108.25359006;118.413661248;1206.13
2014-02-04 00:00:00;107.854909533;117.977323235;1201.69
2014-02-05 00:00:00;107.94092475;118.078092432;1202.74
2014-02-06 00:00:00;109.179543861;119.466933413;1217.02
2014-02-07 00:00:00;110.003569631;120.368435835;1226.2
2014-02-10 00:00:00;110.235380639;120.6278734;1228.87
2014-02-11 00:00:00;111.311000916;121.81468323;1241.0
2014-02-12 00:00:00;111.683446802;122.281325916;1245.93
2014-02-13 00:00:00;112.384040737;123.05520378;1253.84
2014-02-14 00:00:00;113.041627064;123.775124545;1261.18
2014-02-17 00:00:00;113.343110396;124.105026634;1264.54
2014-02-18 00:00:00;113.893177703;124.712105608;1270.74
2014-02-19 00:00:00;113.454500101;124.411029915;1267.73
2014-02-20 00:00:00;113.106568552;124.029634521;1263.85
2014-02-21 00:00:00;113.693622402;124.673177654;1270.4
2014-02-24 00:00:00;114.245840089;125.306126472;1276.85
2014-02-25 00:00:00;114.420881054;125.498056066;1278.81
2014-02-26 00:00:00;113.891027323;124.932861599;1273.11
2014-02-27 00:00:00;113.696202858;124.757932187;1271.4
2014-02-28 00:00:00;114.548183574;125.692942214;1280.93
2014-03-03 00:00:00;113.487185883;124.528552915;1269.07
2014-03-04 00:00:00;114.783865266;125.951147882;1283.56
2014-03-05 00:00:00;114.887513601;126.130019365;1285.43
2014-03-06 00:00:00;115.364467974;126.708518323;1291.56
2014-03-07 00:00:00;115.013095817;126.405225215;1288.47
2014-03-10 00:00:00;114.979549882;126.368268297;1288.09
2014-03-11 00:00:00;114.807949526;126.179788015;1286.17
2014-03-12 00:00:00;114.308201121;125.657463573;1280.9
2014-03-13 00:00:00;113.829096367;125.141298617;1275.68
2014-03-14 00:00:00;113.280319288;124.537915334;1269.53
2014-03-17 00:00:00;113.999836571;125.358112536;1277.91
2014-03-18 00:00:00;114.788596103;126.225121835;1286.75
2014-03-19 00:00:00;114.153803808;125.527128842;1279.63
2014-03-20 00:00:00;113.36246382;124.65716299;1270.77
2014-03-21 00:00:00;113.970161322;125.325344069;1277.58
2014-03-24 00:00:00;113.631691446;124.982630248;1274.12
2014-03-25 00:00:00;114.223476133;125.633564766;1280.76
2014-03-26 00:00:00;114.908587329;126.407196251;1288.73
2014-03-27 00:00:00;115.459084712;127.056652492;1295.48
2014-03-28 00:00:00;115.999260269;127.732471334;1302.72
2014-03-31 00:00:00;116.677920324;128.479247459;1310.34
2014-04-01 00:00:00;116.588464499;128.380942056;1309.34
2014-04-02 00:00:00;116.444389012;128.224983862;1307.76
2014-04-03 00:00:00;116.361814405;128.134316223;1306.83
2014-04-04 00:00:00;116.787159649;128.725380533;1312.86
2014-04-07 00:00:00;116.372996383;128.31639064;1308.69
2014-04-08 00:00:00;116.957469776;128.981122406;1315.56
2014-04-09 00:00:00;117.649032114;129.803290644;1324.07
2014-04-10 00:00:00;117.495925029;129.634274339;1322.35
2014-04-11 00:00:00;116.956179548;129.041238993;1316.31
2014-04-14 00:00:00;117.016820276;129.149399573;1317.52
2014-04-15 00:00:00;116.980693885;129.109486102;1317.11
2014-04-16 00:00:00;117.612905723;129.923031059;1325.42
2014-04-17 00:00:00;118.063625455;130.420963935;1330.5
2014-04-22 00:00:00;118.21673254;130.79767812;1334.79
2014-04-23 00:00:00;117.833534752;130.408152203;1330.82
2014-04-24 00:00:00;118.3001673;130.924563539;1336.09
2014-04-25 00:00:00;118.051153249;130.674734773;1333.58
2014-04-28 00:00:00;118.719921554;131.460438851;1341.78
2014-04-29 00:00:00;119.326328828;132.189229276;1349.24
2014-04-30 00:00:00;119.610609117;132.505334115;1352.47
2014-05-01 00:00:00;119.465243402;132.353071613;1350.96
2014-05-02 00:00:00;119.355143925;132.327448149;1351.05
2014-05-05 00:00:00;119.507820934;132.509522566;1352.97
2014-05-06 00:00:00;119.824787005;132.880570024;1356.75
2014-05-07 00:00:00;120.082832653;133.245950754;1360.51
2014-05-08 00:00:00;120.377004692;133.587186297;1364.06
2014-05-09 00:00:00;119.700925094;132.879091747;1356.83
2014-05-12 00:00:00;119.89445933;133.275269909;1361.2
2014-05-13 00:00:00;120.13917262;133.564026629;1364.22
2014-05-14 00:00:00;120.290129324;133.941726332;1368.14
2014-05-15 00:00:00;120.011009948;133.678100316;1365.51
2014-05-16 00:00:00;120.17529901;133.86140663;1367.39
2014-05-19 00:00:00;119.700925094;133.480750373;1363.61
2014-05-20 00:00:00;119.329769436;133.10305067;1359.76
2014-05-21 00:00:00;119.563730824;133.43689483;1363.29
2014-05-22 00:00:00;119.760705669;133.656418924;1365.53
2014-05-23 00:00:00;119.926715036;133.841942653;1367.43
2014-05-26 00:00:00;120.32453541;134.285918429;1371.96
2014-05-27 00:00:00;120.65268346;134.652038297;1375.71
2014-05-28 00:00:00;120.549035124;134.549790824;1374.72
2014-05-29 00:00:00;120.894386217;134.946461745;1378.81
2014-05-30 00:00:00;120.909008804;134.97553452;1379.11
2014-06-02 00:00:00;120.846217696;134.971592449;1379.36
2014-06-03 00:00:00;120.682358709;134.788532515;1377.49
2014-06-04 00:00:00;120.510328277;134.606458098;1375.67
2014-06-05 00:00:00;120.904708043;135.053144048;1380.26
2014-06-06 00:00:00;121.601001217;135.856094689;1388.58
2014-06-09 00:00:00;121.723142824;135.992342527;1389.97
2014-06-10 00:00:00;121.863347626;136.242417672;1392.53
2014-06-11 00:00:00;121.275433624;135.595917985;1385.95
2014-06-12 00:00:00;121.436282078;135.795485343;1388.08
2014-06-13 00:00:00;121.536919881;135.907587994;1389.23
2014-06-16 00:00:00;121.563154522;135.942820256;1389.61
2014-06-17 00:00:00;121.310699863;135.692005972;1387.05
2014-06-18 00:00:00;121.794535453;136.276171657;1393.02
2014-06-19 00:00:00;122.731671233;137.325255372;1403.74
2014-06-20 00:00:00;122.385890064;136.937946871;1399.79
2014-06-23 00:00:00;122.25901762;136.796278685;1398.34
2014-06-24 00:00:00;122.059462319;136.573058899;1396.05
2014-06-25 00:00:00;121.782493323;136.27075131;1392.99
2014-06-26 00:00:00;122.316647815;136.992889489;1400.87
2014-06-27 00:00:00;122.639634951;137.398183691;1405.21
2014-06-30 00:00:00;122.708017048;137.474807701;1405.99
2014-07-01 00:00:00;122.918754328;137.713795771;1408.45
2014-07-02 00:00:00;122.986706348;137.789680643;1409.23
2014-07-03 00:00:00;123.422373418;138.277511962;1414.22
2014-07-04 00:00:00;123.227118877;138.059219766;1411.98
2014-07-07 00:00:00;122.926495697;137.721926293;1408.53
2014-07-08 00:00:00;122.351914054;137.098586275;1402.25
2014-07-09 00:00:00;122.294713935;137.034527617;1401.59
2014-07-10 00:00:00;122.032797602;136.741336067;1398.59
2014-07-11 00:00:00;122.07795559;136.795046787;1399.15
2014-07-14 00:00:00;122.519213649;137.289530351;1404.21
2014-07-15 00:00:00;122.019895319;136.771640739;1399.02
2014-07-16 00:00:00;122.708447124;137.54305481;1406.91
2014-07-17 00:00:00;121.872379224;136.61321875;1397.43
2014-07-18 00:00:00;121.997101287;136.752669521;1398.86
2014-07-21 00:00:00;121.84098367;136.577740109;1397.07
2014-07-22 00:00:00;122.381159227;137.183587186;1403.26
2014-07-23 00:00:00;122.700275679;137.624360029;1407.78
2014-07-24 00:00:00;122.975954446;137.938247454;1411.01
2014-07-25 00:00:00;122.464593987;137.364922464;1405.14
2014-07-28 00:00:00;122.555770116;137.467416317;1406.19
2014-07-29 00:00:00;122.540717453;137.474561321;1406.28
2014-07-30 00:00:00;121.572616196;136.421042776;1395.53
2014-07-31 00:00:00;120.541723831;135.28695815;1383.97
2014-08-01 00:00:00;119.768877114;134.419948852;1375.1
2014-08-04 00:00:00;119.67167992;134.352440881;1374.41
2014-08-05 00:00:00;119.239023383;133.879885089;1369.63
2014-08-06 00:00:00;118.655840218;133.268617663;1363.49
2014-08-07 00:00:00;118.278233419;132.844352244;1359.15
2014-08-08 00:00:00;118.512194807;133.10773188;1361.85
2014-08-11 00:00:00;119.165480373;133.849334036;1369.47
2014-08-12 00:00:00;119.264397872;133.970306348;1370.76
2014-08-13 00:00:00;119.694043876;134.529587709;1376.57
2014-08-14 00:00:00;120.328836171;135.242856228;1383.87
2014-08-15 00:00:00;120.228198368;135.134695647;1382.78
2014-08-18 00:00:00;120.816542446;135.807311557;1389.66
2014-08-19 00:00:00;121.390263938;136.452332967;1396.26
2014-08-20 00:00:00;121.435852002;136.615189786;1397.99
2014-08-21 00:00:00;121.8530258;137.084542646;1402.8
2014-08-22 00:00:00;121.357578156;136.527232321;1397.1
2014-08-25 00:00:00;121.747227084;137.024672439;1402.22
2014-08-26 00:00:00;121.972156875;137.277704138;1404.81
2014-08-27 00:00:00;122.323529032;137.692853518;1409.11
2014-08-28 00:00:00;122.09988947;137.45263355;1406.7
2014-08-29 00:00:00;122.236653664;137.606374329;1408.27
2014-09-01 00:00:00;122.208268643;137.57459138;1407.95
2014-09-02 00:00:00;121.868508539;137.20452944;1404.16
2014-09-03 00:00:00;122.561791181;138.048625449;1412.84
2014-09-04 00:00:00;122.088707492;137.609330883;1408.34
2014-09-05 00:00:00;121.865498007;137.364429705;1405.86
2014-09-08 00:00:00;120.853528989;136.370042229;1395.79
2014-09-09 00:00:00;120.082832653;135.499829998;1386.89
2014-09-10 00:00:00;119.589535389;135.06127457;1382.42
2014-09-11 00:00:00;119.631682845;135.132724612;1383.26
2014-09-12 00:00:00;118.931518986;134.341846565;1375.16
2014-09-15 00:00:00;118.381451679;133.72589793;1368.88
2014-09-16 00:00:00;118.414137461;133.762608469;1369.26
2014-09-17 00:00:00;118.630035653;134.028451899;1371.98
2014-09-18 00:00:00;118.653689838;134.05530726;1372.25
2014-09-19 00:00:00;118.526817394;133.912160797;1370.79
2014-09-22 00:00:00;117.91610936;133.222051947;1363.72
2014-09-23 00:00:00;117.22153649;132.446695805;1355.83
2014-09-24 00:00:00;117.210354512;132.450145117;1355.88
2014-09-25 00:00:00;116.389339274;131.529917857;1346.49
2014-09-26 00:00:00;116.188063668;131.347104302;1344.74
2014-09-29 00:00:00;115.522305896;130.638516993;1337.68
2014-09-30 00:00:00;115.484029125;130.594907829;1337.23
2014-10-01 00:00:00;114.927940753;130.000147828;1331.16
2014-10-02 00:00:00;113.943926681;128.886759075;1319.76
2014-10-03 00:00:00;114.005857636;128.957223599;1320.48
2014-10-06 00:00:00;114.335295914;129.329749334;1324.29
2014-10-07 00:00:00;114.11294658;129.077949532;1321.71
2014-10-08 00:00:00;114.287987545;129.297473625;1324.05
2014-10-09 00:00:00;114.279816099;129.295748969;1324.06
2014-10-10 00:00:00;112.618002125;127.41833753;1304.84
2014-10-13 00:00:00;112.561662158;127.354278872;1304.19
2014-10-14 00:00:00;112.304906738;127.064043875;1301.22
2014-10-15 00:00:00;111.416369556;126.058569324;1290.92
2014-10-16 00:00:00;111.055535724;125.650318569;1286.74
2014-10-17 00:00:00;112.233944185;126.983477794;1300.39
2014-10-20 00:00:00;112.740143731;127.595730737;1306.77
2014-10-21 00:00:00;114.011878701;129.035325886;1321.51
2014-10-22 00:00:00;114.515497792;129.605201563;1327.35
2014-10-23 00:00:00;114.623016812;129.757956824;1328.91
2014-10-24 00:00:00;115.183405945;130.416775484;1335.66
2014-10-27 00:00:00;115.104702022;130.379079428;1335.28
2014-10-28 00:00:00;116.006571563;131.422742795;1345.97
2014-10-29 00:00:00;116.360954253;131.833210965;1350.21
2014-10-30 00:00:00;116.276659341;131.779746623;1349.72
2014-10-31 00:00:00;117.068429405;132.676814215;1358.91
2014-11-03 00:00:00;116.383748285;131.901211694;1350.97
2014-11-04 00:00:00;116.068502518;131.543222348;1347.3
2014-11-05 00:00:00;116.640073629;132.220273087;1354.36
2014-11-06 00:00:00;116.018613693;131.544700624;1347.5
2014-11-07 00:00:00;116.050439323;131.681441221;1348.94
2014-11-10 00:00:00;116.79576117;132.537609824;1357.76
2014-11-11 00:00:00;117.068429405;132.847308797;1360.93
2014-11-12 00:00:00;116.729099378;132.483159964;1357.29
2014-11-13 00:00:00;116.628461575;132.386579218;1356.3
2014-11-14 00:00:00;116.648245075;132.414173717;1356.61
2014-11-17 00:00:00;116.641363857;132.406043195;1356.53
2014-11-18 00:00:00;117.36303152;133.225501259;1364.92
2014-11-19 00:00:00;116.885647071;132.702437678;1359.63
2014-11-20 00:00:00;116.865863571;132.732003213;1359.93
2014-11-21 00:00:00;117.372493194;133.307545617;1365.83
2014-11-24 00:00:00;117.065848949;132.965570935;1362.35
2014-11-25 00:00:00;117.139822035;133.083586694;1363.56
2014-11-26 00:00:00;117.485173127;133.494547623;1367.85
2014-11-27 00:00:00;117.057247427;133.008194581;1362.86
2014-11-28 00:00:00;116.885647071;132.813308433;1360.87
2014-12-01 00:00:00;116.290851852;132.144388215;1354.04
2014-12-02 00:00:00;116.511910957;132.408014231;1356.74
2014-12-03 00:00:00;116.462882284;132.355535407;1356.22
2014-12-04 00:00:00;116.246123939;132.109155953;1353.7
2014-12-05 00:00:00;116.285690939;132.174939267;1354.46
2014-12-08 00:00:00;115.928727792;131.818674577;1350.93
2014-12-09 00:00:00;115.244906824;131.048985163;1343.07
2014-12-10 00:00:00;114.48496239;130.220903818;1334.7
2014-12-11 00:00:00;114.617425823;130.393615816;1336.57
2014-12-12 00:00:00;113.520301741;129.145703881;1323.78
2014-12-15 00:00:00;112.016755764;127.45012048;1306.46
2014-12-16 00:00:00;112.639936005;128.158954168;1313.73
2014-12-17 00:00:00;113.165488975;128.756917103;1319.86
2014-12-18 00:00:00;114.599792703;130.410123239;1336.81
2014-12-19 00:00:00;115.270281313;131.201001286;1344.91
2014-12-22 00:00:00;115.896902162;131.92584964;1352.4
2014-12-23 00:00:00;115.828089989;131.855631495;1351.7
2014-12-24 00:00:00;116.2306412;132.313897279;1356.4
2014-12-29 00:00:00;116.559219326;132.844105864;1362.47
2014-12-30 00:00:00;115.745515382;131.919690153;1353.0
2014-12-31 00:00:00;115.252218117;131.357452239;1347.24
2015-01-02 00:00:00;114.749459179;130.784620009;1341.36
2015-01-05 00:00:00;112.825298795;128.59135011;1318.87
2015-01-06 00:00:00;111.912677353;127.551628815;1308.2
2015-01-07 00:00:00;111.872250201;127.526990869;1308.04
2015-01-08 00:00:00;113.397730058;129.265937055;1325.88
2015-01-09 00:00:00;113.229570311;129.07400746;1323.91
2015-01-12 00:00:00;112.94873063;128.754206929;1320.63
2015-01-13 00:00:00;113.438587286;129.314966566;1326.39
2015-01-14 00:00:00;113.094096346;128.957469979;1322.82
2015-01-15 00:00:00;114.0712292;130.071597869;1334.25
2015-01-16 00:00:00;114.527109846;130.591458517;1339.58
2015-01-19 00:00:00;114.901276036;131.018187731;1343.96
2015-01-20 00:00:00;114.981700263;131.109594509;1344.89
2015-01-21 00:00:00;115.62165347;131.83986321;1352.38
2015-01-22 00:00:00;115.901202923;132.191200311;1355.99
2015-01-23 00:00:00;116.043988182;132.35405713;1357.66
2015-01-26 00:00:00;116.051299475;132.362434032;1357.75
2015-01-27 00:00:00;116.412563382;132.774380479;1361.97
2015-01-28 00:00:00;115.703798002;131.996806922;1354.03
2015-01-29 00:00:00;115.527466809;131.827051479;1352.31
2015-01-30 00:00:00;114.294868762;130.420471176;1337.88
2015-02-02 00:00:00;115.270711389;131.534106308;1349.31
2015-02-03 00:00:00;116.246123939;132.64749506;1360.73
2015-02-04 00:00:00;116.366545242;132.798525665;1362.34
2015-02-05 00:00:00;116.875755321;133.395256703;1368.53
2015-02-06 00:00:00;116.125702637;132.552146211;1359.93
2015-02-09 00:00:00;115.405325202;131.730224353;1351.5
2015-02-10 00:00:00;115.975606085;132.391014049;1358.33
2015-02-11 00:00:00;115.440591441;131.801674395;1352.37
2015-02-12 00:00:00;115.709388991;132.147837528;1356.02
2015-02-13 00:00:00;116.329558699;132.864555359;1363.42
2015-02-16 00:00:00;116.277519493;132.804931531;1362.8
2015-02-17 00:00:00;116.303754134;132.84139569;1363.21
2015-02-18 00:00:00;116.510190653;133.124978442;1366.12
2015-02-19 00:00:00;116.227200592;132.931077812;1364.13
2015-02-20 00:00:00;116.155377886;132.849033453;1363.29
2015-02-23 00:00:00;116.268057819;132.977643528;1364.61
2015-02-24 00:00:00;116.781568659;133.564765767;1370.64
2015-02-25 00:00:00;117.294649423;134.155583698;1376.71
2015-02-26 00:00:00;116.620290129;133.415459818;1369.18
2015-02-27 00:00:00;116.553198261;133.345488053;1368.49
2015-03-02 00:00:00;115.996249737;132.754423743;1362.42
2015-03-03 00:00:00;115.682724274;132.395448879;1358.74
2015-03-04 00:00:00;115.173944271;131.81744268;1352.82
2015-03-05 00:00:00;115.060834262;131.687847087;1351.49
2015-03-06 00:00:00;113.412782721;129.839754803;1332.68
2015-03-09 00:00:00;112.769388905;129.103572995;1325.13
2015-03-10 00:00:00;111.184128472;127.345901971;1307.09
2015-03-11 00:00:00;110.719216229;126.846737197;1302.0
2015-03-12 00:00:00;111.705810758;127.999053903;1313.92
2015-03-13 00:00:00;110.706313947;126.853635822;1302.16
2015-03-16 00:00:00;111.652481324;127.943372146;1313.37
2015-03-17 00:00:00;111.459377164;127.722369776;1311.11
2015-03-18 00:00:00;112.256738217;128.671177053;1320.85
2015-03-19 00:00:00;112.798634078;129.292053277;1327.22
2015-03-20 00:00:00;114.361960631;131.084217425;1345.62
2015-03-23 00:00:00;115.144699097;131.993603989;1355.0
2015-03-24 00:00:00;115.070295935;131.92116843;1354.32
2015-03-25 00:00:00;114.733116288;131.561454427;1350.75
2015-03-26 00:00:00;113.58739361;130.29235386;1337.91
2015-03-27 00:00:00;113.548256687;130.28767265;1337.98
2015-03-30 00:00:00;113.37235557;130.085641498;1335.9
2015-03-31 00:00:00;112.922065913;129.568983783;1330.6
2015-04-01 00:00:00;113.004640521;129.713608523;1332.3
2015-04-02 00:00:00;113.790819596;130.615850083;1341.57
2015-04-07 00:00:00;114.82945333;131.967241388;1355.45
2015-04-08 00:00:00;114.785155494;131.94383534;1355.33
2015-04-09 00:00:00;114.874181243;132.046082813;1356.38
2015-04-10 00:00:00;115.160181836;132.400130088;1360.15
2015-04-13 00:00:00;114.783005114;131.968966044;1355.73
2015-04-14 00:00:00;115.807016261;133.171544159;1368.15
2015-04-15 00:00:00;115.877978814;133.286356984;1369.33
2015-04-16 00:00:00;116.074093507;133.612070622;1372.68
2015-04-17 00:00:00;115.491340418;133.011151134;1366.5
2015-04-20 00:00:00;115.711109295;133.264429213;1369.1
2015-04-21 00:00:00;115.720570969;133.275269909;1369.21
2015-04-22 00:00:00;115.50209232;133.135326379;1367.87
2015-04-23 00:00:00;115.877978814;133.654201509;1373.2
2015-04-24 00:00:00;116.837048474;134.82204012;1385.36
2015-04-27 00:00:00;117.077030927;135.140855134;1388.63
2015-04-28 00:00:00;117.201322914;135.292132119;1390.22
2015-04-29 00:00:00;116.800922083;134.956316923;1386.83
2015-04-30 00:00:00;116.073233355;134.115423847;1378.19
2015-05-01 00:00:00;115.745085306;133.736245867;1374.29
2015-05-04 00:00:00;116.045708486;134.083640897;1377.86
2015-05-05 00:00:00;115.184696173;133.184848649;1368.97
2015-05-06 00:00:00;115.227703781;133.240037647;1369.57
2015-05-07 00:00:00;114.341747055;132.273983808;1359.86
2015-05-08 00:00:00;115.862065999;134.078713308;1378.42
2015-05-11 00:00:00;115.565313504;133.775173821;1375.3
2015-05-12 00:00:00;115.245766976;133.413242403;1371.61
2015-05-13 00:00:00;115.779491392;134.078466928;1378.56
2015-05-14 00:00:00;116.40181148;135.011013162;1388.21
2015-05-15 00:00:00;116.852531213;135.59394695;1394.23
2015-05-18 00:00:00;116.168710245;134.873533426;1387.09
2015-05-19 00:00:00;115.543379624;134.180960781;1379.97
2015-05-20 00:00:00;115.284903899;133.905015793;1377.24
2015-05-21 00:00:00;115.7128296;134.434977998;1382.69
2015-05-22 00:00:00;115.033739469;133.723187756;1375.37
2015-05-25 00:00:00;115.090509511;133.78921745;1376.05
2015-05-26 00:00:00;113.64115312;132.159170982;1359.29
2015-05-27 00:00:00;113.828666291;132.38140525;1361.59
2015-05-28 00:00:00;113.405471428;131.899733417;1356.69
2015-05-29 00:00:00;112.847232675;131.25791494;1350.1
2015-06-01 00:00:00;112.454573214;130.800634673;1345.4
2015-06-02 00:00:00;112.556071169;130.930969405;1346.74
2015-06-03 00:00:00;112.771539285;131.185479381;1349.38
2015-06-04 00:00:00;111.879561494;130.148468259;1338.72
2015-06-05 00:00:00;110.491275907;128.54626267;1322.29
2015-06-08 00:00:00;110.000129023;128.027141161;1317.18
2015-06-09 00:00:00;109.992817729;128.01851788;1317.09
2015-06-10 00:00:00;111.595711281;129.894204662;1336.43
2015-06-11 00:00:00;111.895474309;130.262541946;1340.3
2015-06-12 00:00:00;111.715702508;130.053858549;1338.15
2015-06-15 00:00:00;110.825875097;129.023006913;1327.57
2015-06-16 00:00:00;111.251220341;129.517983236;1332.66
2015-06-17 00:00:00;111.277024906;129.548287909;1332.97
2015-06-18 00:00:00;112.590047179;131.086681219;1348.84
2015-06-19 00:00:00;112.229213348;130.666604251;1344.52
2015-06-22 00:00:00;113.471273068;132.112605266;1359.4
2015-06-23 00:00:00;113.266126778;131.899487038;1357.2
2015-06-24 00:00:00;112.980986336;131.567121155;1353.78
2015-06-25 00:00:00;112.74143396;131.340698436;1351.49
2015-06-26 00:00:00;112.053742307;130.622748708;1344.45
2015-06-29 00:00:00;110.05861937;128.296680283;1320.5
2015-06-30 00:00:00;109.836700112;128.037981857;1317.84
2015-07-01 00:00:00;110.269786725;128.542813358;1323.04
2015-07-02 00:00:00;110.582882112;128.921252199;1326.99
2015-07-03 00:00:00;110.101626978;128.360246182;1321.22
2015-07-06 00:00:00;109.164921275;127.268046063;1309.97
2015-07-07 00:00:00;108.509055252;126.503776997;1302.11
2015-07-08 00:00:00;107.687179862;125.573448179;1292.65
2015-07-09 00:00:00;108.235956941;126.213542;1299.24
2015-07-10 00:00:00;109.796272961;128.033054268;1317.97
2015-07-13 00:00:00;110.345480115;128.675858263;1324.6
2015-07-14 00:00:00;110.917911379;129.343546583;1331.48
2015-07-15 00:00:00;110.676638697;129.062427626;1328.58
2015-07-16 00:00:00;111.389274763;129.893219145;1337.13
2015-07-17 00:00:00;110.991454388;129.429533012;1332.36
2015-07-20 00:00:00;111.027580779;129.47141752;1332.79
2015-07-21 00:00:00;110.933824193;129.362517801;1331.67
2015-07-22 00:00:00;110.133882684;128.429232429;1322.06
2015-07-23 00:00:00;109.559731116;127.857878476;1316.23
2015-07-24 00:00:00;108.778712954;126.946274496;1306.84
2015-07-27 00:00:00;108.217893745;126.291890667;1300.11
2015-07-28 00:00:00;108.583458414;126.746707139;1304.81
2015-07-29 00:00:00;109.492639248;127.870690207;1316.42
2015-07-31 00:00:00;109.927876241;128.434160019;1322.22
2015-08-03 00:00:00;109.554140127;128.006198907;1317.84
2015-08-04 00:00:00;109.728751016;128.226215759;1320.17
2015-08-05 00:00:00;109.507261835;127.979097167;1317.68
2015-08-06 00:00:00;109.062563167;127.465642385;1312.42
2015-08-07 00:00:00;108.704739868;127.054188697;1308.21
2015-08-10 00:00:00;109.375658554;127.838168119;1316.28
2015-08-11 00:00:00;108.531849284;126.915723444;1306.82
2015-08-12 00:00:00;108.171015453;126.522501836;1302.9
2015-08-13 00:00:00;107.939204445;126.357427601;1301.24
2015-08-14 00:00:00;108.150801877;126.605285332;1303.79
2015-08-17 00:00:00;107.848888468;126.284252904;1300.55
2015-08-18 00:00:00;107.417092084;125.778435885;1295.34
2015-08-19 00:00:00;106.778429104;125.030920621;1287.64
2015-08-20 00:00:00;105.812478227;123.899546169;1275.99
2015-08-21 00:00:00;103.724888933;121.466056303;1250.93
2015-08-24 00:00:00;99.4159566827;116.458640281;1199.43
2015-08-25 00:00:00;100.133323585;117.307663879;1208.18
2015-08-26 00:00:00;100.02193388;117.183242255;1206.9
2015-08-27 00:00:00;102.068665947;119.585441931;1231.65
2015-08-28 00:00:00;102.230804629;119.77983532;1233.67
2015-08-31 00:00:00;101.63815979;119.091943885;1226.61
2015-09-01 00:00:00;99.5239057789;116.614844855;1201.1
2015-09-02 00:00:00;99.3376828361;116.412813703;1199.04
2015-09-03 00:00:00;100.045157988;117.304707326;1208.23
2015-09-04 00:00:00;98.3166822211;115.291048049;1187.54
2015-09-07 00:00:00;98.2779753738;115.303120642;1187.66
2015-09-08 00:00:00;100.556948524;118.035961545;1215.91
2015-09-09 00:00:00;101.346138132;118.992652965;1225.82
2015-09-10 00:00:00;100.497598025;118.012309118;1215.72
2015-09-11 00:00:00;100.238692225;117.722074121;1212.8
2015-09-14 00:00:00;100.235251616;117.723798777;1212.84
2015-09-15 00:00:00;100.237401996;117.726016192;1212.86
2015-09-16 00:00:00;101.849757222;119.644080241;1232.62
2015-09-17 00:00:00;101.923730308;119.736472536;1233.6
2015-09-18 00:00:00;101.655362834;119.420860456;1230.35
2015-09-21 00:00:00;101.202492721;118.888927215;1224.87
2015-09-22 00:00:00;99.6722820267;117.091096339;1206.35
2015-09-23 00:00:00;99.2452164788;116.610163645;1201.41
2015-09-24 00:00:00;99.0886687855;116.446074929;1199.79
2015-09-25 00:00:00;99.7729198295;117.250257467;1208.07
2015-09-28 00:00:00;98.6147249448;115.941982566;1194.77
2015-09-29 00:00:00;97.9270332922;115.133118819;1186.43
2015-09-30 00:00:00;99.7191603195;117.239909529;1208.14
2015-10-01 00:00:00;99.6000292452;117.100212379;1206.7
2015-10-02 00:00:00;100.395239918;118.034976027;1216.34
2015-10-05 00:00:00;102.516805223;120.529321619;1242.04
2015-10-06 00:00:00;103.227720984;121.365040727;1250.65
2015-10-07 00:00:00;103.885737387;122.167991367;1259.05
2015-10-08 00:00:00;104.443115987;122.823360714;1265.81
2015-10-09 00:00:00;105.434871429;123.98947467;1277.83
2015-10-12 00:00:00;105.670983197;124.267390694;1280.69
2015-10-13 00:00:00;104.629769006;123.046087741;1268.11
2015-10-14 00:00:00;104.788897156;123.232843367;1270.03
2015-10-15 00:00:00;105.850324922;124.491595997;1283.05
2015-10-16 00:00:00;106.474795391;125.226053149;1290.62
2015-10-19 00:00:00;106.166860918;124.863628972;1286.88
2015-10-20 00:00:00;106.148797722;124.850817241;1286.78
2015-10-21 00:00:00;105.929888997;124.59384347;1284.13
2015-10-22 00:00:00;106.802513365;125.643173564;1294.95
2015-10-23 00:00:00;107.283768499;126.209599929;1300.78
2015-10-26 00:00:00;107.160336664;126.06472881;1299.29
2015-10-27 00:00:00;106.386629795;125.201168824;1290.39
2015-10-28 00:00:00;106.811544962;125.826233499;1296.86
2015-10-29 00:00:00;105.735064533;124.586452087;1284.12
2015-10-30 00:00:00;106.023215507;124.925716595;1287.61
