Date;sxw1;sxw1v;sxw1gv
2012-03-19 00:00:00;100.0;100.0;104.27
2012-03-20 00:00:00;99.3154896094;99.3137849308;103.55
2012-03-21 00:00:00;98.9916793048;98.9996141763;103.23
2012-03-22 00:00:00;98.4178382588;98.4291462272;102.63
2012-03-23 00:00:00;98.6965610526;98.7130022598;102.93
2012-03-26 00:00:00;99.8032544985;99.8208675522;104.09
2012-03-27 00:00:00;99.766364717;99.7877969465;104.05
2012-03-28 00:00:00;99.0203713571;99.1456760183;103.4
2012-03-29 00:00:00;98.479321228;98.608278675;102.84
2012-03-30 00:00:00;98.9834815756;99.120873064;103.38
2012-04-02 00:00:00;99.8770340616;100.030314722;104.33
2012-04-03 00:00:00;99.3482805263;99.5094526815;103.79
2012-04-04 00:00:00;97.4423084806;97.6078928512;101.81
2012-04-05 00:00:00;97.3070459483;97.4976574988;101.7
2012-04-10 00:00:00;95.0485715457;95.2350768892;99.34
2012-04-11 00:00:00;95.5568307579;95.7531830458;99.89
2012-04-12 00:00:00;96.8889617576;97.0925425784;101.28
2012-04-13 00:00:00;95.7330819363;95.9488507965;100.1
2012-04-16 00:00:00;95.6347091856;95.8579066307;100.0
2012-04-17 00:00:00;97.1103004468;97.3405721215;101.55
2012-04-18 00:00:00;96.9094560807;97.1476602546;101.35
2012-04-19 00:00:00;96.4667787023;96.7094747285;100.89
2012-04-20 00:00:00;96.7536992253;97.009866064;101.21
2012-04-23 00:00:00;95.4256670902;95.7035771372;99.86
2012-04-24 00:00:00;95.991310407;96.2712892024;100.45
2012-04-25 00:00:00;96.9996311022;97.3130132834;101.54
2012-04-26 00:00:00;97.5939664713;97.919307722;102.18
2012-04-27 00:00:00;97.9956552035;98.3382020614;102.62
2012-04-30 00:00:00;97.6677460343;98.0350548421;102.31
2012-05-01 00:00:00;97.8603926712;98.2279667089;102.51
2012-05-02 00:00:00;97.458703939;97.8421429753;102.12
2012-05-03 00:00:00;96.9463458622;97.3378162377;101.6
2012-05-04 00:00:00;95.4994466533;95.9130243069;100.12
2012-05-07 00:00:00;95.1551420257;95.5795623657;99.77
2012-05-08 00:00:00;94.3804566135;94.8161825497;98.98
2012-05-09 00:00:00;93.6467598475;94.1161880615;98.26
2012-05-10 00:00:00;93.9705701521;94.4854764923;98.66
2012-05-11 00:00:00;93.7574291921;94.284296974;98.45
2012-05-14 00:00:00;92.4089027339;92.9421815576;97.05
2012-05-15 00:00:00;91.6301184572;92.1677782065;96.25
2012-05-16 00:00:00;90.9005205558;91.4595160668;95.52
2012-05-17 00:00:00;89.9700782883;90.533539106;94.55
2012-05-18 00:00:00;88.9412632701;89.5193738632;93.5
2012-05-21 00:00:00;89.9126941837;90.5197596869;94.55
2012-05-22 00:00:00;90.5767102513;91.1894394532;95.25
2012-05-23 00:00:00;89.5888838792;90.2028330486;94.22
2012-05-24 00:00:00;89.8840021314;90.5059802679;94.54
2012-05-25 00:00:00;89.6421691192;90.2744860277;94.3
2012-05-28 00:00:00;89.7733327868;90.4095243345;94.44
2012-05-29 00:00:00;90.6627864082;91.3134542248;95.39
2012-05-30 00:00:00;89.15440423;89.8252769663;93.84
2012-05-31 00:00:00;88.8633848424;89.5441768175;93.55
2012-06-01 00:00:00;87.0434889536;87.7142699664;91.64
2012-06-04 00:00:00;86.8713366398;87.5461610538;91.47
2012-06-05 00:00:00;87.400090175;88.0808025134;92.03
2012-06-06 00:00:00;89.2978644915;90.0292123684;94.07
2012-06-07 00:00:00;89.8594089437;90.5996803175;94.66
2012-06-08 00:00:00;89.6790589007;90.4205478697;94.48
2012-06-11 00:00:00;89.3839406484;90.1311800694;94.18
2012-06-12 00:00:00;89.9208919129;90.6713332966;94.75
2012-06-13 00:00:00;89.8102225683;90.5748773632;94.65
2012-06-14 00:00:00;90.228306759;90.9965275864;95.09
2012-06-15 00:00:00;91.1915399434;91.969354572;96.11
2012-06-18 00:00:00;91.4497684141;92.2421870694;96.4
2012-06-19 00:00:00;92.5646595893;93.3720994323;97.58
2012-06-20 00:00:00;92.7900971431;93.6008377887;97.82
2012-06-21 00:00:00;91.1136615158;91.9197486634;96.07
2012-06-22 00:00:00;90.9906955773;91.7984897757;95.94
2012-06-25 00:00:00;89.6790589007;90.4811773136;94.56
2012-06-26 00:00:00;89.8266180268;90.6327509232;94.72
2012-06-27 00:00:00;90.6668852728;91.500854324;95.64
2012-06-28 00:00:00;90.5316227405;91.368571901;95.5
2012-06-29 00:00:00;93.2368733861;94.1024086425;98.37
2012-07-02 00:00:00;93.5893757429;94.4634294218;98.74
2012-07-03 00:00:00;94.4132475304;95.3039739845;99.63
2012-07-04 00:00:00;94.3107759151;95.207518051;99.53
2012-07-05 00:00:00;93.7287371398;94.6177589153;98.91
2012-07-06 00:00:00;92.7573062262;93.6531995811;97.91
2012-07-09 00:00:00;92.3474197647;93.2370611255;97.48
2012-07-10 00:00:00;91.9703242202;92.8595050433;97.08
2012-07-11 00:00:00;91.9539287617;92.848481508;97.07
2012-07-12 00:00:00;91.0931671927;91.9776222234;96.16
2012-07-13 00:00:00;92.4375947862;93.3417847104;97.59
2012-07-16 00:00:00;92.4416936509;93.347296478;97.6
2012-07-17 00:00:00;92.7081198508;93.6173730916;97.88
2012-07-18 00:00:00;93.4254211583;94.3476823017;98.64
2012-07-19 00:00:00;94.1140304136;95.0504326738;99.38
2012-07-20 00:00:00;92.8884698938;93.8102849584;98.08
2012-07-23 00:00:00;91.3718899865;92.2807694428;96.49
2012-07-24 00:00:00;90.7037750543;91.6110896765;95.78
2012-07-25 00:00:00;90.6013034389;91.5091219754;95.68
2012-07-26 00:00:00;92.5687584539;93.4988700876;97.76
2012-07-27 00:00:00;94.2328974874;95.1854709805;99.52
2012-07-30 00:00:00;94.5444111981;95.5023976189;99.86
2012-07-31 00:00:00;94.3230725089;95.2764151463;99.62
2012-08-01 00:00:00;94.1345247366;95.0917709309;99.43
2012-08-02 00:00:00;93.1425994999;94.094140991;98.39
2012-08-03 00:00:00;94.9542976595;95.9295596098;100.31
2012-08-06 00:00:00;95.6347091856;96.6185305628;101.03
2012-08-07 00:00:00;96.2659343362;97.2578956071;101.7
2012-08-08 00:00:00;96.2413411485;97.2826985614;101.73
2012-08-09 00:00:00;96.3725048162;97.4287604035;101.89
2012-08-10 00:00:00;96.3929991392;97.450807474;101.92
2012-08-13 00:00:00;96.2331434193;97.3019897481;101.76
2012-08-14 00:00:00;96.3438127639;97.420492752;101.89
2012-08-15 00:00:00;96.2618354716;97.3736427272;101.85
2012-08-16 00:00:00;97.0734106652;98.2004078708;102.71
2012-08-17 00:00:00;97.278353896;98.4070991567;102.93
2012-08-20 00:00:00;97.2373652498;98.3905638538;102.91
2012-08-21 00:00:00;97.5365823667;98.696466957;103.23
2012-08-22 00:00:00;97.1021027175;98.2637931985;102.78
2012-08-23 00:00:00;96.9545435914;98.1149754726;102.63
2012-08-24 00:00:00;96.9545435914;98.1232431241;102.64
2012-08-27 00:00:00;97.011927696;98.1866284517;102.71
2012-08-28 00:00:00;96.8233799238;97.9992283525;102.51
2012-08-29 00:00:00;96.7496003607;97.9413547925;102.45
2012-08-30 00:00:00;95.9052342501;97.098054346;101.57
2012-08-31 00:00:00;96.43808665;97.6382075732;102.14
2012-09-03 00:00:00;96.5569537238;97.7704899961;102.28
2012-09-04 00:00:00;96.0855842932;97.2964779805;101.78
2012-09-05 00:00:00;95.9585194901;97.186242628;101.67
2012-09-06 00:00:00;97.7497233266;99.0133935953;103.59
2012-09-07 00:00:00;98.8851088249;100.168108913;104.8
2012-09-10 00:00:00;98.4670246342;99.7519704569;104.36
2012-09-11 00:00:00;98.8646145018;100.157085377;104.79
2012-09-12 00:00:00;99.2581055048;100.570467949;105.23
2012-09-13 00:00:00;100.176251178;101.507468445;106.21
2012-09-14 00:00:00;101.569865147;102.918480957;107.69
2012-09-17 00:00:00;101.17227528;102.518877804;107.27
2012-09-18 00:00:00;100.791080871;102.13305407;106.87
2012-09-19 00:00:00;101.127187769;102.483051315;107.23
2012-09-20 00:00:00;100.594335369;101.948409855;106.67
2012-09-21 00:00:00;100.889453621;102.243289423;106.99
2012-09-24 00:00:00;100.42628192;101.788568594;106.51
2012-09-25 00:00:00;100.135262532;101.499200794;106.21
2012-09-26 00:00:00;98.766241751;100.206691286;104.87
2012-09-27 00:00:00;99.5778169447;101.030700546;105.74
2012-09-28 00:00:00;98.9015042833;100.349997244;105.03
2012-10-01 00:00:00;99.4548510063;100.914953426;105.62
2012-10-02 00:00:00;99.4958396524;100.959047567;105.67
2012-10-03 00:00:00;99.4384555478;100.912197542;105.62
2012-10-04 00:00:00;100.21314096;101.697624428;106.44
2012-10-05 00:00:00;100.647620609;102.149589373;106.92
2012-10-08 00:00:00;100.008197729;101.504712561;106.25
2012-10-09 00:00:00;99.0572611387;100.537397343;105.24
2012-10-10 00:00:00;98.4178382588;99.898032299;104.57
2012-10-11 00:00:00;98.7006599172;100.190155983;104.88
2012-10-12 00:00:00;98.5080132803;99.9944882324;104.67
2012-10-15 00:00:00;98.9998770341;100.496059086;105.2
2012-10-16 00:00:00;100.250030741;101.76376564;106.53
2012-10-17 00:00:00;101.024716154;102.562971945;107.36
2012-10-18 00:00:00;101.041111612;102.582263132;107.39
2012-10-19 00:00:00;99.7786613108;101.303533043;106.05
2012-10-22 00:00:00;99.6761896955;101.198809458;105.94
2012-10-23 00:00:00;98.1268188712;99.6307115692;104.3
2012-10-24 00:00:00;98.0366438497;99.5480350548;104.21
2012-10-25 00:00:00;98.3481575604;99.8649616932;104.54
2012-10-26 00:00:00;98.1350166004;99.6472468721;104.32
2012-10-29 00:00:00;97.8767881297;99.3881937937;104.05
2012-10-30 00:00:00;98.2743779973;99.7960645979;104.47
2012-10-31 00:00:00;98.2415870804;99.765749876;104.44
2012-11-01 00:00:00;99.085953191;100.622829741;105.34
2012-11-02 00:00:00;98.5735951142;100.107479469;104.8
2012-11-05 00:00:00;98.3686518834;99.9035440666;104.59
2012-11-06 00:00:00;98.9506906587;100.496059086;105.21
2012-11-07 00:00:00;97.3439357298;98.9059141267;103.56
2012-11-08 00:00:00;96.4052957331;97.9606459792;102.57
2012-11-09 00:00:00;96.3438127639;97.919307722;102.53
2012-11-12 00:00:00;96.2085502316;97.7815135314;102.39
2012-11-13 00:00:00;96.0118047301;97.596869316;102.2
2012-11-14 00:00:00;94.9297044719;96.5220746293;101.08
2012-11-15 00:00:00;94.6755748658;96.263021551;100.81
2012-11-16 00:00:00;94.630487355;96.2244391776;100.77
2012-11-19 00:00:00;96.6881173915;98.3244226423;102.97
2012-11-20 00:00:00;96.7291060376;98.3685167833;103.02
2012-11-21 00:00:00;96.9504447268;98.6055227912;103.27
2012-11-22 00:00:00;97.4423084806;99.1070936449;103.79
2012-11-23 00:00:00;98.5080132803;100.195667751;104.94
2012-11-26 00:00:00;98.3481575604;100.03582649;104.77
2012-11-27 00:00:00;98.1186211419;99.8043322494;104.53
2012-11-28 00:00:00;98.4096405296;100.11574712;104.86
2012-11-29 00:00:00;99.2458089109;100.978338753;105.77
2012-11-30 00:00:00;99.2745009632;101.005897591;105.79
2012-12-03 00:00:00;99.2212157232;100.950779915;105.74
2012-12-04 00:00:00;99.2048202648;100.942512264;105.73
2012-12-05 00:00:00;99.3236873386;101.07755057;105.87
2012-12-06 00:00:00;99.5942124032;101.358650719;106.18
2012-12-07 00:00:00;99.7089806124;101.482665491;106.31
2012-12-10 00:00:00;99.7991556339;101.573609657;106.4
2012-12-11 00:00:00;100.393491003;102.182659979;107.04
2012-12-12 00:00:00;100.577939911;102.37832773;107.25
2012-12-13 00:00:00;100.258228471;102.064156975;106.93
2012-12-14 00:00:00;100.10657048;101.912583365;106.77
2012-12-17 00:00:00;100.819772923;102.642892576;107.53
2012-12-18 00:00:00;101.75841292;103.601940142;108.54
2012-12-19 00:00:00;101.877279993;103.72319903;108.67
2012-12-20 00:00:00;102.098618683;103.95469327;108.91
2012-12-21 00:00:00;101.299340083;103.152731081;108.08
2012-12-24 00:00:00;101.082100258;102.940528027;107.86
2012-12-27 00:00:00;100.963233184;102.84131621;107.76
2012-12-28 00:00:00;100.282821658;102.152345257;107.04
2012-12-31 00:00:00;101.114891175;103.001157471;107.93
2013-01-02 00:00:00;103.274992827;105.211376288;110.25
2013-01-03 00:00:00;103.070049596;105.004685002;110.03
2013-01-04 00:00:00;103.484034922;105.426335226;110.48
2013-01-07 00:00:00;103.258597369;105.200352753;110.24
2013-01-08 00:00:00;102.906095012;104.853111393;109.88
2013-01-09 00:00:00;103.270893962;105.225155707;110.27
2013-01-10 00:00:00;104.119358938;106.090503224;111.18
2013-01-11 00:00:00;104.365290814;106.346800419;111.45
2013-01-14 00:00:00;104.242324876;106.222785647;111.32
2013-01-15 00:00:00;104.422674919;106.41294163;111.52
2013-01-16 00:00:00;104.131655531;106.12357383;111.22
2013-01-17 00:00:00;104.660409067;106.666482941;111.79
2013-01-18 00:00:00;104.816165922;106.823568318;111.95
2013-01-21 00:00:00;104.918637537;106.931047787;112.07
2013-01-22 00:00:00;105.226052383;107.247974425;112.4
2013-01-23 00:00:00;105.164569414;107.190100865;112.34
2013-01-24 00:00:00;105.385908103;107.424350989;112.59
2013-01-25 00:00:00;106.078616223;108.132613129;113.33
2013-01-28 00:00:00;105.910562774;107.958992449;113.15
2013-01-29 00:00:00;106.472107226;108.534972166;113.76
2013-01-30 00:00:00;106.402426528;108.479854489;113.7
2013-01-31 00:00:00;106.127802599;108.201510224;113.41
2013-02-01 00:00:00;106.951674386;109.039298903;114.29
2013-02-04 00:00:00;105.681026356;107.746789395;112.93
2013-02-05 00:00:00;106.021232119;108.099542523;113.31
2013-02-06 00:00:00;106.304053777;108.394422091;113.62
2013-02-07 00:00:00;105.832684346;107.928677727;113.14
2013-02-08 00:00:00;106.463909497;108.576310423;113.82
2013-02-11 00:00:00;106.107308276;108.215289643;113.44
2013-02-12 00:00:00;106.746731155;108.871189991;114.13
2013-02-13 00:00:00;106.742632291;108.901504713;114.17
2013-02-14 00:00:00;106.582776571;108.747175219;114.01
2013-02-15 00:00:00;106.230274214;108.391666207;113.64
2013-02-18 00:00:00;106.361437882;108.543239817;113.8
2013-02-19 00:00:00;107.197606263;109.408587334;114.71
2013-02-20 00:00:00;106.500799279;108.71134873;113.98
2013-02-21 00:00:00;105.144075091;107.336162707;112.54
2013-02-22 00:00:00;105.890068451;108.102298407;113.35
2013-02-25 00:00:00;105.144075091;107.344430359;112.55
2013-02-26 00:00:00;104.713694307;106.936559555;112.14
2013-02-27 00:00:00;105.681026356;107.936945378;113.19
2013-02-28 00:00:00;106.136000328;108.402689743;113.68
2013-03-01 00:00:00;105.881870722;108.146392548;113.41
2013-03-04 00:00:00;106.115506005;108.397177975;113.68
2013-03-05 00:00:00;107.254990368;109.565672711;114.9
2013-03-06 00:00:00;107.414846088;109.75307281;115.1
2013-03-07 00:00:00;107.574701808;109.937717026;115.31
2013-03-08 00:00:00;107.857523466;110.22984071;115.62
2013-03-11 00:00:00;108.308398574;110.695585074;116.11
2013-03-12 00:00:00;108.1895315;110.57708207;115.98
2013-03-13 00:00:00;107.894413248;110.30976134;115.71
2013-03-14 00:00:00;108.66090093;111.095188227;116.53
2013-03-15 00:00:00;109.021601017;111.469988425;116.93
2013-03-18 00:00:00;107.984588269;110.417240809;115.83
2013-03-19 00:00:00;107.693568881;110.125117125;115.52
2013-03-20 00:00:00;108.267409927;110.731411564;116.16
2013-03-21 00:00:00;107.718162069;110.180234801;115.58
2013-03-22 00:00:00;108.115751937;110.593617373;116.02
2013-03-25 00:00:00;107.70996434;110.177478917;115.58
2013-03-26 00:00:00;108.13624626;110.63495563;116.07
2013-03-27 00:00:00;107.853424601;110.428264344;115.87
2013-03-28 00:00:00;108.238717875;110.827867497;116.29
2013-04-02 00:00:00;108.287904251;110.882985173;116.35
2013-04-03 00:00:00;107.611591589;110.205037756;115.64
2013-04-04 00:00:00;107.320572202;109.910158188;115.33
2013-04-05 00:00:00;107.078739189;109.667640412;115.08
2013-04-08 00:00:00;107.644382506;110.276690735;115.72
2013-04-09 00:00:00;108.156740583;110.800308659;116.27
2013-04-10 00:00:00;109.628232979;112.321556523;117.88
2013-04-11 00:00:00;110.435709309;113.159345202;118.76
2013-04-12 00:00:00;109.980735336;112.710136141;118.29
2013-04-15 00:00:00;108.123949666;110.827867497;116.33
2013-04-16 00:00:00;108.652703201;111.370776608;116.9
2013-04-17 00:00:00;107.349264254;110.045196495;115.51
2013-04-18 00:00:00;106.820510719;109.502287384;114.94
2013-04-19 00:00:00;107.464032463;110.177478917;115.65
2013-04-22 00:00:00;107.845226872;110.579837954;116.07
2013-04-23 00:00:00;109.078985121;111.847544508;117.41
2013-04-24 00:00:00;109.624134115;112.437303643;118.03
2013-04-25 00:00:00;110.263556995;113.104227526;118.73
2013-04-26 00:00:00;110.185678567;113.046353966;118.68
2013-04-29 00:00:00;110.968561708;113.878630877;119.56
2013-04-30 00:00:00;111.546501619;114.479413548;120.2
2013-05-01 00:00:00;110.866090093;113.787686711;119.47
2013-05-02 00:00:00;111.038242407;113.983354462;119.68
2013-05-03 00:00:00;111.976882404;114.953425564;120.71
2013-05-06 00:00:00;111.919498299;114.912087306;120.67
2013-05-07 00:00:00;112.714678034;115.736096566;121.54
2013-05-08 00:00:00;113.600032791;116.692388249;122.55
2013-05-09 00:00:00;112.985203099;116.110896765;121.96
2013-05-10 00:00:00;112.972906505;116.099873229;121.95
2013-05-13 00:00:00;113.099971308;116.251446839;122.11
2013-05-14 00:00:00;113.714801;116.901835419;122.8
2013-05-15 00:00:00;114.112390868;117.348288596;123.28
2013-05-16 00:00:00;113.915645366;117.155376729;123.08
2013-05-17 00:00:00;114.120588597;117.37309155;123.32
2013-05-20 00:00:00;114.694429643;117.987653641;123.97
2013-05-21 00:00:00;114.850186498;118.155762553;124.15
2013-05-22 00:00:00;114.296839775;117.607341674;123.57
2013-05-23 00:00:00;112.735172357;116.008929064;121.9
2013-05-24 00:00:00;112.706480305;115.992393761;121.88
2013-05-27 00:00:00;112.431856376;115.708537728;121.59
2013-05-28 00:00:00;113.02209288;116.320343934;122.23
2013-05-29 00:00:00;112.472845022;115.769167172;121.65
2013-05-30 00:00:00;112.583514367;115.909717246;121.8
2013-05-31 00:00:00;111.11202197;114.39398115;120.22
2013-06-03 00:00:00;111.148911751;114.440831175;120.27
2013-06-04 00:00:00;111.234987908;114.537287108;120.37
2013-06-05 00:00:00;109.542156823;112.820371493;118.57
2013-06-06 00:00:00;109.783989835;113.073912804;118.84
2013-06-07 00:00:00;110.902979875;114.231384005;120.06
2013-06-10 00:00:00;111.144812887;114.484925316;120.33
2013-06-11 00:00:00;110.431610444;113.749104338;119.55
2013-06-12 00:00:00;110.034020576;113.377060023;119.17
2013-06-13 00:00:00;110.427511579;113.790442595;119.61
2013-06-14 00:00:00;110.456203632;113.818001433;119.64
2013-06-17 00:00:00;111.464524327;114.859725514;120.73
2013-06-18 00:00:00;111.894905111;115.303422808;121.2
2013-06-19 00:00:00;111.337459524;114.735710742;120.6
2013-06-20 00:00:00;107.455834734;110.745190983;116.41
2013-06-21 00:00:00;107.250891503;110.535743813;116.19
2013-06-24 00:00:00;105.701520679;108.951110621;114.53
2013-06-25 00:00:00;106.525392466;109.802678719;115.43
2013-06-26 00:00:00;107.509119974;110.8444028;116.53
2013-06-27 00:00:00;108.328892897;111.698726782;117.43
2013-06-28 00:00:00;108.197729229;111.560932591;117.29
2013-07-01 00:00:00;109.021601017;112.418012457;118.19
2013-07-02 00:00:00;109.058490798;112.464862481;118.24
2013-07-03 00:00:00;108.710087306;112.114865237;117.88
2013-07-04 00:00:00;109.316719269;112.740450863;118.53
2013-07-05 00:00:00;109.374103373;112.801080306;118.6
2013-07-08 00:00:00;109.976636472;113.434933583;119.27
2013-07-09 00:00:00;110.804607124;114.294769333;120.17
2013-07-10 00:00:00;111.169406075;114.675081299;120.58
2013-07-11 00:00:00;112.952412182;116.518767569;122.52
2013-07-12 00:00:00;113.067180391;116.637270573;122.64
2013-07-15 00:00:00;113.247530434;116.827426556;122.85
2013-07-16 00:00:00;113.243431569;116.824670672;122.84
2013-07-17 00:00:00;113.444275936;117.039629609;123.07
2013-07-18 00:00:00;114.014018117;117.632144629;123.69
2013-07-19 00:00:00;114.182071566;117.805765309;123.88
2013-07-22 00:00:00;114.731319425;118.373477374;124.47
2013-07-23 00:00:00;114.694429643;118.337650885;124.44
2013-07-24 00:00:00;114.600155757;118.243950835;124.34
2013-07-25 00:00:00;114.522277329;118.166786088;124.26
2013-07-26 00:00:00;114.399311391;118.040015433;124.13
2013-07-29 00:00:00;113.82137148;117.44474453;123.5
2013-07-30 00:00:00;113.989424929;117.626632861;123.69
2013-07-31 00:00:00;113.751690782;117.392382737;123.45
2013-08-01 00:00:00;115.051030864;118.734498154;124.86
2013-08-02 00:00:00;115.79292536;119.500633853;125.67
2013-08-05 00:00:00;115.546993483;119.255360194;125.42
2013-08-06 00:00:00;115.41992868;119.125833655;125.28
2013-08-07 00:00:00;114.72722056;118.447886237;124.57
2013-08-08 00:00:00;115.358445711;119.11481012;125.28
2013-08-09 00:00:00;115.296962741;119.05693656;125.22
2013-08-12 00:00:00;115.087920646;118.844733506;125.0
2013-08-13 00:00:00;115.321555929;119.098274817;125.27
2013-08-14 00:00:00;115.36664344;119.180951331;125.36
2013-08-15 00:00:00;113.936139689;117.714821143;123.83
2013-08-16 00:00:00;114.001721523;117.789230006;123.9
2013-08-19 00:00:00;113.472967988;117.260100314;123.35
2013-08-20 00:00:00;113.354100914;117.147109078;123.23
2013-08-21 00:00:00;112.554822314;116.339635121;122.38
2013-08-22 00:00:00;113.136861089;116.943173676;123.02
2013-08-23 00:00:00;113.973029471;117.81403296;123.94
2013-08-26 00:00:00;113.665614625;117.505373973;123.61
2013-08-27 00:00:00;112.181825634;115.97034669;122.0
2013-08-28 00:00:00;111.776038037;115.570743537;121.58
2013-08-29 00:00:00;111.870311924;115.675467122;121.7
2013-08-30 00:00:00;111.239086773;115.03059031;121.02
2013-09-02 00:00:00;111.927696028;115.752631869;121.78
2013-09-03 00:00:00;112.32938476;116.171526208;122.22
2013-09-04 00:00:00;113.07537812;116.959708979;123.06
2013-09-05 00:00:00;113.165553142;117.067188447;123.17
2013-09-06 00:00:00;113.530352092;117.453012181;123.58
2013-09-09 00:00:00;114.575562569;118.541586287;124.72
2013-09-10 00:00:00;115.608476452;119.610869206;125.85
2013-09-11 00:00:00;116.088043612;120.115195943;126.38
2013-09-12 00:00:00;115.895396975;119.930551728;126.2
2013-09-13 00:00:00;115.940484486;119.980157637;126.25
2013-09-16 00:00:00;116.928310858;121.005346415;127.33
2013-09-17 00:00:00;116.961101775;121.035661137;127.36
2013-09-18 00:00:00;117.998114522;122.113211707;128.5
2013-09-19 00:00:00;118.916260196;123.075015157;129.51
2013-09-20 00:00:00;118.203057753;122.333682412;128.73
2013-09-23 00:00:00;117.805467885;121.931323375;128.31
2013-09-24 00:00:00;117.641513301;121.768726231;128.14
2013-09-25 00:00:00;117.498053039;121.63093204;128.0
2013-09-26 00:00:00;117.715292864;121.928567492;128.33
2013-09-27 00:00:00;117.604623519;121.823843907;128.22
2013-09-30 00:00:00;116.723367627;120.914402249;127.26
2013-10-01 00:00:00;117.461163258;121.683293832;128.07
2013-10-02 00:00:00;117.264417756;121.487626082;127.87
2013-10-03 00:00:00;116.665983523;120.873063992;127.22
2013-10-04 00:00:00;117.002090421;121.217549468;127.59
2013-10-07 00:00:00;116.153625446;120.341178416;126.66
2013-10-08 00:00:00;115.190392261;119.360083779;125.64
2013-10-09 00:00:00;114.952658114;119.120321887;125.39
2013-10-10 00:00:00;116.887322212;121.134872954;127.51
2013-10-11 00:00:00;117.768578104;122.047070496;128.47
2013-10-14 00:00:00;118.170266836;122.463208951;128.91
2013-10-15 00:00:00;117.850555396;122.132502894;128.56
2013-10-16 00:00:00;118.71541583;123.041944552;129.52
2013-10-17 00:00:00;119.973767266;124.348233478;130.9
2013-10-18 00:00:00;120.846825429;125.254919253;131.85
2013-10-21 00:00:00;120.973890232;125.387201676;131.99
2013-10-22 00:00:00;121.793663155;126.241525657;132.89
2013-10-23 00:00:00;121.117350494;125.54979882;132.17
2013-10-24 00:00:00;121.58462106;126.037590255;132.68
2013-10-25 00:00:00;121.539533549;125.993496114;132.63
2013-10-28 00:00:00;121.715784728;126.175384446;132.83
2013-10-29 00:00:00;122.006804115;126.478531665;133.15
2013-10-30 00:00:00;121.855146125;126.326958055;132.99
2013-10-31 00:00:00;121.191130057;125.64349887;132.27
2013-11-01 00:00:00;120.764848137;125.20255746;131.81
2013-11-04 00:00:00;121.207525515;125.660034173;132.29
2013-11-05 00:00:00;120.887814076;125.332083999;131.95
2013-11-06 00:00:00;121.543632414;126.056881442;132.72
2013-11-07 00:00:00;120.10083207;124.58799537;131.18
2013-11-08 00:00:00;120.621387876;125.141928016;131.76
2013-11-11 00:00:00;120.982087962;125.516728215;132.16
2013-11-12 00:00:00;120.834528836;125.370666373;132.01
2013-11-13 00:00:00;121.023076608;125.593892961;132.25
2013-11-14 00:00:00;121.892035906;126.506090503;133.21
2013-11-15 00:00:00;122.539656515;127.181282037;133.93
2013-11-18 00:00:00;122.670820183;127.324587995;134.08
2013-11-19 00:00:00;122.183055294;126.828528909;133.56
2013-11-20 00:00:00;121.781366561;126.426169873;133.14
2013-11-21 00:00:00;122.133868918;126.798214187;133.53
2013-11-22 00:00:00;122.646226995;127.332855647;134.1
2013-11-25 00:00:00;122.711808829;127.401752742;134.17
2013-11-26 00:00:00;122.580645161;127.274982087;134.04
2013-11-27 00:00:00;122.793786121;127.509232211;134.29
2013-11-28 00:00:00;123.125794155;127.853717687;134.66
2013-11-29 00:00:00;123.088904373;127.823402965;134.62
2013-12-02 00:00:00;122.539656515;127.2556909;134.03
2013-12-03 00:00:00;121.937123417;126.632861159;133.37
2013-12-04 00:00:00;121.256711891;125.943890206;132.65
2013-12-05 00:00:00;120.809935648;125.483657609;132.17
2013-12-06 00:00:00;121.830552937;126.54742876;133.29
2013-12-09 00:00:00;122.236340534;126.974590751;133.74
2013-12-10 00:00:00;121.986309792;126.715537673;133.47
2013-12-11 00:00:00;120.957494774;125.651766522;132.35
2013-12-12 00:00:00;120.059843423;124.736813096;131.4
2013-12-13 00:00:00;119.965569537;124.640357163;131.29
2013-12-16 00:00:00;120.727958356;125.436807584;132.14
2013-12-17 00:00:00;120.322170759;125.015157361;131.69
2013-12-18 00:00:00;121.896134771;126.654908229;133.42
2013-12-19 00:00:00;122.260933721;127.043487847;133.83
2013-12-20 00:00:00;122.871664549;127.677341123;134.5
2013-12-23 00:00:00;123.658646555;128.512373918;135.39
2013-12-24 00:00:00;123.818502275;128.680482831;135.57
2013-12-27 00:00:00;124.953887773;129.882048173;136.84
2013-12-30 00:00:00;125.134237816;130.072204156;137.04
2013-12-31 00:00:00;125.486740173;130.44424847;137.43
2014-01-02 00:00:00;124.322662622;129.242683128;136.17
2014-01-03 00:00:00;124.416936509;129.34465083;136.28
2014-01-06 00:00:00;124.048038693;128.958827096;135.87
2014-01-07 00:00:00;124.503012665;129.432839112;136.37
2014-01-08 00:00:00;124.728450219;129.683624538;136.64
2014-01-09 00:00:00;124.437430832;129.383233203;136.33
2014-01-10 00:00:00;125.130138952;130.102518878;137.09
2014-01-13 00:00:00;124.45382629;129.405280273;136.35
2014-01-14 00:00:00;124.871910481;129.840709916;136.81
2014-01-15 00:00:00;125.470344715;130.48007496;137.49
2014-01-16 00:00:00;125.408861745;130.416689632;137.42
2014-01-17 00:00:00;125.265401484;130.267871907;137.27
2014-01-20 00:00:00;125.232610567;130.237557185;137.23
2014-01-21 00:00:00;125.400664016;130.413933749;137.42
2014-01-22 00:00:00;125.581014059;130.606845615;137.63
2014-01-23 00:00:00;124.753043407;129.74976575;136.73
2014-01-24 00:00:00;122.342911014;127.244667365;134.09
2014-01-27 00:00:00;121.281305078;126.139557956;132.92
2014-01-28 00:00:00;121.764971103;126.643884694;133.45
2014-01-29 00:00:00;121.248514162;126.125778537;132.92
2014-01-30 00:00:00;121.457556257;126.346249242;133.15
2014-01-31 00:00:00;120.797639054;125.662790057;132.43
2014-02-03 00:00:00;118.826085174;123.612412501;130.27
2014-02-04 00:00:00;118.571955568;123.350603539;129.99
2014-02-05 00:00:00;118.797393122;123.598633082;130.26
2014-02-06 00:00:00;120.330368488;125.219092763;131.98
2014-02-07 00:00:00;121.781366561;126.732072976;133.58
2014-02-10 00:00:00;122.178956429;127.148211431;134.01
2014-02-11 00:00:00;123.5028897;128.526153337;135.47
2014-02-12 00:00:00;123.765217035;128.840324092;135.81
2014-02-13 00:00:00;124.146411444;129.239927245;136.23
2014-02-14 00:00:00;124.658769521;129.777324588;136.8
2014-02-17 00:00:00;124.941591179;130.083227691;137.12
2014-02-18 00:00:00;125.474443579;130.645427989;137.72
2014-02-19 00:00:00;125.072754847;130.254092487;137.31
2014-02-20 00:00:00;125.089150305;130.278895442;137.34
2014-02-21 00:00:00;125.425257204;130.639916221;137.72
2014-02-24 00:00:00;126.060581219;131.317863639;138.44
2014-02-25 00:00:00;126.187646022;131.452901946;138.58
2014-02-26 00:00:00;125.814649342;131.080857631;138.2
2014-02-27 00:00:00;126.056482354;131.364713664;138.51
2014-02-28 00:00:00;126.618026807;131.951716916;139.13
2014-03-03 00:00:00;125.072754847;130.353304305;137.45
2014-03-04 00:00:00;126.761487068;132.117069944;139.31
2014-03-05 00:00:00;126.880354142;132.268643554;139.47
2014-03-06 00:00:00;127.429602;132.863914457;140.11
2014-03-07 00:00:00;127.077099643;132.502893678;139.73
2014-03-10 00:00:00;126.716399557;132.130849363;139.34
2014-03-11 00:00:00;126.421281305;131.82494626;139.02
2014-03-12 00:00:00;125.880231176;131.312351871;138.49
2014-03-13 00:00:00;124.863712752;130.259604255;137.38
2014-03-14 00:00:00;124.011148912;129.372209668;136.45
2014-03-17 00:00:00;124.982579825;130.389130794;137.52
2014-03-18 00:00:00;125.863835718;131.312351871;138.49
2014-03-19 00:00:00;125.30639013;130.739128038;137.89
2014-03-20 00:00:00;124.957986638;130.380863143;137.51
2014-03-21 00:00:00;124.863712752;130.295430745;137.43
2014-03-24 00:00:00;124.318563758;129.735986331;136.84
2014-03-25 00:00:00;125.052260524;130.504877914;137.65
2014-03-26 00:00:00;124.998975284;130.463539657;137.61
2014-03-27 00:00:00;124.929294585;130.477319076;137.66
2014-03-28 00:00:00;125.568717465;131.155266494;138.37
2014-03-31 00:00:00;126.486863139;132.122581712;139.4
2014-04-01 00:00:00;127.220559905;132.894229179;140.21
2014-04-02 00:00:00;127.486986105;133.189108747;140.53
2014-04-03 00:00:00;127.310734926;133.009976299;140.34
2014-04-04 00:00:00;126.69180637;132.378878906;139.68
2014-04-07 00:00:00;125.41296061;131.045031141;138.27
2014-04-08 00:00:00;125.675287945;131.337154826;138.59
2014-04-09 00:00:00;126.511456327;132.227305297;139.53
2014-04-10 00:00:00;125.126040087;130.785978063;138.01
2014-04-11 00:00:00;123.769315899;129.374965551;136.53
2014-04-14 00:00:00;124.125917121;129.785592239;136.98
2014-04-15 00:00:00;124.281673976;129.956457036;137.16
2014-04-16 00:00:00;125.691683404;131.436366643;138.72
2014-04-17 00:00:00;126.101569865;131.871796285;139.18
2014-04-22 00:00:00;127.023814403;132.847379154;140.22
2014-04-23 00:00:00;126.84346436;132.68478201;140.05
2014-04-24 00:00:00;126.974628028;132.828087968;140.2
2014-04-25 00:00:00;126.21223921;132.042661081;139.37
2014-04-28 00:00:00;126.314710825;132.161164085;139.5
2014-04-29 00:00:00;127.032012133;132.921788017;140.31
2014-04-30 00:00:00;127.413206542;133.354461776;140.77
2014-05-01 00:00:00;127.64274296;133.596979551;141.03
2014-05-02 00:00:00;127.540271345;133.517058921;140.96
2014-05-05 00:00:00;127.601754314;133.613514854;141.07
2014-05-06 00:00:00;127.17137353;133.167061677;140.6
2014-05-07 00:00:00;127.142681477;133.18359698;140.63
2014-05-08 00:00:00;127.384514489;133.467453012;140.94
2014-05-09 00:00:00;127.101692831;133.194620515;140.66
2014-05-12 00:00:00;127.950157806;134.115085708;141.64
2014-05-13 00:00:00;128.196089683;134.390674089;141.94
2014-05-14 00:00:00;127.974750994;134.22532106;141.78
2014-05-15 00:00:00;127.007418945;133.224935237;140.73
2014-05-16 00:00:00;127.048407591;133.291076448;140.8
2014-05-19 00:00:00;127.183670123;133.459185361;140.98
2014-05-20 00:00:00;126.634422265;132.896985063;140.4
2014-05-21 00:00:00;127.265647416;133.583200132;141.12
2014-05-22 00:00:00;127.741115711;134.093038637;141.67
2014-05-23 00:00:00;128.167397631;134.547759466;142.15
2014-05-26 00:00:00;128.589580686;134.996968528;142.63
2014-05-27 00:00:00;128.925687585;135.355233423;143.01
2014-05-28 00:00:00;128.843710292;135.286336328;142.94
2014-05-29 00:00:00;129.372463828;135.854048393;143.55
2014-05-30 00:00:00;129.520022954;136.011133771;143.71
2014-06-02 00:00:00;129.712669591;136.228848592;143.95
2014-06-03 00:00:00;129.602000246;136.118613239;143.84
2014-06-04 00:00:00;129.753658237;136.297745687;144.03
2014-06-05 00:00:00;130.335697012;136.915063661;144.68
2014-06-06 00:00:00;131.024306267;137.645372871;145.46
2014-06-09 00:00:00;131.126777883;137.758364107;145.58
2014-06-10 00:00:00;131.073492643;137.703246431;145.52
2014-06-11 00:00:00;130.753781203;137.394587444;145.2
2014-06-12 00:00:00;130.331598147;136.967425453;144.75
2014-06-13 00:00:00;130.425872033;137.069393154;144.86
2014-06-16 00:00:00;130.401278846;137.041834316;144.83
2014-06-17 00:00:00;130.516047055;137.163093204;144.96
2014-06-18 00:00:00;131.192359716;137.879622995;145.72
2014-06-19 00:00:00;132.036725827;138.778041118;146.68
2014-06-20 00:00:00;131.934254212;138.667805765;146.56
2014-06-23 00:00:00;131.827683732;138.56308218;146.45
2014-06-24 00:00:00;131.192359716;137.898914182;145.75
2014-06-25 00:00:00;131.192359716;137.912693601;145.77
2014-06-26 00:00:00;131.143173341;137.885134763;145.75
2014-06-27 00:00:00;131.393204082;138.155211376;146.04
2014-06-30 00:00:00;131.585850719;138.359146778;146.26
2014-07-01 00:00:00;132.450711153;139.285123739;147.24
2014-07-02 00:00:00;132.606468008;139.453232652;147.42
2014-07-03 00:00:00;133.135221544;140.015432949;148.02
2014-07-04 00:00:00;133.090134033;139.968582925;147.97
2014-07-07 00:00:00;132.422019101;139.27134432;147.23
2014-07-08 00:00:00;131.434192729;138.246155542;146.15
2014-07-09 00:00:00;131.733409845;138.565838064;146.49
2014-07-10 00:00:00;130.856252818;137.648128755;145.52
2014-07-11 00:00:00;130.971021027;137.772143526;145.66
2014-07-14 00:00:00;131.807189409;138.651270462;146.59
2014-07-15 00:00:00;131.380907489;138.210329053;146.13
2014-07-16 00:00:00;132.151494036;139.031582428;146.99
2014-07-17 00:00:00;130.942328975;137.763875875;145.66
2014-07-18 00:00:00;131.573554126;138.428043874;146.36
2014-07-21 00:00:00;131.274337009;138.113873119;146.03
2014-07-22 00:00:00;132.081813338;138.968197101;146.93
2014-07-23 00:00:00;132.340041808;139.246541366;147.23
2014-07-24 00:00:00;132.499897528;139.414650278;147.4
2014-07-25 00:00:00;131.917858753;138.800088188;146.76
2014-07-28 00:00:00;131.921957618;138.805599956;146.76
2014-07-29 00:00:00;131.63093823;138.502452737;146.44
2014-07-30 00:00:00;131.319424519;138.188281982;146.12
2014-07-31 00:00:00;129.40115588;136.173730916;143.99
2014-08-01 00:00:00;128.757634135;135.495783498;143.27
2014-08-04 00:00:00;129.048653523;135.807198369;143.6
2014-08-05 00:00:00;128.142804443;134.859174337;142.6
2014-08-06 00:00:00;127.720621388;134.459571184;142.18
2014-08-07 00:00:00;127.105791696;133.82020614;141.51
2014-08-08 00:00:00;127.470590646;134.206029874;141.92
2014-08-11 00:00:00;128.351846539;135.148542137;142.92
2014-08-12 00:00:00;128.204287412;134.994212644;142.76
2014-08-13 00:00:00;128.901094397;135.776883647;143.6
2014-08-14 00:00:00;129.45444112;136.363886899;144.22
2014-08-15 00:00:00;129.34787064;136.259163314;144.11
2014-08-18 00:00:00;130.319301553;137.289863859;145.2
2014-08-19 00:00:00;130.876747141;137.904425949;145.86
2014-08-20 00:00:00;130.925933516;137.978834812;145.94
2014-08-21 00:00:00;131.401401812;138.48316155;146.47
2014-08-22 00:00:00;130.954625569;138.02017307;145.98
2014-08-25 00:00:00;131.676025741;138.783552885;146.79
2014-08-26 00:00:00;131.971143993;139.09772364;147.12
2014-08-27 00:00:00;132.081813338;139.246541366;147.29
2014-08-28 00:00:00;131.589949584;138.733946977;146.75
2014-08-29 00:00:00;131.885067836;139.056385383;147.09
2014-09-01 00:00:00;131.864573513;139.037094196;147.07
2014-09-02 00:00:00;131.79079395;138.965441217;147.0
2014-09-03 00:00:00;132.16379063;139.392603208;147.45
2014-09-04 00:00:00;131.909661024;139.125282478;147.17
2014-09-05 00:00:00;132.040824692;139.265832552;147.32
2014-09-08 00:00:00;131.548960938;138.758749931;146.79
2014-09-09 00:00:00;130.72508915;137.893402414;145.88
2014-09-10 00:00:00;130.909538058;138.1000937;146.1
2014-09-11 00:00:00;130.983317621;138.196549633;146.21
2014-09-12 00:00:00;130.438168627;137.623325801;145.6
2014-09-15 00:00:00;130.237324261;137.411122747;145.38
2014-09-16 00:00:00;130.61851867;137.813481784;145.8
2014-09-17 00:00:00;130.819363036;138.031196605;146.04
2014-09-18 00:00:00;131.380907489;138.629223392;146.67
2014-09-19 00:00:00;131.208755175;138.450090944;146.48
2014-09-22 00:00:00;130.196335615;137.39183156;145.36
2014-09-23 00:00:00;129.433946797;136.598137023;144.53
2014-09-24 00:00:00;129.974996926;137.174116739;145.14
2014-09-25 00:00:00;128.503504529;135.619798269;143.5
2014-09-26 00:00:00;128.798622781;136.005622003;143.93
2014-09-29 00:00:00;128.360044268;135.54814529;143.45
2014-09-30 00:00:00;128.089519203;135.269801025;143.15
2014-10-01 00:00:00;126.667213182;133.776111999;141.57
2014-10-02 00:00:00;125.765462967;132.828087968;140.57
2014-10-03 00:00:00;126.294216502;133.387532382;141.17
2014-10-06 00:00:00;126.675410911;133.789891418;141.59
2014-10-07 00:00:00;125.318686724;132.35958772;140.08
2014-10-08 00:00:00;126.138459647;133.244226423;141.02
2014-10-09 00:00:00;124.654670656;131.681640302;139.37
2014-10-10 00:00:00;122.674919047;129.59819214;137.17
2014-10-13 00:00:00;121.732180186;128.603318084;136.12
2014-10-14 00:00:00;121.514940362;128.371823844;135.87
2014-10-15 00:00:00;120.35906054;127.159234967;134.59
2014-10-16 00:00:00;120.117227528;126.902937772;134.32
2014-10-17 00:00:00;121.687092675;128.564735711;136.08
2014-10-20 00:00:00;122.666721318;129.606459792;137.19
2014-10-21 00:00:00;124.519408124;131.565893182;139.26
2014-10-22 00:00:00;124.306267164;131.348178361;139.03
2014-10-23 00:00:00;125.203918515;132.312737695;140.05
2014-10-24 00:00:00;125.806451613;132.949346856;140.73
2014-10-27 00:00:00;125.765462967;132.908008598;140.68
2014-10-28 00:00:00;127.05660532;134.272171085;142.13
2014-10-29 00:00:00;127.21646104;134.448547649;142.32
2014-10-30 00:00:00;127.425503136;134.674530122;142.56
2014-10-31 00:00:00;128.860105751;136.193022102;144.17
2014-11-03 00:00:00;128.151002172;135.446177589;143.38
2014-11-04 00:00:00;128.204287412;135.504051149;143.44
2014-11-05 00:00:00;128.798622781;136.148927961;144.13
2014-11-06 00:00:00;128.839611428;136.228848592;144.22
2014-11-07 00:00:00;128.761733;136.173730916;144.17
2014-11-10 00:00:00;129.360167234;136.818607727;144.85
2014-11-11 00:00:00;129.524121818;136.994984291;145.04
2014-11-12 00:00:00;129.384760421;136.865457752;144.91
2014-11-13 00:00:00;129.511825224;137.017031362;145.07
2014-11-14 00:00:00;129.585604787;137.099707876;145.16
2014-11-17 00:00:00;129.384760421;136.890260707;144.94
2014-11-18 00:00:00;130.438168627;138.02017307;146.15
2014-11-19 00:00:00;130.151248104;137.725293502;145.84
2014-11-20 00:00:00;130.175841292;137.761119991;145.88
2014-11-21 00:00:00;131.052998319;138.698120487;146.87
2014-11-24 00:00:00;131.262040415;138.926858844;147.11
2014-11-25 00:00:00;131.483379104;139.166620735;147.37
2014-11-26 00:00:00;131.885067836;139.607562145;147.84
2014-11-27 00:00:00;131.651432553;139.362288486;147.58
2014-11-28 00:00:00;131.327622249;139.023314777;147.23
2014-12-01 00:00:00;130.651309587;138.30954087;146.47
2014-12-02 00:00:00;131.073492643;138.764261699;146.96
2014-12-03 00:00:00;131.339918842;139.059141267;147.28
2014-12-04 00:00:00;131.139074476;138.849694097;147.05
2014-12-05 00:00:00;131.286633602;139.009535358;147.22
2014-12-08 00:00:00;130.446366357;138.127652538;146.29
2014-12-09 00:00:00;130.052875354;137.714269966;145.86
2014-12-10 00:00:00;128.331352215;135.89538665;143.93
2014-12-11 00:00:00;128.347747674;135.933969024;143.98
2014-12-12 00:00:00;126.593433619;134.079259218;142.02
2014-12-15 00:00:00;125.03996393;132.43950835;140.29
2014-12-16 00:00:00;125.113743493;132.519428981;140.38
2014-12-17 00:00:00;126.286018773;133.76233258;141.69
2014-12-18 00:00:00;128.810919375;136.446563413;144.54
2014-12-19 00:00:00;129.618395704;137.306399162;145.45
2014-12-22 00:00:00;130.081567406;137.807970016;145.99
2014-12-23 00:00:00;130.089765135;137.821749435;146.0
2014-12-24 00:00:00;130.286510637;138.028440721;146.22
2014-12-29 00:00:00;130.688199369;138.48316155;146.72
2014-12-30 00:00:00;129.897118498;137.656396406;145.84
2014-12-31 00:00:00;129.065048981;136.771757703;144.91
2015-01-02 00:00:00;128.679755708;136.377666318;144.49
2015-01-05 00:00:00;126.236832397;133.792647302;141.76
2015-01-06 00:00:00;124.953887773;132.431240699;140.31
2015-01-07 00:00:00;125.490839038;133.015488067;140.94
2015-01-08 00:00:00;127.900971431;135.575704128;143.65
2015-01-09 00:00:00;127.1631758;134.793033126;142.82
2015-01-12 00:00:00;126.671312047;134.269415201;142.27
2015-01-13 00:00:00;126.810673443;134.426500579;142.44
2015-01-14 00:00:00;125.843341394;133.406823568;141.36
2015-01-15 00:00:00;125.667090216;133.227691121;141.17
2015-01-16 00:00:00;126.536049514;134.150912198;142.15
2015-01-19 00:00:00;127.085297373;134.732403682;142.77
2015-01-20 00:00:00;127.380415625;135.04933032;143.1
2015-01-21 00:00:00;128.048530557;135.765860111;143.87
2015-01-22 00:00:00;129.216706972;137.008763711;145.18
2015-01-23 00:00:00;129.036356929;136.815851844;144.98
2015-01-26 00:00:00;129.368364963;137.168604972;145.36
2015-01-27 00:00:00;128.913390991;136.689081188;144.85
2015-01-28 00:00:00;127.741115711;135.459957008;143.55
2015-01-29 00:00:00;128.085420339;135.832001323;143.94
2015-01-30 00:00:00;126.84346436;134.517444745;142.55
2015-02-02 00:00:00;128.056728286;135.804442485;143.92
2015-02-03 00:00:00;129.552813871;137.39183156;145.6
2015-02-04 00:00:00;129.622494569;137.482775726;145.7
2015-02-05 00:00:00;130.503750461;138.430799757;146.71
2015-02-06 00:00:00;129.950403738;137.857575925;146.11
2015-02-09 00:00:00;129.450342255;137.333958;145.56
2015-02-10 00:00:00;130.311103824;138.246155542;146.53
2015-02-11 00:00:00;129.970898061;137.907181833;146.18
2015-02-12 00:00:00;131.499774562;139.56071212;147.94
2015-02-13 00:00:00;132.315448621;140.428815521;148.86
2015-02-16 00:00:00;132.381030455;140.5004685;148.94
2015-02-17 00:00:00;132.512194122;140.657553878;149.11
2015-02-18 00:00:00;132.901586261;141.076448217;149.55
2015-02-19 00:00:00;133.086035168;141.299674806;149.79
2015-02-20 00:00:00;133.651678485;141.905969244;150.44
2015-02-23 00:00:00;133.856621716;142.126439949;150.67
2015-02-24 00:00:00;134.200926343;142.503996032;151.07
2015-02-25 00:00:00;134.311595688;142.641790222;151.23
2015-02-26 00:00:00;134.07386154;142.404784214;150.98
2015-02-27 00:00:00;133.983686519;142.311084165;150.88
2015-03-02 00:00:00;134.23371726;142.581160778;151.17
2015-03-03 00:00:00;133.627085297;141.961086921;150.52
2015-03-04 00:00:00;133.040947657;141.354792482;149.88
2015-03-05 00:00:00;133.249989753;141.616601444;150.17
2015-03-06 00:00:00;131.655531418;139.930000551;148.39
2015-03-09 00:00:00;131.610443907;139.888662294;148.35
2015-03-10 00:00:00;129.438045661;137.587499311;145.91
2015-03-11 00:00:00;129.302783129;137.468996307;145.79
2015-03-12 00:00:00;130.659507316;138.940638263;147.35
2015-03-13 00:00:00;130.04057876;138.281982032;146.66
2015-03-16 00:00:00;131.528466615;139.866615224;148.34
2015-03-17 00:00:00;131.282534738;139.607562145;148.06
2015-03-18 00:00:00;132.577775956;140.993771703;149.53
2015-03-19 00:00:00;132.385129319;140.806371603;149.34
2015-03-20 00:00:00;134.155838833;142.702419666;151.35
2015-03-23 00:00:00;134.422265033;142.991787466;151.66
2015-03-24 00:00:00;134.016477436;142.567381359;151.21
2015-03-25 00:00:00;132.868795344;141.346524831;149.92
2015-03-26 00:00:00;131.930155347;140.365430193;148.88
2015-03-27 00:00:00;131.926056482;140.453618475;149.01
2015-03-30 00:00:00;132.840103291;141.431957229;150.05
2015-03-31 00:00:00;131.594048449;140.114644767;148.65
2015-04-01 00:00:00;131.36451203;139.877638759;148.4
2015-04-02 00:00:00;132.233471328;140.82566279;149.42
2015-04-07 00:00:00;133.348362504;142.027228132;150.69
2015-04-08 00:00:00;133.581997787;142.300060629;150.99
2015-04-09 00:00:00;133.987785383;142.738246156;151.46
2015-04-10 00:00:00;134.557527565;143.350052362;152.11
2015-04-13 00:00:00;133.987785383;142.752025575;151.48
2015-04-14 00:00:00;134.594417346;143.405170038;152.17
2015-04-15 00:00:00;134.832151494;143.664223116;152.45
2015-04-16 00:00:00;135.061687912;143.920520311;152.72
2015-04-17 00:00:00;133.737754642;142.520531334;151.24
2015-04-20 00:00:00;134.487846866;143.344540594;152.13
2015-04-21 00:00:00;134.774767389;143.658711349;152.47
2015-04-22 00:00:00;135.131368611;144.041779199;152.87
2015-04-23 00:00:00;135.520760749;144.49098826;153.35
2015-04-24 00:00:00;136.127392712;145.149644491;154.06
2015-04-27 00:00:00;136.295446161;145.33704459;154.26
2015-04-28 00:00:00;136.430708694;145.494129967;154.43
2015-04-29 00:00:00;135.83227446;144.865788458;153.76
2015-04-30 00:00:00;134.496044596;143.465799482;152.28
2015-05-01 00:00:00;135.127269746;144.140991016;153.0
2015-05-04 00:00:00;135.373201623;144.427602932;153.31
2015-05-05 00:00:00;134.069762676;143.057928678;151.86
2015-05-06 00:00:00;134.07386154;143.090999283;151.91
2015-05-07 00:00:00;133.81563307;142.853993276;151.67
2015-05-08 00:00:00;135.766692626;144.959488508;153.91
2015-05-11 00:00:00;135.369102759;144.579176542;153.52
2015-05-12 00:00:00;135.065786777;144.267761671;153.2
2015-05-13 00:00:00;135.51256302;144.78035606;153.75
2015-05-14 00:00:00;136.500389392;145.863418398;154.91
2015-05-15 00:00:00;136.816001967;146.21892741;155.29
2015-05-18 00:00:00;136.930770177;146.37050102;155.46
2015-05-19 00:00:00;136.549575768;145.976409635;155.05
2015-05-20 00:00:00;136.533180309;145.973653751;155.05
2015-05-21 00:00:00;137.016846334;146.513806978;155.63
2015-05-22 00:00:00;136.455301881;145.932315494;155.01
2015-05-25 00:00:00;136.492191663;145.970897867;155.06
2015-05-26 00:00:00;134.791162848;144.160282203;153.13
2015-05-27 00:00:00;135.705209657;145.146888607;154.19
2015-05-28 00:00:00;135.545353937;145.003582649;154.04
2015-05-29 00:00:00;134.643603722;144.039023315;153.02
2015-06-01 00:00:00;134.578021888;143.981149755;152.96
2015-06-02 00:00:00;134.893634463;144.325635231;153.33
2015-06-03 00:00:00;135.451080051;144.934685554;153.98
2015-06-04 00:00:00;134.368979793;143.790993772;152.77
2015-06-05 00:00:00;133.151617002;142.487460729;151.39
2015-06-08 00:00:00;132.544985039;141.85911922;150.72
2015-06-09 00:00:00;132.479403205;141.790222124;150.65
2015-06-10 00:00:00;134.377177522;143.829576145;152.82
2015-06-11 00:00:00;134.598516211;144.099652759;153.12
2015-06-12 00:00:00;133.926302414;143.383122968;152.36
2015-06-15 00:00:00;132.901586261;142.289037094;151.2
2015-06-16 00:00:00;133.377054556;142.801631483;151.74
2015-06-17 00:00:00;133.233594294;142.64730199;151.58
2015-06-18 00:00:00;134.619010534;144.146502783;153.18
2015-06-19 00:00:00;134.23371726;143.730364328;152.74
2015-06-22 00:00:00;135.865065377;145.4886182;154.6
2015-06-23 00:00:00;135.877361971;145.505153503;154.63
2015-06-24 00:00:00;135.123170882;144.697679546;153.77
2015-06-25 00:00:00;134.836250359;144.39728821;153.45
2015-06-26 00:00:00;134.430462762;143.99217329;153.03
2015-06-29 00:00:00;131.520268886;140.878024582;149.72
2015-06-30 00:00:00;131.385006353;140.737474508;149.58
2015-07-01 00:00:00;132.274459975;141.70754561;150.61
2015-07-02 00:00:00;132.27036111;141.70754561;150.61
2015-07-03 00:00:00;132.044923556;141.470539602;150.36
2015-07-06 00:00:00;130.88494487;140.230391887;149.04
2015-07-07 00:00:00;130.52014592;139.841812269;148.63
2015-07-08 00:00:00;129.159322868;138.400485036;147.11
2015-07-09 00:00:00;129.98729352;139.287879623;148.05
2015-07-10 00:00:00;131.930155347;141.371327785;150.27
2015-07-13 00:00:00;133.090134033;142.619743152;151.6
2015-07-14 00:00:00;133.885313768;143.47131125;152.5
2015-07-15 00:00:00;133.832028528;143.416193573;152.44
2015-07-16 00:00:00;134.869041276;144.532326517;153.63
2015-07-17 00:00:00;134.705086691;144.358705837;153.45
2015-07-20 00:00:00;134.832151494;144.493744144;153.59
2015-07-21 00:00:00;134.541132106;144.185085157;153.26
2015-07-22 00:00:00;133.672172808;143.259108196;152.28
2015-07-23 00:00:00;133.438537525;143.019346304;152.03
2015-07-24 00:00:00;132.184284953;141.674475004;150.6
2015-07-27 00:00:00;131.241546092;140.668577413;149.53
2015-07-28 00:00:00;132.21707587;141.710301494;150.64
2015-07-29 00:00:00;133.209001107;142.78509618;151.79
2015-07-31 00:00:00;133.627085297;143.245328777;152.28
2015-08-03 00:00:00;133.319670451;142.920134487;151.93
2015-08-04 00:00:00;133.172111325;142.76304911;151.77
2015-08-05 00:00:00;133.438537525;143.068952213;152.1
2015-08-06 00:00:00;132.713038488;142.327619468;151.32
2015-08-07 00:00:00;132.307250892;141.897701593;150.86
2015-08-10 00:00:00;133.745952371;143.443752411;152.51
2015-08-11 00:00:00;132.458908882;142.074078157;151.06
2015-08-12 00:00:00;131.868672378;141.459516067;150.41
2015-08-13 00:00:00;131.839980325;141.495342556;150.45
2015-08-14 00:00:00;132.024429233;141.693766191;150.67
2015-08-17 00:00:00;132.426117965;142.140219368;151.14
2015-08-18 00:00:00;132.081813338;141.792978008;150.78
2015-08-19 00:00:00;130.692298233;140.30480075;149.2
2015-08-20 00:00:00;128.544493175;138.011905418;146.76
2015-08-21 00:00:00;125.068655982;134.288706388;142.81
2015-08-24 00:00:00;120.473828749;129.355674365;137.56
2015-08-25 00:00:00;120.059843423;128.923000606;137.1
2015-08-26 00:00:00;122.465876952;131.519043157;139.86
2015-08-27 00:00:00;124.966184367;134.214297525;142.74
2015-08-28 00:00:00;125.576915194;134.881221408;143.45
2015-08-31 00:00:00;124.630077469;133.872567933;142.38
2015-09-01 00:00:00;121.285403943;130.281651326;138.56
2015-09-02 00:00:00;122.355207607;131.444634294;139.8
2015-09-03 00:00:00;122.912653195;132.048172849;140.44
2015-09-04 00:00:00;120.859122023;129.848977567;138.11
2015-09-07 00:00:00;121.1050539;130.113542413;138.39
2015-09-08 00:00:00;123.154486207;132.32376123;140.74
2015-09-09 00:00:00;123.375824897;132.580058425;141.02
2015-09-10 00:00:00;123.125794155;132.326517114;140.75
2015-09-11 00:00:00;123.244661229;132.472578956;140.91
2015-09-14 00:00:00;122.744599746;131.937937497;140.35
2015-09-15 00:00:00;123.728327253;132.99619688;141.47
2015-09-16 00:00:00;125.19981965;134.580830072;143.16
2015-09-17 00:00:00;125.171127598;134.558783002;143.14
2015-09-18 00:00:00;123.531581752;132.80052913;141.27
2015-09-21 00:00:00;123.371726032;132.635176101;141.1
2015-09-22 00:00:00;121.26490962;130.372595491;138.69
2015-09-23 00:00:00;120.969791368;130.058424737;138.36
2015-09-24 00:00:00;120.264786654;129.303312572;137.55
2015-09-25 00:00:00;120.871418617;129.953701152;138.25
2015-09-28 00:00:00;118.346518015;127.324587995;135.48
2015-09-29 00:00:00;117.514448498;126.43168164;134.53
2015-09-30 00:00:00;119.895888839;129.000165353;137.26
2015-10-01 00:00:00;120.404148051;129.554097999;137.85
2015-10-02 00:00:00;121.789564291;131.053298793;139.45
2015-10-05 00:00:00;124.035742099;133.475720664;142.03
2015-10-06 00:00:00;124.285772841;133.743041393;142.32
2015-10-07 00:00:00;125.167028733;134.713112495;143.36
2015-10-08 00:00:00;125.888428905;135.495783498;144.19
2015-10-09 00:00:00;126.687707505;136.355619247;145.11
2015-10-12 00:00:00;126.749190474;136.424516342;145.18
2015-10-13 00:00:00;125.740869779;135.346965772;144.04
2015-10-14 00:00:00;125.117842358;134.680041889;143.33
2015-10-15 00:00:00;126.847563225;136.543019346;145.31
2015-10-16 00:00:00;127.458294053;137.198919694;146.01
2015-10-19 00:00:00;127.187768988;136.909551893;145.7
2015-10-20 00:00:00;127.023814403;136.741442981;145.53
2015-10-21 00:00:00;126.769684797;136.471366367;145.24
2015-10-22 00:00:00;127.941960077;137.755608224;146.61
2015-10-23 00:00:00;129.24130016;139.1555972;148.1
2015-10-26 00:00:00;129.138828544;139.045361848;147.98
2015-10-27 00:00:00;128.4953068;138.350879127;147.24
2015-10-28 00:00:00;129.786449154;139.750868103;148.74
2015-10-29 00:00:00;129.204410378;139.136306013;148.09
2015-10-30 00:00:00;129.204410378;139.136306013;148.09
