,Date,Index_Component_Count,Internal_Number,ISIN,Instrument_Name,Country,Currency,ICB,Weight
176447,2023-12-18,2027,TW028Z,TW0002034006,Yeun Chyang,TW,TWD,55102010,0.00022341206331247615
175306,2023-12-18,2027,TH20FR,TH0671010Z08,MAJOR CINEPLEX GROUP,TH,THB,40301010,0.00022329745560063435
176370,2023-12-18,2027,CN2D3H,KYG4987A1094,JACOBIO PHARMACEUTICALS GROUP,CN,HKD,20103010,0.00022306416086266404
175921,2023-12-18,2027,KR1BE1,KR7299900001,WYSIWYG STUDIOS,KR,KRW,40301010,0.00022290134536754187
176657,2023-12-18,2027,TW153Y,TW0004746003,FORMOSA LABORATORIES,TW,TWD,20103015,0.00022239638794671203
175244,2023-12-18,2027,TH212F,TH0297010Z02,GFPT,TH,THB,45102010,0.00022239596102785383
177392,2023-12-18,2027,MY21TG,MYL3395OO000,BERJAYA,MY,MYR,40401010,0.00022179129443865195
176608,2023-12-18,2027,TW13TM,TW0009927004,Thye Ming Indu,TW,TWD,55102050,0.00022155327898598767
177505,2023-12-18,2027,CN2DES,US25445D1019,DINGDONG CAYMAN 2 ADR 2:3,CN,USD,45201010,0.00022145809573307103
175217,2023-12-18,2027,TH21CP,TH0380010Y07,THAICOM,TH,THB,15102015,0.00022140165604551482
174869,2023-12-18,2027,IN026D,INE032A01023,Bombay Dyeing,IN,INR,55101020,0.00022113659965322557
176602,2023-12-18,2027,TW11OF,TW0008213000,Taiwan PCB Tech,TW,TWD,10102015,0.00022096563722084504
176675,2023-12-18,2027,TW60KF,TW0004438007,QUANG VIET ENTERPRISE,TW,TWD,40204020,0.00022091771028332052
177592,2023-12-18,2027,ID20EB,ID1000106206,MEDIA NUSNT.CITRA,ID,IDR,40301035,0.00022090753757285947
175009,2023-12-18,2027,IN1118,INE683C01011,MAITHAN ALLOYS,IN,INR,55102010,0.00022010380549345403
175977,2023-12-18,2027,KR21U8,KR7079370003,ZEUS,KR,KRW,10102020,0.0002196919824608067
176618,2023-12-18,2027,TW02QH,TW0002323003,CMC Magnetics,TW,TWD,10102030,0.00021959091988283294
174890,2023-12-18,2027,IN611D,INE659A01023,SUDARSHAN CHEMICALS,IN,INR,55201020,0.00021910327966010929
174931,2023-12-18,2027,IN125D,INE933K01021,BAJAJ CONSUMER CARE,IN,INR,45201020,0.00021886212024613673
177649,2023-12-18,2027,CL00TQ,CL0000001934,Sonda SA,CL,CLP,10101010,0.00021795737343179586
176861,2023-12-18,2027,TR603T,TREPOHO00012,POLISAN HOLDING,TR,TRY,55201020,0.0002179534807128743
177133,2023-12-18,2027,PL20FR,CY1000031710,ASBISC ENTERPRISES (DI),PL,PLN,10102030,0.0002179293874549825
175690,2023-12-18,2027,KR516N,KR7068240001,DAWONSYS,KR,KRW,50202010,0.00021788068174124486
174962,2023-12-18,2027,IN50HR,INE790G01031,SHILPA MEDICARE LIMITED,IN,INR,20103015,0.00021786914282239623
176371,2023-12-18,2027,CN635D,CNE100002342,CHINA REINSURANCE (GP.) 'H',CN,HKD,30302020,0.00021739842846909207
176256,2023-12-18,2027,ZA502G,ZAE000248506,Fortress REIT Ltd,ZA,ZAR,35101010,0.00021730795382714555
175118,2023-12-18,2027,IN124C,INE060A01024,NAVNEET EDUCATION,IN,INR,40301030,0.00021658287731648784
175140,2023-12-18,2027,IN825K,INE999B01013,SANGHI INDUSTRIES,IN,INR,50101030,0.00021654674434916897
175232,2023-12-18,2027,TH218L,TH0363010Z02,PRECIOUS SHIPPING,TH,THB,50206030,0.0002163957205928342
177102,2023-12-18,2027,BR10GJ,BRMYPKACNOR7,IOCHPE MAXION S.A.,BR,BRL,40101025,0.0002151703346844028
176376,2023-12-18,2027,PH233,KYG720051047,POWERLONG RLST.HOLDINGS,CN,HKD,35101010,0.00021439064969689913
175295,2023-12-18,2027,TH20JV,TH0747A10Z01,SC ASSET,TH,THB,35101010,0.00021412208912270755
175783,2023-12-18,2027,KR911M,KR7179900006,UTI,KR,KRW,10102015,0.0002137004184997974
175133,2023-12-18,2027,IN50V5,INE807F01027,SEQUENT SCIENTIFIC,IN,INR,20103015,0.00021360260635385536
176404,2023-12-18,2027,HK20VY,KYG2762W1069,DINGDANG HEALTH TECHNOLOGY GRO,CN,HKD,45201015,0.00021334651266969993
177405,2023-12-18,2027,MY203P,MYL5983OO001,MBM RESOURCES,MY,MYR,40101020,0.0002132533192361273
176731,2023-12-18,2027,TW19ON,TW0009942003,NAK Sealing Tech,TW,TWD,40101025,0.00021300615455284964
176709,2023-12-18,2027,TW9064,TW0003563003,MACHVISION,TW,TWD,10102020,0.0002129158001114881
176906,2023-12-18,2027,TR505U,TRECUHE00018,AGESA HAYAT EMEKLILIK,TR,TRY,30301010,0.00021283778468847976
177605,2023-12-18,2027,ID80GJ,ID1000121601,ERAJAYA SWASEMBADA,ID,IDR,40401030,0.00021272946750564372
177627,2023-12-18,2027,KW262Q,KW0EQ0608889,INTEGRATED HOLDING COMPANY,KW,KWD,50203000,0.00021255063930661957
176985,2023-12-18,2027,TR11N9,TREBION00012,BIOTREND CEVRE VE ENERJI,TR,TRY,65101010,0.00021225708135270353
175044,2023-12-18,2027,IN10W2,INE224A01026,Greaves Cot,IN,INR,50204030,0.00021223866322086834
176846,2023-12-18,2027,TR11TF,TREKREL00019,KAREL ELEKTRONIK,TR,TRY,15101010,0.0002117207948857129
175214,2023-12-18,2027,TH50N2,TH0889010Y07,SPCG,TH,THB,65101010,0.00021154607681623207
175178,2023-12-18,2027,TH80I0,TH8646010000,SCG CERAMICSORD,TH,THB,50101035,0.00021152347573666767
175372,2023-12-18,2027,KR308M,KR7032500001,KMW,KR,KRW,15101010,0.00021113588070129755
175697,2023-12-18,2027,KR1AN9,KR7357120005,KORAMCO LIFE INFRA REIT,KR,KRW,35102070,0.000210526314767671
176574,2023-12-18,2027,TW18WU,TW0003003000,KS TERMINALS,TW,TWD,50202010,0.0002101390371023617
175458,2023-12-18,2027,KR22XC,KR7394280002,OPENEDGES TECHNOLOGY,KR,KRW,10102010,0.00021008527104497156
175186,2023-12-18,2027,TH805N,TH8170010004,PRIMA MARINE,TH,THB,50206030,0.00020940053430637204
176279,2023-12-18,2027,ZA201C,ZAE000029757,ASTRAL FOODS,ZA,ZAR,45102010,0.00020917905504277393
175234,2023-12-18,2027,TH606M,TH6927010004,TAOKAENOI FOOD & MKTG.,TH,THB,45102020,0.0002085136614551921
176185,2023-12-18,2027,KR80H0,KR7041190000,WOORI TECHNOLOGY INV.,KR,KRW,30202010,0.00020839558148005172
176788,2023-12-18,2027,PH30BK,PHY1234G1032,CEBU AIR,PH,PHP,40501010,0.00020769812437397035
176760,2023-12-18,2027,TW01QG,TW0001711000,Everlight Chem,TW,TWD,55201000,0.0002071565036231841
177293,2023-12-18,2027,MY60A0,MYL7100OO000,UCHI TECHS.,MY,MYR,10102015,0.00020710321365010662
177022,2023-12-18,2027,TR504T,TRAIPMAT92D2,IPEK MATBAACILIK SANVETC.,TR,TRY,60101010,0.00020599966681464292
176094,2023-12-18,2027,KR214I,KR7054450002,TELECHIPS,KR,KRW,10102010,0.00020576098772010653
177333,2023-12-18,2027,MY90E7,MYL5286OO009,MI TECHNOVATION,MY,MYR,10102020,0.00020532957252124891
176479,2023-12-18,2027,TW07YU,TW0006197007,Jess Link,TW,TWD,10102030,0.00020500875230518393
176652,2023-12-18,2027,TW01KA,TW0001582005,Syncmold,TW,TWD,10102030,0.00020455913437911137
177178,2023-12-18,2027,PL10NY,PLCNTSL00014,COGNOR HOLDING,PL,PLN,55102015,0.00020426602400888994
176507,2023-12-18,2027,TW1P9O,TW0002636008,T3EX GLOBAL HOLDINGS,TW,TWD,50206030,0.0002041899788680906
176826,2023-12-18,2027,TR20I4,TREPSFK00023,PASIFIK GAYRIMENKUL YATIRIM,TR,TRY,30203000,0.0002039349891396786
176700,2023-12-18,2027,TW15YT,TW0001604007,Sampo Corp,TW,TWD,40202020,0.0002039202552932812
176654,2023-12-18,2027,TW150V,TW0002402005,Ichia,TW,TWD,10102010,0.00020389519108633683
177645,2023-12-18,2027,KW20UC,KW0EQ0200786,AAYAN LSG& INV,KW,KWD,50206050,0.00020376654098929546
177173,2023-12-18,2027,EW060,PLARTPR00012,ARCTIC PAPER,PL,PLN,55101015,0.00020365066529688946
176567,2023-12-18,2027,TW062X,TW0003059002,Altek,TW,TWD,40203060,0.0002028890711839775
176665,2023-12-18,2027,TW17TQ,TW0001537009,Kung Long,TW,TWD,50202010,0.0002026092450306185
176486,2023-12-18,2027,TW126Y,TW0002010006,Chun Yuan Steel,TW,TWD,55102010,0.0002024192436392283
177204,2023-12-18,2027,PL802K,PL11BTS00015,11 BIT STUDIOS,PL,PLN,40203040,0.00020158955175385654
176841,2023-12-18,2027,ET012,TREALBK00011,ALBARAKA TURK,TR,TRY,30101010,0.00020074313590196722
176015,2023-12-18,2027,KR1AZL,KR7064290000,INTEKPLUS,KR,KRW,10102010,0.00020002127825616644
175500,2023-12-18,2027,KR310F,KR7358570000,GI INNOVATION,KR,KRW,20103010,0.0001999426767682582
175055,2023-12-18,2027,IN80FS,INE355A01028,SOMANY CERAMICS,IN,INR,50101035,0.00019946057150609203
176492,2023-12-18,2027,TW015V,TW0001307007,San Fang Chem,TW,TWD,55201010,0.00019937695871644404
176282,2023-12-18,2027,ZA402F,ZAE000177218,ATTACQ ORD,ZA,ZAR,35102000,0.00019819740381139033
177664,2023-12-18,2027,410827,GRS395363005,HELLENIC EXCHANGES HLDG,GR,EUR,30202015,0.00019819702458394656
175175,2023-12-18,2027,TH50M1,TH0833010Y05,SUPER ENERGY CORP,TH,THB,65101010,0.00019763734429977767
177412,2023-12-18,2027,MY22K8,MYL5012OO009,TA ANN HOLDINGS,MY,MYR,45102010,0.00019746122947823252
177061,2023-12-18,2027,BR165E,BRAMBPACNOR6,AMBIPAR PARTP.E EME.ON,BR,BRL,65103035,0.0001973717001257587
177654,2023-12-18,2027,CL00MJ,CL0000001173,RIPLEY CORPORATION,CL,CLP,40401010,0.00019712675539345457
175268,2023-12-18,2027,TH907Q,TH8794010000,PRARAM 9 HOSPITAL,TH,THB,20101010,0.00019629058273737447
176666,2023-12-18,2027,TW10XN,TW0001444008,Lealea Ent,TW,TWD,55201010,0.00019608909822030305
175110,2023-12-18,2027,IN80HU,INE398A01010,VENKY'S (INDIA),IN,INR,45102010,0.0001954825482205983
177106,2023-12-18,2027,BR20CG,BRVLIDACNOR5,VALID SOLUCOES,BR,BRL,50205030,0.00019497663637079305
176740,2023-12-18,2027,TW07IE,TW0005531008,Shining Bldg,TW,TWD,35101010,0.00019435064584474683
176750,2023-12-18,2027,TW7084,TW0001515005,REXON INDL.,TW,TWD,40202025,0.00019431793561671104
177365,2023-12-18,2027,MY23SH,MYL6599OO004,AEON CO.(M),MY,MYR,40401010,0.00019323298248793188
175181,2023-12-18,2027,TH20R3,TH0828A10Z03,KHON KAEN SUGAR,TH,THB,45102035,0.00019266850806105214
175303,2023-12-18,2027,TH22IW,TH0477010Y01,ROJANA INDUSTRIAL PARK,TH,THB,65101015,0.00019246255711494252
177631,2023-12-18,2027,KW21DW,KW0EQ0202048,NOOR FINANCIAL INV,KW,KWD,30202010,0.00019230023438338888
175622,2023-12-18,2027,KR1AK6,KR7323990002,VAXCELL BIO THERAPEUTICS,KR,KRW,20103010,0.0001914160030881593
176965,2023-12-18,2027,TR601R,TREKMBH00014,BERA HOLDING A,TR,TRY,50203000,0.00019098075190595584
177493,2023-12-18,2027,US3RYE,US38406L1035,GRACELL BIOTECHNOLOGIES ADR,CN,USD,20103010,0.00019052296592362628
176837,2023-12-18,2027,TR402Q,TREYGMI00012,YENI GIMAT GMYO,TR,TRY,35102045,0.00018902330909202004
175047,2023-12-18,2027,IN305D,INE752H01013,CARE RATINGS,IN,INR,30201030,0.00018900496592519407
176924,2023-12-18,2027,595889,TRAISGEN91P9,IS FINANSAL KIRALAMA,TR,TRY,40201040,0.00018879474157981345
176586,2023-12-18,2027,TW142W,TW0004532007,Rechi,TW,TWD,50204000,0.00018862134683076328
177079,2023-12-18,2027,BR1115,BRANIMACNOR6,GAEC EDUCACAO ON,BR,BRL,40201010,0.00018780885186321606
177088,2023-12-18,2027,BR804E,BRZAMPACNOR5,ZAMP,BR,BRL,40501040,0.00018771626230468217
176758,2023-12-18,2027,TW20C3,TW0004164009,CHC HEALTHCARE,TW,TWD,20102010,0.0001876262762407309
177307,2023-12-18,2027,MY22PD,MYL5180TO003,CAPITALAND MALAYSIA TRUST,MY,MYR,35102045,0.00018734304491837016
174849,2023-12-18,2027,IN08IV,INE603A01013,PRAKASH INDUSTRIES,IN,INR,55102010,0.0001870281747597817
176835,2023-12-18,2027,TR701S,TREAIGY00017,AKYP GMYO,TR,TRY,35102000,0.0001860193027020953
176566,2023-12-18,2027,TW14TN,TW0001709004,Formosan Union,TW,TWD,55201000,0.00018393329977275567
176481,2023-12-18,2027,TW20KB,TW0001760007,PANION & BF BIOTECH.,TW,TWD,20103015,0.00018393212056259345
176872,2023-12-18,2027,401207,TRAAKGRT91O5,AKSIGORTA,TR,TRY,30302025,0.00018366805491979013
176249,2023-12-18,2027,ZA701H,ZAE000171963,KAP LIMITED,ZA,ZAR,50203000,0.0001835152111212906
175987,2023-12-18,2027,KR11GT,KR7011930005,SHINSUNG E&G,KR,KRW,60102020,0.0001830735783409353
174840,2023-12-18,2027,IN822H,INE883N01014,PARAG MILK FOODS,IN,INR,45102020,0.0001821075505835809
175776,2023-12-18,2027,KR62L4,KR7052020005,STCUBE,KR,KRW,10102015,0.00018195888001886488
177027,2023-12-18,2027,TR11VH,TRENATU00026,NATUREL ENERJI,TR,TRY,60102020,0.00018188529567895697
176942,2023-12-18,2027,TR20F1,TRETEZL00021,EUROPAP TEZOL KAGI,TR,TRY,55101015,0.00018185225566157666
176295,2023-12-18,2027,HK11HK,BMG9908J1053,ZHUGUANG HOLDINGS GROUP,CN,HKD,35101010,0.0001817272218365265
175787,2023-12-18,2027,KR804N,KR7001820000,SAMWHA CAPACITOR,KR,KRW,50202010,0.00018154678251229234
176497,2023-12-18,2027,TW802Z,TW0004739008,COREMAX,TW,TWD,55201000,0.00018147728356259076
176814,2023-12-18,2027,TR209V,TREATTP00023,ATP YAZILIM VE TEKNOLOJI,TR,TRY,10101010,0.00018115691347761695
176669,2023-12-18,2027,TW00ZO,TW0001201002,Wei-Chuan Foods,TW,TWD,45102020,0.000181095049399319
175485,2023-12-18,2027,KR51HY,KR7095700001,GENEXINE,KR,KRW,20103010,0.00018068606867230533
177229,2023-12-18,2027,PL008I,PLR220000018,Cyber Folks,PL,PLN,10101020,0.0001806724911915181
177105,2023-12-18,2027,BR16Y7,BRCSEDACNOR9,CRUZEIRO DO SUL EDUCACIONAL ON,BR,BRL,40201010,0.00018057527450765425
176477,2023-12-18,2027,TW14IC,TW0006277007,Aten Intl,TW,TWD,10102030,0.00017940735375535438
176708,2023-12-18,2027,TW111S,TW0002534005,Hung Sheng Const,TW,TWD,35101010,0.00017847306727592296
176606,2023-12-18,2027,TW14A4,TW0006206006,Flytech Tech,TW,TWD,10102030,0.00017805798274854998
176463,2023-12-18,2027,TW04C5,TW0002536000,Hung Poo,TW,TWD,35101010,0.000177566698583952
177465,2023-12-18,2027,MY228W,MYL5138OO002,HAP SENG PLTNS.HDG.,MY,MYR,45102010,0.00017748565596554912
176706,2023-12-18,2027,TW9042,KYG0407M1033,APEX INTERNATIONAL,TW,TWD,10102015,0.00017738803392941354
176359,2023-12-18,2027,CN8BUC,KYG532241042,KWG GROUP HOLDINGS,CN,HKD,35101010,0.0001770302915457378
176471,2023-12-18,2027,TW07EA,TW0005471007,Sonix Tech,TW,TWD,10102010,0.00017665444715285236
177576,2023-12-18,2027,ID5055,ID1000132707,BLUEBIRD GROUP PT,ID,IDR,40501015,0.00017664356302410218
176057,2023-12-18,2027,KR913O,KR7228760005,GENOMICTREE,KR,KRW,20103010,0.00017648027150429517
174940,2023-12-18,2027,IN803G,INE076B01028,SIYARAM SILK MILLS,IN,INR,40204020,0.00017615444502492032
176625,2023-12-18,2027,TW801Y,KYG8676P1037,TANVEX BIOPHARMA,TW,TWD,20103010,0.0001760029704957966
177005,2023-12-18,2027,TR20L7,TREESCR00029,ESCAR FILO KRLM. HZM. ANSI.,TR,TRY,40201040,0.0001759278801814813
177502,2023-12-18,2027,CN1RZQ,US44852D1081,HUYA ADR,CN,USD,10101020,0.0001753202292276872
176699,2023-12-18,2027,TW502W,TW0003708004,SWANCOR HOLDING,TW,TWD,50203010,0.00017531119005129102
176902,2023-12-18,2027,TR20G2,TREERCY00027,ERCIYAS CELIK BORU SANAYI AS,TR,TRY,55102010,0.00017504004614340014
177317,2023-12-18,2027,MY143S,MYL8532OO003,PERTAMA DIGITAL,MY,MYR,10101020,0.0001749565196986238
177091,2023-12-18,2027,BR701A,BRCVCBACNOR1,CVC BRA.OPD.E ACDV. ON,BR,BRL,40501015,0.00017471224180794158
175414,2023-12-18,2027,KR113G,KR7033640004,Nepes Corp,KR,KRW,10102010,0.0001745140647593818
176418,2023-12-18,2027,HK10JL,KYG857AW1047,SUN KING TECHNOLOGY GROUP,CN,HKD,10102015,0.000173803243591322
176844,2023-12-18,2027,447757,TRAIZMDC91G6,IZMIR DEMIR CELIK,TR,TRY,55102010,0.00017300954555541113
176245,2023-12-18,2027,ZA20ZA,ZAE000170049,PPC,ZA,ZAR,50101030,0.00017290251953367634
176757,2023-12-18,2027,TW01RH,TW0001714004,Ho Tung Chemical,TW,TWD,55201000,0.00017281552445879995
175235,2023-12-18,2027,TH00U4,TH0592010Z06,BEC World PCL,TH,THB,40301035,0.00017244749884054168
176879,2023-12-18,2027,TR10ZK,TREGDKM00012,GEDIK YATIRIM VE MENKUL DEGER.,TR,TRY,30202015,0.00017231270155247964
177603,2023-12-18,2027,ID001W,ID1000111800,TIMAH,ID,IDR,55102000,0.00017202870498893156
176648,2023-12-18,2027,TW1392,TW0002314002,MICROELS.TECH.,TW,TWD,15101010,0.00017192036675987802
174866,2023-12-18,2027,IN50CM,INE612J01015,REPCO HOME FINANCE,IN,INR,30201025,0.000171199093135894
174851,2023-12-18,2027,IN805I,INE128A01029,EVEREADY INDS.(INDIA),IN,INR,45201030,0.00017068372233485876
177014,2023-12-18,2027,ET007,TRAKARSN91H7,KARSAN OTOMOTIV,TR,TRY,40101020,0.00017066670795934833
176919,2023-12-18,2027,731405,TRAGSRAY91X9,GALATASARAY,TR,TRY,40501030,0.00017063066430402426
175482,2023-12-18,2027,KR91PA,KR7089010003,CHEMTRONICS,KR,KRW,10102015,0.00017048741851881147
176816,2023-12-18,2027,TR00ZJ,TRASMENS91H3,TURK PRYS.KABLO VE SIST.,TR,TRY,50202010,0.00017012523530695806
175588,2023-12-18,2027,KR07J1,KR7200710002,ADTECHNOLOGY,KR,KRW,10102010,0.00016986313244398896
175079,2023-12-18,2027,IN70FR,INE274G01010,DHANI SERVICES,IN,INR,30202015,0.0001697618621155114
176553,2023-12-18,2027,TW07TP,TW0006120009,Darwin Precisions Corp,TW,TWD,10102015,0.0001692418764572701
176531,2023-12-18,2027,TW18CA,TW0009924001,TAIWAN FU HSING,TW,TWD,50101035,0.0001692042722949396
176420,2023-12-18,2027,CN8E1M,KYG407691040,GREATVIEW ASEPTIC PACK.,CN,HKD,50203030,0.00016907244202573563
176306,2023-12-18,2027,CN4CKZ,KYG8872R1011,3D MEDICINES,CN,HKD,20103015,0.00016903493397127975
176485,2023-12-18,2027,TW11XO,TW0002369006,LINGSEN PRECISION IND.,TW,TWD,10102020,0.00016800397512934292
175304,2023-12-18,2027,TH309M,THA996010007,BA AIRPORT LEASEHOLD REIT,TH,THB,35102070,0.00016795893679929214
177386,2023-12-18,2027,MY21I5,MYL9059OO006,TSH RESOURCES,MY,MYR,45102010,0.0001679048430628768
177407,2023-12-18,2027,MY30M9,MYL5313OO001,RADIUM DEVELOPMENT,MY,MYR,35101010,0.00016770069651355046
175265,2023-12-18,2027,TH603J,TH0467A10Z09,KARMARTS,TH,THB,45201020,0.00016765143803700304
176756,2023-12-18,2027,TW043W,TW0002489002,Amtran,TW,TWD,40203010,0.0001673353539295393
176587,2023-12-18,2027,TW11JA,TW0002832003,TFM Ins,TW,TWD,30302025,0.0001671246783652395
175755,2023-12-18,2027,KR22VA,KR7432320000,KB STAR REIT,KR,KRW,35102030,0.00016667276997842182
174926,2023-12-18,2027,IN614G,INE836B01017,SATIN CREDITCARE NETWORK,IN,INR,30201020,0.0001657984244636266
176660,2023-12-18,2027,TW16B7,TW0001321008,Ocean Plas,TW,TWD,50203015,0.00016556927613438273
176900,2023-12-18,2027,TR12L8,TREPNTA00042,PENTA TEKNOLOJI,TR,TRY,10101010,0.00016547714246579245
177150,2023-12-18,2027,EW054,PLLWBGD00016,BOGDANKA,PL,PLN,60101040,0.00016537364320106323
176413,2023-12-18,2027,HK20Y1,KYG4815A1076,ALL.INTL.EDU.LEASING HOLDINGS,CN,HKD,30201020,0.00016510515638725747
175258,2023-12-18,2027,TH011C,TH0073A10Z05,SINGER THAILAND,TH,THB,40202020,0.0001647416566453935
176691,2023-12-18,2027,TW110R,TW0008039009,Taiflex Sci,TW,TWD,10102015,0.00016455671304664918
175618,2023-12-18,2027,KR08UD,KR7047920004,MEDIFORUM PHARMACEUTICAL,KR,KRW,20103015,0.00016372624639738443
175250,2023-12-18,2027,TH107I,TH8206010002,SERMSANG POWER CORPORATION,TH,THB,65101010,0.0001635826931849755
176253,2023-12-18,2027,ZA105F,ZAE000167391,TRANSACTION CAPITAL,ZA,ZAR,30201020,0.0001624356649079089
176528,2023-12-18,2027,TW12PH,TW0001310001,Twn Styrene Mono,TW,TWD,50203015,0.00016205259263609768
175030,2023-12-18,2027,IN819N,INE083A01026,MOREPEN LABORATORIES,IN,INR,20103015,0.00016204977968190136
176035,2023-12-18,2027,KR16AS,KR7005690003,PHARMICELL,KR,KRW,20103010,0.00016179681552112973
177228,2023-12-18,2027,PL301E,PLZEPAK00012,ZESPOL ELEKTROWNI PAK,PL,PLN,65101015,0.00016152235046685355
173739,2023-12-18,2027,EG20GC,EGS673T1C012,GB CORP,EG,EGP,40101025,0.00016135110737920474
176449,2023-12-18,2027,TW404X,TW0008114000,POSIFLEX TECHNOLOGIES,TW,TWD,10102030,0.00016130237416424507
175201,2023-12-18,2027,TH20P1,TH0815010002,POLYPLEX (THAILAND),TH,THB,50203015,0.00016111523463102035
176717,2023-12-18,2027,TW15RM,TW0003450003,Elite Advanced,TW,TWD,10102010,0.0001611114252725184
175615,2023-12-18,2027,KR30ZD,KR7270520000,G ENONE ENERGY,KR,KRW,60102020,0.00016102346146177802
177602,2023-12-18,2027,ID2041,ID1000105604,GLOBAL MEDIACOM,ID,IDR,40301035,0.0001606373432430276
176632,2023-12-18,2027,TW12YQ,TW0002102001,Federal Corp,TW,TWD,40101015,0.00016062771491156215
173756,2023-12-18,2027,EG00A4,EGS655L1C012,PALM HILLS DEVS.SAE,EG,EGP,35101010,0.0001605066772623213
176970,2023-12-18,2027,TR30OB,TREGKNR00036,GOKNUR GIDA MADDELERI ENJ.IMALATI,TR,TRY,45102030,0.00016021404791537557
175573,2023-12-18,2027,KR17YH,KR7003541000,DAISHIN SECURITIES PF.,KR,KRW,30202015,0.00016009416447292094
177466,2023-12-18,2027,MY404S,MYL5216OO006,DATASONIC GROUP,MY,MYR,10101010,0.0001597590545328826
176246,2023-12-18,2027,ZA20U5,ZAE000203238,SA CORPORATE REAL ESTATE,ZA,ZAR,35102000,0.00015946974058917844
176556,2023-12-18,2027,TW07RN,TW0006115009,I Sheng Electric,TW,TWD,50202010,0.0001587774797561105
177001,2023-12-18,2027,TR30AX,TRESUNT00010,SUN TEKSTIL SANAYI VE TICARET,TR,TRY,40204020,0.00015851855436893253
177030,2023-12-18,2027,TR403R,TRALOGOW91U2,LOGO YAZILIM SANAYI,TR,TRY,10101015,0.00015819159836663753
176832,2023-12-18,2027,TR80D5,TRAPARSN91H6,PARSAN,TR,TRY,40101025,0.0001581168838740014
175130,2023-12-18,2027,IN823I,INE922A01025,BHANSALI ENGR.POLYMERS,IN,INR,55201000,0.0001578370397552081
176578,2023-12-18,2027,TW04F8,TW0002547007,RADIUM LIFE,TW,TWD,35101010,0.000157227176647539
175187,2023-12-18,2027,TH20S4,TH0535010Z05,THORESEN THAI AG.,TH,THB,50206030,0.0001571388256483452
173777,2023-12-18,2027,EG20KG,EGS65571C019,MADINET MASR,EG,EGP,35101010,0.00015705590873235468
176963,2023-12-18,2027,TR20N9,TREHTTB00036,HITIT BILGISAYAR HIZMETLERI,TR,TRY,10101015,0.00015701517350536664
175906,2023-12-18,2027,KR81RB,KR7050890003,SOLID,KR,KRW,15101010,0.00015654547665109865
177368,2023-12-18,2027,MY703U,MYL4456OO009,DAGANG NEXCHANGE,MY,MYR,10101010,0.0001564931004054911
175645,2023-12-18,2027,KR31WB,KR7214680001,DRTECH,KR,KRW,20102010,0.0001556513669377774
176197,2023-12-18,2027,KR09FZ,KR7304100001,SALTLUX,KR,KRW,10101010,0.0001553503428811874
177339,2023-12-18,2027,MY232R,MYL3042OO008,PETRON MALAYSIA REFINING& MKTG,MY,MYR,60101020,0.00015533628529868396
175190,2023-12-18,2027,TH10DO,TH0472B10Z01,SEAMICO CAPITAL,TH,THB,30202015,0.0001551849037843218
176765,2023-12-18,2027,TW1561,TW0006192008,LUMAX INTERNATIONAL,TW,TWD,50202025,0.00015488687370531905
173765,2023-12-18,2027,EG00GA,EGS60101C010,AL BARKA EGYPT BANK,EG,EGP,30101010,0.00015444392905575755
177325,2023-12-18,2027,MY604U,MYL7095OO002,PIE INDUSTRIAL,MY,MYR,50202010,0.00015332951007550924
177145,2023-12-18,2027,532172,PLTIM0000016,TIM,PL,PLN,50202010,0.00015331647756129175
176326,2023-12-18,2027,CN25JP,CNE000000LT3,GUANGDONG PRVL.EXPR.'B',CN,HKD,50206060,0.00015293535594027694
174821,2023-12-18,2027,IN814I,INE978A01027,HERITAGE FOODS,IN,INR,45102020,0.00015274741235152145
173729,2023-12-18,2027,EG7045,EGS729J1C018,CLEOPATRA HOSPITAL,EG,EGP,20101025,0.00015256859705428742
176490,2023-12-18,2027,TW1ATT,TW0002375003,KAIMEI ELECTRONIC,TW,TWD,10102010,0.00015214159748203418
177422,2023-12-18,2027,MY50UJ,MYL5196OO000,BERJAYA FOOD,MY,MYR,40501040,0.00015213838316342044
176995,2023-12-18,2027,TR20BX,TREKYAS00018,KUYAS YATIRIM A S,TR,TRY,35101010,0.00015198407994971886
176824,2023-12-18,2027,TR206S,TRAPKENT91K5,PETROKENT TURIZM,TR,TRY,40501025,0.00015172245107027339
175278,2023-12-18,2027,TH12IV,THA020010007,SABUY TECHNOLOGY,TH,THB,50205015,0.00015125329663835967
175221,2023-12-18,2027,TH10NY,TH9460010001,S HOTELS AND RESORTS,TH,THB,40501025,0.00015109223124926762
176842,2023-12-18,2027,TR20VH,TRAAYENW91L0,AYEN ENERJI,TR,TRY,65101010,0.00015103192672157536
177461,2023-12-18,2027,MY21E1,MYL8877OO002,EKOVEST,MY,MYR,50101010,0.00015041663348953059
177462,2023-12-18,2027,MY00YI,MYQ0151OO009,KELINGTON GROUP,MY,MYR,50101015,0.00015030380499606266
177223,2023-12-18,2027,PL10FQ,PLMOBRK00013,MOBRUK,PL,PLN,50101035,0.00014877259314828017
175283,2023-12-18,2027,TH22Q4,THA504010002,ONE ENTERPRISE,TH,THB,40301010,0.0001486127909650811
176571,2023-12-18,2027,TW15LG,TW0001708006,Sesoda Corp,TW,TWD,55201000,0.00014850909543478338
175263,2023-12-18,2027,TH804M,TH4625010004,MC GROUP,TH,THB,40204020,0.00014846908471604733
177587,2023-12-18,2027,ID12XV,ID1000133408,BANK NEO COMMERCE,ID,IDR,30101010,0.00014830280508533667
176856,2023-12-18,2027,TR801T,TRAKERVT91A5,KEREVITAS GIDA SANVETC.,TR,TRY,45102020,0.00014793757891200617
177515,2023-12-18,2027,CN93V6,US7477981069,QUDIAN ADR,CN,USD,30201020,0.00014733755237415994
176975,2023-12-18,2027,TR20E0,TRESAYR00013,SAY RENEWABLE,TR,TRY,40301020,0.00014695298639407105
177478,2023-12-18,2027,MY70C3,MYQ0101OO004,TMC LIFE SCIENCES,MY,MYR,20101025,0.00014635007659655815
177507,2023-12-18,2027,US18UP,US1347481020,CANAAN ADR,CN,USD,10102030,0.00014629905422935003
177401,2023-12-18,2027,MY50I7,MYL7155OO004,SKP RESOURCES BERHAD,MY,MYR,50203015,0.0001453242075951452
176988,2023-12-18,2027,B03MT7,TRAGLMDE91R3,GLOBAL YATIRIM HOLDINGS,TR,TRY,30202010,0.00014512577331167158
177203,2023-12-18,2027,PL002C,PLAB00000019,AB,PL,PLN,10101010,0.00014484558086171978
177411,2023-12-18,2027,MY107S,MYL5274OO005,HONG LEONG CAPITAL,MY,MYR,30202015,0.00014449352901180107
177473,2023-12-18,2027,MY50H6,MYL7148OO009,DUOPHARMA BIOTECH,MY,MYR,20103015,0.00014431970472656135
176593,2023-12-18,2027,TW061W,TW0003049003,HannsTouch Holdings,TW,TWD,10102030,0.0001439690385332909
175808,2023-12-18,2027,KR701J,KR700088K015,HANWHA 3PB,KR,KRW,30301010,0.00014299974397187178
175065,2023-12-18,2027,IN18T7,INE557A01011,HYDERABAD INDUSTRIES,IN,INR,50101020,0.0001429758107940219
176954,2023-12-18,2027,TR303Q,TREHLGY00016,HALK GAYRIMENK A,TR,TRY,35102000,0.0001429591490547321
176509,2023-12-18,2027,TW03C4,TW0002374006,Ability Enter,TW,TWD,40203060,0.00014278191444393691
173763,2023-12-18,2027,EG9036,EGS65541C012,CAIRO FOR INV.& RLST.DEV. CIRA EDUCATION,EG,EGP,40201010,0.00014274424995502634
176825,2023-12-18,2027,TR305S,TRETKNO00010,TEKNOSA IC VE DIS TICARET NPV,TR,TRY,40401030,0.000142722061986617
177304,2023-12-18,2027,MY609Z,MYL5272OO009,RANHILL UTILITIES,MY,MYR,65102030,0.00014271665908099506
177164,2023-12-18,2027,531929,PLMSTSD00019,POLIMEX MOSTOSTAL,PL,PLN,50101010,0.00014238304146807615
174933,2023-12-18,2027,IN81LZ,INE338A01024,THIRUMALAI CHEMICALS,IN,INR,55201000,0.00014222047176309363
177336,2023-12-18,2027,MY30K7,MYL2429OO008,TANCO HOLDINGS,MY,MYR,35101010,0.00014184984471481103
177677,2023-12-18,2027,GR135G,GRS087003000,INTRACOM HOLDINGS,GR,EUR,10101010,0.00014123345938401818
177614,2023-12-18,2027,ID012Y,ID1000113301,MATAHARI DEPARTMENT SOE.,ID,IDR,40401010,0.00014062583917699522
176647,2023-12-18,2027,TW112T,TW0004960000,CHENG MEI MATERIALS TECHNOLOGY,TW,TWD,50202040,0.0001398492205680291
176743,2023-12-18,2027,TW064Z,TW0003062006,CyberTAN,TW,TWD,15101010,0.00013984725241043247
175228,2023-12-18,2027,TH109K,TH8798010006,NORTH EAST RUBBERS,TH,THB,40101015,0.00013959761085320532
175194,2023-12-18,2027,TH10R2,THA054010006,SAKSIAM LEASING,TH,THB,30201020,0.00013907217415065642
176748,2023-12-18,2027,TW042V,TW0002485000,Zinwell Corp,TW,TWD,15101010,0.00013865493771232258
177363,2023-12-18,2027,MY222Q,MYL2852OO001,CAHYA MATA SARAWAK,MY,MYR,50101030,0.0001385417582170298
176548,2023-12-18,2027,TW0762,TW0005203004,CYBERLINK,TW,TWD,10101015,0.00013840012138737054
175155,2023-12-18,2027,TH12S5,TH8127010008,TRIPLE I LOGISTICS,TH,THB,50206040,0.00013796838612726637
177426,2023-12-18,2027,MY10K5,MYL4758OO008,ANCOM NYLEX,MY,MYR,55201020,0.00013747232836825907
177675,2023-12-18,2027,434777,GRS096003009,FOURLIS HLDG,GR,EUR,40401010,0.00013637932675795243
176673,2023-12-18,2027,TW12UM,TW0001701001,China Chem Pharm,TW,TWD,20103015,0.00013616092791115993
176622,2023-12-18,2027,TW11TK,TW0001447001,Li Peng Ent,TW,TWD,55101020,0.00013614278807325448
176726,2023-12-18,2027,TW13SL,TW0002478005,TA-I TECHNOLOGY,TW,TWD,10102015,0.0001359713474189706
176445,2023-12-18,2027,TW12C4,TW0002538006,Kee Tai,TW,TWD,35101010,0.0001358171992413201
176561,2023-12-18,2027,TW19ZY,TW0002420007,ZIPPY TECHNOLOGY,TW,TWD,50202010,0.0001355050423760309
176614,2023-12-18,2027,TW1AUU,TW0003138004,AUDEN TECHNO,TW,TWD,15101010,0.00013476138255055211
177342,2023-12-18,2027,MY109U,MYL5293OO005,AME ELITE CONSORTIUM,MY,MYR,50101010,0.00013266117113425627
177329,2023-12-18,2027,MY308V,MYL7022OO006,GLOBETRONICS TECHNOLOGY,MY,MYR,10102010,0.00013264141007608671
176465,2023-12-18,2027,TW503X,TW0002228004,IRON FORCE INDUSTRIAL,TW,TWD,40101025,0.00013257708218842803
177508,2023-12-18,2027,CN2517,CNE000000941,SHANGHAI JINQIAO EX PR.Z.D.'B',CN,USD,35101010,0.00013240189212512994
176679,2023-12-18,2027,TW15OJ,TW0002464005,Mirle Auto,TW,TWD,50204000,0.00013234828489883994
176530,2023-12-18,2027,TW11MD,TW0002505005,Kuo Yang Const,TW,TWD,35101010,0.00013211817924359035
177456,2023-12-18,2027,MY24OE,MYL5302OO004,AURELIUS TECHNOLOGIES,MY,MYR,10102015,0.0001319012623601528
176710,2023-12-18,2027,TW02F6,TW0002107000,Formosan Rubber,TW,TWD,50203015,0.00013166073702196518
176527,2023-12-18,2027,TW16GC,TW0001558005,ZENG HSING INDUSTRIAL,TW,TWD,40202025,0.00013043112917739136
175276,2023-12-18,2027,TH20DP,TH0409010Z03,LANNA RESOURCES,TH,THB,60101040,0.00012933554505091036
174984,2023-12-18,2027,IN70HT,INE384A01010,RANE HOLDINGS,IN,INR,40101025,0.0001293256966442074
176478,2023-12-18,2027,TW04HA,TW0002601002,FIRST STEAMSHIP,TW,TWD,50206030,0.00012888841058967908
176615,2023-12-18,2027,TW80A7,TW0006416001,CASWELL,TW,TWD,15101010,0.00012886521841067616
174893,2023-12-18,2027,IN60Q1,INE107A01015,TAMIL NADU NWPT.& PAPERS,IN,INR,55101015,0.0001285486728827346
177591,2023-12-18,2027,ID013Z,ID1000114002,PP (PERSERO),ID,IDR,50101010,0.00012819214703803237
175212,2023-12-18,2027,TH20LX,TH0748010Z04,UNIVANICH PALM OIL,TH,THB,45102010,0.00012813670342418153
177597,2023-12-18,2027,ID20TQ,ID1000099500,RAMAYANA LESTARI SENTOSA,ID,IDR,40401010,0.0001279507710700869
176955,2023-12-18,2027,B03MY2,TRATIREW91D1,MONDI TURKEY OLUKLU MUKAVVA KAGIT,TR,TRY,55101015,0.00012785809329636004
177352,2023-12-18,2027,MY601R,MYL5517OO007,SHANGRI-LA HOTELS (MAL.),MY,MYR,40501025,0.00012711586820578766
176795,2023-12-18,2027,B03MV8,TRAKARTN91D4,KARTONSAN,TR,TRY,50203030,0.00012697879406866334
177501,2023-12-18,2027,CN1RVM,US5288771034,LEXINFINTECH HOLDINGS ADR,CN,USD,30201020,0.0001264213716257069
177589,2023-12-18,2027,ID3031,ID1000107600,WIJAYA KARYA,ID,IDR,50101010,0.00012631817061534048
177659,2023-12-18,2027,CL02HG,CL0000000449,SALFA CORPORATION,CL,CLP,50101015,0.0001261976855616861
177454,2023-12-18,2027,MY10PA,MYL5271OO001,PECCA GROUP,MY,MYR,40101010,0.000124943540844331
177236,2023-12-18,2027,PL00MW,PLUNMOT00013,UNIMOT,PL,PLN,65102020,0.00012439206709302574
173768,2023-12-18,2027,EG7056,EGS75011C014,MM GRP INDUS.& INTL TRADE,EG,EGP,40203010,0.00012436514201518486
175292,2023-12-18,2027,TH10OZ,TH9882010001,NR INSTANT PRODUCE,TH,THB,45102020,0.00012389211086603273
177453,2023-12-18,2027,MY30J6,MYL5311OO005,CAPE EMS,MY,MYR,50202040,0.0001235994752850735
177326,2023-12-18,2027,MY10DY,MYL7179OO004,LAGENDA PROPERTIES,MY,MYR,35101010,0.0001235473177782798
177588,2023-12-18,2027,ID20GD,ID1000108400,ALAM SUTERA REALTY,ID,IDR,35101010,0.00012298234704456932
177571,2023-12-18,2027,ID5011,ID1000097207,ADHI KARYA PERSERO,ID,IDR,50101010,0.00012278420745530705
174831,2023-12-18,2027,IN18WA,INE754A01055,SUBEX,IN,INR,10101015,0.0001223328048948755
177635,2023-12-18,2027,KW21RA,KW0EQ0202832,ALIMTIAZ INVESTMENT,KW,KWD,30202010,0.00012196350094734559
175257,2023-12-18,2027,TH20Q2,TH0823010002,SOMBOON ADVANCE TECHNOLOGY,TH,THB,40101025,0.00012150771901340237
175308,2023-12-18,2027,TH22P3,THA490010008,HENG LEASING AND CAPITAL,TH,THB,30201020,0.00012139318504095044
177511,2023-12-18,2027,CN1SIA,US00851L1035,AGORA ADR,CN,USD,10101015,0.00012041578725527241
177400,2023-12-18,2027,MY20G2,MYL5071OO005,COASTAL CONTRACTS,MY,MYR,50206015,0.00012014620017650745
175109,2023-12-18,2027,IN81FT,INE231F01020,SASKEN TECHNOLOGIES,IN,INR,10101010,0.00011991061847694526
176799,2023-12-18,2027,518610,TRAALGYO91Q5,ALARKO GAYMEN.YATOTA.,TR,TRY,35102000,0.0001194843569626526
177003,2023-12-18,2027,TR202O,TRAVKGYO91Q3,VAKIF GAYMEN.YATOTA.,TR,TRY,35102000,0.00011932452272835954
176903,2023-12-18,2027,TR30K7,TREBLSM00027,BIRLESIM MUHENDISLIK ISITMA SOGUT,TR,TRY,50101025,0.0001192228001705178
176686,2023-12-18,2027,TW19FE,TW0001219004,Fwusow,TW,TWD,45102020,0.0001189927126384333
175256,2023-12-18,2027,TH012D,TH0818010Z05,UNITED PAPER,TH,THB,50203030,0.00011849606706042934
177340,2023-12-18,2027,MY90OH,MYL7233OO009,DUFU TECHNOLOGY,MY,MYR,10102030,0.0001183894421961156
173771,2023-12-18,2027,EG00JD,EGS690C1C010,RAYA HLDG.FOR TECH.& COMMS.,EG,EGP,10101010,0.00011785448950913662
176940,2023-12-18,2027,TR00CW,TREINDX00019,INDEKS BILGISAYAR SISTEMLERI,TR,TRY,10102030,0.00011774260739187704
176877,2023-12-18,2027,TR12E1,TREAKFG00012,AKFEN GAYMEN.YATOTA.,TR,TRY,35102015,0.00011714187980314299
177334,2023-12-18,2027,MY21UH,MYL4383OO005,JAYA TIASA HOLDINGS,MY,MYR,45102010,0.00011711054785260384
177378,2023-12-18,2027,MY236V,MYL4324OO009,HENGYUAN REFINING,MY,MYR,60101020,0.00011679979306462347
176950,2023-12-18,2027,TR108T,TRAGOODY91E9,GOODYEAR LASTIKLERI,TR,TRY,40101015,0.0001166733122839304
176926,2023-12-18,2027,TR213Q,TREKNKA00026,KONYA KAGIT SANAYI VE TICARET,TR,TRY,55101015,0.00011662124922624013
177510,2023-12-18,2027,CN24UZ,CNE000000G39,SHANGHAI MECH.&ELECT. IND. 'B',CN,USD,50204000,0.00011555791812961287
176297,2023-12-18,2027,PH108,KYG2112Y1098,China Dongxiang Group Co. Ltd.,CN,HKD,40204020,0.00011541080794694595
177668,2023-12-18,2027,GR136H,GRS239003007,THRACE PLSTC.HLDG.&. COML.SA,GR,EUR,50203015,0.00011484305226644521
176813,2023-12-18,2027,TR80C4,TRACEMTS91G6,CEMTAS CK.MAKINA SANVETC,TR,TRY,55102010,0.00011473896944820671
175135,2023-12-18,2027,IN608J,INE049A01027,HIMATSINGKA SEIDE,IN,INR,55101020,0.00011414875793879786
177311,2023-12-18,2027,MY30E1,MYL5238OO000,AIRASIA X,MY,MYR,40501010,0.00011363792175605456
176851,2023-12-18,2027,B07DQ4,TREAKMG00018,AKMERKEZ GAYMEN.YATRIM ORTAKLI,TR,TRY,35102045,0.00011327069510492648
176664,2023-12-18,2027,TW05YS,TW0003041000,Ali,TW,TWD,10102010,0.00011326305866135231
176442,2023-12-18,2027,TW03PH,TW0002417003,AVERMEDIA TECHNOLOGIES,TW,TWD,10102030,0.00011293777456486297
176947,2023-12-18,2027,B03MNM,TRAALKIM91E0,ALKIM ALKALI KIMYA,TR,TRY,55201000,0.00011263642288763749
173728,2023-12-18,2027,EG2084,EGS38081C013,EGYP.INTL.PHARMS. INDS. SAE,EG,EGP,20103015,0.00011258726252075203
177460,2023-12-18,2027,MY90WP,MYL7237OO000,POWER ROOT,MY,MYR,45101020,0.00011189520266318055
176658,2023-12-18,2027,TW15ZU,TW0003501003,Well Shin,TW,TWD,50202010,0.0001117563403566901
176836,2023-12-18,2027,ET013,TRAKRDMA91G3,KARDEMIR (A),TR,TRY,55102015,0.00011153986504523513
176969,2023-12-18,2027,490804,TRATRCAS92E6,TURCAS PETROL,TR,TRY,65101015,0.0001114743754399903
175281,2023-12-18,2027,TH10S3,THA078010008,KERRY EXPRESS (THAILAND),TH,THB,50206040,0.00011145035496494435
177020,2023-12-18,2027,TR10G1,TRAVAKFN91P9,VAKIF FINANSAL KIRALAMA,TR,TRY,30202000,0.00011133484644538031
176588,2023-12-18,2027,TW15GB,TW0002405008,SHUTTLE,TW,TWD,10102030,0.00011082847553517523
177104,2023-12-18,2027,BR05Z6,BRLJQQACNOR5,LOJAS QUERO-QUERO ON,BR,BRL,40401010,0.0001107877731582522
176957,2023-12-18,2027,TR12J6,TREKZBG00026,KIZILBUK GAYMEN. YATOTA.,TR,TRY,35102015,0.00011029358529157462
176716,2023-12-18,2027,TW114V,TW0002406006,Gigastorage,TW,TWD,10102010,0.0001096726210463288
176822,2023-12-18,2027,TR10I3,TREESEN00024,ESENBOGA ELEKTRIK URETIM AS,TR,TRY,65101010,0.00010954067338036126
176867,2023-12-18,2027,TR00BV,TRECMAS00010,CEMAS DOKUM SANAYI,TR,TRY,55102015,0.00010944876205928494
177418,2023-12-18,2027,MY506V,MYL5123TO003,SENTRAL REIT,MY,MYR,35102030,0.00010924872364038189
177231,2023-12-18,2027,PL90H0,PLENTER00017,ENTER AIR,PL,PLN,40501010,0.00010922549344921737
176938,2023-12-18,2027,B03MPM,TRABAGFS91E2,BANDIRMA GUBRE FABRIKALARI,TR,TRY,55201015,0.00010905007918289511
177447,2023-12-18,2027,MY50ZO,MYL5789OO002,LBS BINA GROUP,MY,MYR,35101010,0.00010896033221492027
176956,2023-12-18,2027,TR10F0,TRAMAALT91K5,MARMARIS ALTINYUNUS,TR,TRY,40501025,0.0001086773762528748
177374,2023-12-18,2027,MY24QG,MYQ0186OO005,PERAK TRANSIT,MY,MYR,50206010,0.00010827911272983523
176662,2023-12-18,2027,TW132V,TW0001455004,ZIG SHENG IND,TW,TWD,55101020,0.00010816106702980106
177128,2023-12-18,2027,PL00NX,PLVOXEL00014,VOXEL,PL,PLN,20103010,0.00010735806029839999
176933,2023-12-18,2027,TR111N,TREKRVG00013,KERVAN GIDA SANAYI VE TICARET,TR,TRY,45102020,0.00010726591824435493
176736,2023-12-18,2027,TW0920,TW0001598001,DYACO INTERNATIONAL,TW,TWD,40203050,0.00010714876314075808
177196,2023-12-18,2027,PL11MY,PLONDE000018,ONDE,PL,PLN,50101015,0.00010655284779972867
177406,2023-12-18,2027,MY10BW,MYL5916OO001,MALAYSIA SMELTING,MY,MYR,55102050,0.00010571497193938214
176506,2023-12-18,2027,TW03QI,TW0002426004,TYNTEK,TW,TWD,10102010,0.00010563208051836217
176928,2023-12-18,2027,TR120N,TREULSY00014,ULUSOY UN SANAYI VE TICARET,TR,TRY,45102020,0.00010561975244264813
176980,2023-12-18,2027,B03MT9,TRAGOLTS91F0,GOLTAS CIMENTO,TR,TRY,50101030,0.0001054276918228287
177367,2023-12-18,2027,MY220O,MYL3417OO002,EASTERN & ORIENTAL,MY,MYR,35101010,0.00010541385209776243
176968,2023-12-18,2027,TR00G0,TRAEGGUB91E8,EGE GUBRE SANAYI,TR,TRY,55201000,0.00010524747354620846
177357,2023-12-18,2027,MY30AX,MYL1368OO009,UEM EDGENTA,MY,MYR,50101015,0.00010517641709532865
177165,2023-12-18,2027,PL703K,PLCLNPH00015,CELON PHARMA,PL,PLN,20103015,0.00010511961610583948
176997,2023-12-18,2027,TR508X,TRAAFYON91F6,AFYON CIMENTO,TR,TRY,50101030,0.0001047668914752212
177153,2023-12-18,2027,EW036,NL0000686509,ASTARTA HOLDING,PL,PLN,45102035,0.0001044284798306533
176558,2023-12-18,2027,TW031T,TW0002349008,Ritek Corp,TW,TWD,10102030,0.00010429671185901758
176522,2023-12-18,2027,TW40A3,KYG984291065,YEONG GUAN EN.TECH.GP.,TW,TWD,55102015,0.00010392229637683087
176572,2023-12-18,2027,TW19GF,TW0001527000,BASSO INDUSTRY,TW,TWD,50204040,0.00010391618400285665
176859,2023-12-18,2027,TR10AV,TREKGYO00014,KILER GAYMEN.YATOTA.,TR,TRY,35102000,0.00010335518164169617
177019,2023-12-18,2027,TR20XJ,TRAALKAW91D8,ALKIM KAGIT,TR,TRY,55101015,0.00010324554885675215
175179,2023-12-18,2027,TH108J,TH8463010000,CHAYO GROUP,TH,THB,30202010,0.00010315245869843352
176831,2023-12-18,2027,TR20RD,TREISBS00012,ISBIR SENTETIK DOKUMA SANAYI,TR,TRY,55101020,0.00010265889075989342
177537,2023-12-18,2027,CN24W1,CNE0000004C0,SHAI.CHLOR-ALKALI CHM. 'B',CN,USD,55201000,0.00010241017461151456
177439,2023-12-18,2027,MY10YJ,MYL7241OO002,NEXTGREEN GLOBAL,MY,MYR,50101010,0.00010185938464287476
177316,2023-12-18,2027,MY70D4,MYL5283OO006,ECO WORLD INTERNATIONAL,MY,MYR,35101010,0.00010117689080757193
177096,2023-12-18,2027,BR905G,BRBHIAACNOR1,CASAS BAHIA,BR,BRL,40401030,0.00010110507917079823
177239,2023-12-18,2027,PL90CV,PLAMBRA00013,AMBRA,PL,PLN,45101015,0.000100729630227588
176645,2023-12-18,2027,TW19KJ,TW0003645008,TAIMIDE TECH,TW,TWD,10102015,9.981300030959751e-05
177151,2023-12-18,2027,PL00KU,PLSNKTK00019,SYNEKTIK,PL,PLN,20101025,9.97813036264303e-05
176820,2023-12-18,2027,TR30RE,TRABISAS91B7,RAL YATIRIM HOLDING ANONIM SIRKETI,TR,TRY,55101020,9.972378336779871e-05
175215,2023-12-18,2027,TH205H,TH0438010Z02,ITALIAN-THAI DEVELOPMENT,TH,THB,50101010,9.97209187451896e-05
177182,2023-12-18,2027,PL909S,PLTSQGM00016,TEN SQUARE GAMES,PL,PLN,40203040,9.929658662803247e-05
176986,2023-12-18,2027,487560,TRATATKS91A5,TAT GIDA,TR,TRY,45102020,9.880126603403277e-05
177205,2023-12-18,2027,PL401F,PLPKPCR00011,PKP CARGO,PL,PLN,50206020,9.869586329853618e-05
175290,2023-12-18,2027,TH40ES,TH0940010Y08,SINGHA ESTATE,TH,THB,35101010,9.792941644331259e-05
177162,2023-12-18,2027,PL005F,PLMRBUD00015,MIRBUD,PL,PLN,50101010,9.696937757606903e-05
177226,2023-12-18,2027,PL00HR,PLOPNPL00013,OPONEO PL SERIES A B,PL,PLN,40101010,9.665109549624575e-05
176291,2023-12-18,2027,CN24NS,CNE000000ST8,LU THAI TEX.JOINT STK. 'B',CN,HKD,55101020,9.648330177628356e-05
176974,2023-12-18,2027,ET015,TRESNGY00019,SINPAS GAYMEN.YATOTA.,TR,TRY,35102000,9.581605040308361e-05
177419,2023-12-18,2027,MY804W,MYL5072OO003,HIAP TECK VENTURE,MY,MYR,55102010,9.53490134416711e-05
177230,2023-12-18,2027,PL90J2,PLRNBWT00031,RAINBOW TOURS SR.B C2 E,PL,PLN,40501015,9.460240056631602e-05
177498,2023-12-18,2027,CN871F,US06684L1035,BAOZUN ADR,CN,USD,10101020,9.451093496742447e-05
177370,2023-12-18,2027,MY213Q,MYL5142OO004,WASCO,MY,MYR,60101030,9.415780949007552e-05
177470,2023-12-18,2027,MY22NB,MYL5173OO009,SHIN YANG GROUP,MY,MYR,50206030,9.373741354230928e-05
177526,2023-12-18,2027,CN1S7Z,US65481N1000,NIU TECHNOLOGIES ADR,CN,USD,40203055,9.310322213146449e-05
177389,2023-12-18,2027,MY90A3,MYL5184OO006,CYPARK RESOURCES,MY,MYR,65101010,9.310269341130796e-05
177323,2023-12-18,2027,MY406U,MYL5247OO001,KAREX INDUSTRIES,MY,MYR,45201020,9.208706923034294e-05
176525,2023-12-18,2027,TW091Z,TW0006706005,FITTECH,TW,TWD,10102020,9.13893299532564e-05
176811,2023-12-18,2027,TR00L5,TRAISTMP91H7,FED.MOGUL IZMIT PISTON,TR,TRY,40101025,9.12678458625457e-05
175205,2023-12-18,2027,TH50JY,TH0712010Z00,ADVANCED INFORMATION TECH,TH,THB,10101010,9.121208218069196e-05
177452,2023-12-18,2027,MY90G9,MYL7034OO001,THONG GUAN INDS.,MY,MYR,50203030,9.09568726841631e-05
177488,2023-12-18,2027,CN25GM,CNE0000002N1,INESA INTEL.TECH. 'B',CN,USD,10101010,9.067804346099824e-05
177360,2023-12-18,2027,MY10F0,MYL9172OO007,FORMOSA PROSONIC,MY,MYR,40203010,9.052502701883107e-05
177398,2023-12-18,2027,MY9092,MYL5125OO009,PANTECH GROUP,MY,MYR,55102010,8.979892637012018e-05
177033,2023-12-18,2027,TR30SF,TRAYUNSA91B5,YUNSA YUNLU SANVETC.,TR,TRY,55101020,8.950841072137592e-05
176532,2023-12-18,2027,TW12B3,TW0004526009,TONG-TAI MACH,TW,TWD,50204000,8.930480901718343e-05
177519,2023-12-18,2027,CN24PU,CNE000000461,DAZHONG TRSP.(GROUP) 'B',CN,USD,40501015,8.929288772244092e-05
177523,2023-12-18,2027,CN2539,CNE000000NL6,HUANGSHAN TOURISM DEV. 'B',CN,USD,40501015,8.925888492911307e-05
177298,2023-12-18,2027,MY21AX,MYL5218OO002,SAPURA ENERGY,MY,MYR,60101030,8.915700307932878e-05
177535,2023-12-18,2027,CN2528,CNE000000DX2,SHAI.HAIXIN GROUP 'B',CN,USD,20103015,8.911736297603277e-05
176798,2023-12-18,2027,TR702T,TRAYATAS91B4,YATAS YAVYGN.SATT.,TR,TRY,40202015,8.884849935968967e-05
177197,2023-12-18,2027,598449,PLKGNRC00015,KOGENERACJA,PL,PLN,65101015,8.8666837800338e-05
176314,2023-12-18,2027,CN88IX,KYG8917X1218,TONGDA GROUP HOLDINGS,CN,HKD,10102015,8.857952768962508e-05
176899,2023-12-18,2027,TR12G3,TREBOMO00012,PAMEL YENILENEBILI 'B',TR,TRY,65101010,8.841782987258363e-05
176806,2023-12-18,2027,TR210N,TREHUNR00025,HUN YENILENEBILIR ENERJI URETI,TR,TRY,65101010,8.791848503652643e-05
177297,2023-12-18,2027,MY111N,MYL8907OO007,EG INDUSTRIES,MY,MYR,10102015,8.700505375544963e-05
176767,2023-12-18,2027,TW11E5,TW0006209000,KINKO OPTICAL,TW,TWD,40203060,8.683591854771888e-05
175182,2023-12-18,2027,TH901K,TH0564B10Z00,NOBLE DEVELOPMENT,TH,THB,35101010,8.681395027062725e-05
176880,2023-12-18,2027,TR703U,TRAERBOS91G8,ERBOSAN ERCIYAS BORU,TR,TRY,55102010,8.66249182954524e-05
177512,2023-12-18,2027,US19D9,US98741T1043,YOUDAO ADR,CN,USD,40201010,8.634457823823746e-05
176893,2023-12-18,2027,TR30G3,TRESANK00011,SANICA ISI SANAYI A S,TR,TRY,50101020,8.601818343083099e-05
177123,2023-12-18,2027,B0BV8T,PLDECOR00013,DECORA,PL,PLN,50101035,8.521162921575271e-05
176952,2023-12-18,2027,TR10H2,TREARDY00023,ARD GRUP BILISIM TEKNOLOJILERI,TR,TRY,30202000,8.469458031032025e-05
175213,2023-12-18,2027,TH12GT,TH7344010007,EKACHAI MEDICAL CARE,TH,THB,20101010,8.443975024583762e-05
177017,2023-12-18,2027,TR216T,TRESUWN00022,SUWEN TEKSTIL SANAYI PAZARLAMA,TR,TRY,40204020,8.432613405589669e-05
176415,2023-12-18,2027,CN24QV,CNE000000QM7,SHANDONG CHENMING PAPER B,CN,HKD,55101015,8.412647538472243e-05
177377,2023-12-18,2027,MY241R,MYL3662OO003,MALAYAN FLOUR MILLS,MY,MYR,45102020,8.405574153416027e-05
177390,2023-12-18,2027,MY60B1,MYL7216OO004,KAWAN FOOD,MY,MYR,45102020,8.3805357869224e-05
173740,2023-12-18,2027,EG20RN,EGS3G231C011,ELECTRO CABLE EGYPT,EG,EGP,50202010,8.380276167482432e-05
177191,2023-12-18,2027,PL003D,PLAMICA00010,AMICA,PL,PLN,40202020,8.296907806283317e-05
176854,2023-12-18,2027,TR30F2,TREPNLS00017,PANELSAN CATI CEPHE SIST.SANVETC.,TR,TRY,50101020,8.17740430164248e-05
177303,2023-12-18,2027,MY204Q,MYL9679OO001,WCT HOLDINGS,MY,MYR,50101015,8.16944756501655e-05
177425,2023-12-18,2027,MY17F7,MYQ0193OO001,KINERGY ADVANCEMENT BHD,MY,MYR,50101015,8.137152115045765e-05
173788,2023-12-18,2027,EG7012,EGS30AL1C012,OBOUR LAND FOR FOOD INDUSTRIES,EG,EGP,45102020,8.062203314927541e-05
177159,2023-12-18,2027,PL10JU,PLTOYA000011,TOYA,PL,PLN,50204040,8.018538150717206e-05
177234,2023-12-18,2027,EW064,PLWELTN00012,WIELTON,PL,PLN,50206015,8.007293496449961e-05
175299,2023-12-18,2027,TH80DV,TH7139010006,GOLDEN VENTURES LEASEHOLD REAL,TH,THB,35102030,7.96224591646549e-05
173755,2023-12-18,2027,EG11B7,EGS21171C011,ZAHRAA MAADI INV.& DEV.,EG,EGP,35101010,7.947028981857148e-05
175252,2023-12-18,2027,TH50KZ,TH0788010005,WORKPOINT ENTERTAINMENT,TH,THB,40301010,7.937629548421428e-05
176797,2023-12-18,2027,TR20PB,TREIMAS00017,IMAS MAKINA SANAYI,TR,TRY,50204000,7.922971137497407e-05
176937,2023-12-18,2027,B03N09,TRAGSDHO91Q9,GSD HOLDING,TR,TRY,30101010,7.909579918331877e-05
176907,2023-12-18,2027,TR00J3,TRAARENA91U1,ARENA BILGISAYAR,TR,TRY,10102030,7.865526561824712e-05
177559,2023-12-18,2027,ID90BF,ID1000150402,MNC VISION NETWORKS,ID,IDR,40301010,7.860411912431708e-05
173741,2023-12-18,2027,EG103Y,EGS39011C019,NTRL.GAS & MNG.(EGYPT GAS),EG,EGP,60101035,7.839752815973966e-05
175171,2023-12-18,2027,TH518O,TH5008010Z08,NAMYONG TERMINAL,TH,THB,50206060,7.738786805110784e-05
173781,2023-12-18,2027,EG20YU,EGS38381C017,EGYPTIAN FINL.& INDL.,EG,EGP,55201015,7.729164432516775e-05
177362,2023-12-18,2027,MY011M,MYL6483OO001,KENANGA INVESTMENT BANK,MY,MYR,30202015,7.685105477522686e-05
177608,2023-12-18,2027,ID80FI,ID1000119902,SURYA SEMESTA INTERNUSA,ID,IDR,50101010,7.677869057273316e-05
177082,2023-12-18,2027,BR167G,BRCASHACNOR8,MELIUZ ON,BR,BRL,10101020,7.6310958781155e-05
176914,2023-12-18,2027,ET016,TRAYASAS91E0,DYO BOYA FKI.SANVETC.,TR,TRY,50203010,7.609216123964843e-05
177202,2023-12-18,2027,PL907Q,PLPKBEX00072,PEKABEX,PL,PLN,50101035,7.548629887113611e-05
177520,2023-12-18,2027,CN1SD5,US44975P1030,I MAB ADR,CN,USD,20103010,7.52020206626544e-05
175216,2023-12-18,2027,TH22M0,TH0305B10Z04,NUSASIRI,TH,THB,35101010,7.51079120781584e-05
173785,2023-12-18,2027,EG20IE,EGS02051C018,CAIRO POULTRY,EG,EGP,45102010,7.496135288806526e-05
176812,2023-12-18,2027,TR802U,TRAKLBMO91C0,Doganlar Mobilya Grubu Imalat,TR,TRY,40202015,7.428997847344624e-05
176890,2023-12-18,2027,599914,TRAAKENR91L9,AKENERJI ELEKTRIK URETIM,TR,TRY,65101015,7.41728990693123e-05
173767,2023-12-18,2027,EG101W,EGS73541C012,QALA FOR FINANCIAL INVESTMENTS,EG,EGP,30202010,7.398360090364012e-05
177458,2023-12-18,2027,MY23RG,MYL6556OO004,ANN JOO RESOURCES,MY,MYR,55102010,7.389149812716198e-05
177132,2023-12-18,2027,PL10MX,PLANSWR00019,ANSWEAR COM,PL,PLN,40401020,7.367788493262618e-05
177337,2023-12-18,2027,MY24SI,MYL7246OO001,SIGN,MY,MYR,40202015,7.363316613649469e-05
175289,2023-12-18,2027,TH21DQ,TH0374010Z09,SAMART,TH,THB,15101010,7.339492604058114e-05
177158,2023-12-18,2027,PL50BQ,PLTORPL00016,TORPOL,PL,PLN,50101010,7.300097315568363e-05
176435,2023-12-18,2027,CN2D8M,KYG5322R1039,KWG LIVING GROUP HOLDINGS,CN,HKD,35101015,7.268020130263216e-05
177240,2023-12-18,2027,PL11R3,PLVOTUM00016,VOTUM SA,PL,PLN,30202000,7.24520087448997e-05
177172,2023-12-18,2027,561831,PLAGORA00067,AGORA,PL,PLN,40301030,7.216458851326267e-05
176830,2023-12-18,2027,TR10TE,TRADARDL91A3,DARDANEL,TR,TRY,45102020,7.135609783116534e-05
175274,2023-12-18,2027,TH51BR,TH0154010Y06,TIPCO FOODS,TH,THB,45101020,7.13311302080306e-05
177238,2023-12-18,2027,PL308L,PLSCPFL00018,SCOPE FLUIDICS,PL,PLN,20103010,7.104284323668506e-05
176864,2023-12-18,2027,TR00FZ,TRAALCTL91H9,ALCATEL LUCENT TLT.TKS.,TR,TRY,15101010,7.001709825398723e-05
177187,2023-12-18,2027,PL20BN,PLWTCHN00030,WITTCHEN,PL,PLN,40401020,6.91176022439263e-05
176883,2023-12-18,2027,TR215S,TRENTGZ00014,NATURELGAZ SANAYI VE TICARET,TR,TRY,65102020,6.889944957720587e-05
173760,2023-12-18,2027,EG5010,EGS3C0O1C016,ARABIAN CEMENT,EG,EGP,50101030,6.854743084322712e-05
175239,2023-12-18,2027,TH519P,TH0890A10Z06,TRC CONSTRUCTION,TH,THB,50101015,6.770573162751869e-05
177211,2023-12-18,2027,PL30CP,PLSPRSF00011,SPYROSOFT,PL,PLN,10101010,6.739457735584667e-05
177343,2023-12-18,2027,MY90D6,MYL5280TO001,KIP REAL ESTATE INVEST TRUST,MY,MYR,35102045,6.728910473225611e-05
176409,2023-12-18,2027,CN25MS,CNE0000009M8,CHINA NAT.ACCORD MDC.'B',CN,HKD,45201015,6.718718616554243e-05
175220,2023-12-18,2027,TH301E,TH0136010Z02,UNIVENTURES,TH,THB,35101010,6.594138985450168e-05
176991,2023-12-18,2027,468921,TRAPNSUT91A5,PINAR SUT,TR,TRY,45102020,6.593314656782975e-05
176354,2023-12-18,2027,CN2D7L,KYG5273B1077,KINTOR PHARMACEUTICAL,CN,HKD,20103010,6.521148098962204e-05
177457,2023-12-18,2027,MY21J6,MYL5703OO003,MUHIBBAH ENGINEERING (M),MY,MYR,50204020,6.456020403841471e-05
176943,2023-12-18,2027,TR12I5,TREKTSR00046,KUTAHYA SEKER FABRIKASI,TR,TRY,45102035,6.447809452412315e-05
177534,2023-12-18,2027,CN25CI,CNE000000LZ0,EASTERN COMMS. 'B',CN,USD,15101010,6.430239278956743e-05
173737,2023-12-18,2027,EG6055,EGS30031C016,ARABIAN FOOD INDS.,EG,EGP,45102020,6.425310040144058e-05
177385,2023-12-18,2027,MY21ZM,MYL1589OO000,ISKANDAR WATERFRONT CITY,MY,MYR,35101010,6.395861635344265e-05
176920,2023-12-18,2027,B07C9M,TRETRBZ00016,TRABZONSPOR SPORTIF YATIR,TR,TRY,40301010,6.367712440581106e-05
175165,2023-12-18,2027,TH22S6,TH8601010003,TEAM CNSL.ENGR.&. MAN.,TH,THB,50101015,6.32480869037639e-05
175310,2023-12-18,2027,TH12Q3,TH0963A10Z08,ASPHERE INNOVATIONS,TH,THB,40203040,6.324792052378925e-05
176948,2023-12-18,2027,B03MX2,TRAPETUN91A5,PETUN ET VE UN,TR,TRY,45102020,6.321566049033526e-05
177188,2023-12-18,2027,PL00DN,PLMRCTR00015,MERCATOR MEDICAL,PL,PLN,20102015,6.314327495441796e-05
173731,2023-12-18,2027,EG1162,EGS597R1C017,TAALEEM MANAGEMENT SERV. CMPY.,EG,EGP,40201010,6.294300673711992e-05
176895,2023-12-18,2027,TR308V,TREMRGY00013,MARTI GAYMEN.YATOTA.,TR,TRY,35102015,6.277603302270996e-05
177396,2023-12-18,2027,MY50G5,MYL7081OO002,PHARMANIAGA,MY,MYR,20103015,6.254496670742982e-05
177023,2023-12-18,2027,TR602S,TREPGYO00013,PANORA GYM YAT,TR,TRY,35102045,6.250690706295711e-05
176897,2023-12-18,2027,TR20H3,TREINFM00017,INFO YATIRIM,TR,TRY,30202015,6.177161649434658e-05
177393,2023-12-18,2027,MY90IB,MYL7089OO005,LII HEN INDS.,MY,MYR,40202015,6.126409119516484e-05
177189,2023-12-18,2027,PL00EO,PLCTINT00018,CI GAMES,PL,PLN,40203040,6.118725102158698e-05
175148,2023-12-18,2027,TH10Q1,TH9992010008,NEXT CAPITAL,TH,THB,30201020,6.07507903058251e-05
176918,2023-12-18,2027,TR207T,TREANGN00028,ANATOLIA TANI VE,TR,TRY,20103010,6.013283163228007e-05
177136,2023-12-18,2027,PL30AN,PLSTIGR00012,COLUMBUS ENERGY,PL,PLN,60102020,5.9745672556578786e-05
177004,2023-12-18,2027,461242,TRANETAS91H6,NORTEL NETAS,TR,TRY,15101010,5.889072786208369e-05
175277,2023-12-18,2027,TH304H,TH0329D10Z04,RABBIT HOLDINGS,TH,THB,35101010,5.8724909562131635e-05
176884,2023-12-18,2027,TR00P9,TRAUSAKW91F6,USAK SERAMIK SANAYI,TR,TRY,50101035,5.872412543669868e-05
177155,2023-12-18,2027,PL10Q1,PLCRPJR00019,CREEPY JAR,PL,PLN,40203040,5.8426815494628016e-05
177380,2023-12-18,2027,MY17E6,MYL6971OO005,KOBAY TECHNOLOGY,MY,MYR,50204000,5.823875203880668e-05
177199,2023-12-18,2027,PL00GQ,PLMLSTM00015,ML SYSTEM,PL,PLN,60102020,5.81369962240851e-05
177215,2023-12-18,2027,EW027,PLERBUD00012,ERBUD,PL,PLN,50101010,5.7864527385305444e-05
175282,2023-12-18,2027,TH22O2,TH6651010006,WICE LOGISTICS,TH,THB,50206060,5.7815196824776985e-05
177137,2023-12-18,2027,EW035,PLCMP0000017,COMP SAFE SUPPORT,PL,PLN,10101010,5.686387508628611e-05
173790,2023-12-18,2027,EG00MG,EGS78021C010,EGYPTIAN MEDIA PRDN.CITY,EG,EGP,40301010,5.6586772748541205e-05
173744,2023-12-18,2027,EG8024,EGS512O1C012,IBNSINA PHARMA,EG,EGP,45201015,5.654012714364769e-05
176885,2023-12-18,2027,TR10EZ,TRAKRSTL91A6,KRISTAL KOLA,TR,TRY,45101020,5.6478004982422004e-05
175241,2023-12-18,2027,TH808Q,TH0088010002,BOUND AND BEYOND,TH,THB,40501025,5.598219143800542e-05
176977,2023-12-18,2027,TR00XH,TRAGENTS91C4,GENTAS GENEL METAL SANVETC.,TR,TRY,40202015,5.508671988691391e-05
177220,2023-12-18,2027,PL30DQ,PLXTPL000018,XTPL,PL,PLN,10102015,5.454754454996026e-05
176838,2023-12-18,2027,TR009T,TRAMTEKS91B0,ISIKLAR ENE YAPI AS,TR,TRY,40204020,5.4425492321869587e-05
177301,2023-12-18,2027,MY50TI,MYL4723OO002,JAKS RESOURCES,MY,MYR,50101010,5.394471291662902e-05
176960,2023-12-18,2027,TR20WI,TRAMMART91K7,MARTI OTEL ISLETMELERI,TR,TRY,40501025,5.346475539733193e-05
177364,2023-12-18,2027,MY24I8,MYL3557OO005,ECOFIRST CONSOLIDATED,MY,MYR,35101010,5.3169139607093794e-05
175224,2023-12-18,2027,TH10KV,TH1015A10Z04,STARS MICROELECTRONICS,TH,THB,10102020,5.221507189008916e-05
175226,2023-12-18,2027,TH20MY,TH0800010Z03,SNC FORMER,TH,THB,50202010,5.1755878662913426e-05
175142,2023-12-18,2027,TH50P4,TH0933010009,UNIQUE ENG AND CONSTRUCTION,TH,THB,50101015,5.148702782894192e-05
176827,2023-12-18,2027,TR20M8,TRAESCOM91U8,ESCORT,TR,TRY,10102030,5.135409360776648e-05
177207,2023-12-18,2027,EW037,PLACTIN00018,ACTION,PL,PLN,10102030,5.116522343907091e-05
177013,2023-12-18,2027,TR10VG,TRANUGYO91Q9,NUROL GAYMEN.YATOTA.,TR,TRY,35102000,5.0564651652124716e-05
177524,2023-12-18,2027,CN2607,CNE000000HF0,SHAI.JINJIANG INTL. TRAVEL 'B',CN,USD,40501015,5.0485177821415635e-05
175143,2023-12-18,2027,TH50T8,TH4101010007,ANANDA DEVELOPMENT,TH,THB,35101010,4.995003392308733e-05
177216,2023-12-18,2027,PL503I,PLMBION00016,MABION,PL,PLN,20103010,4.93764028316493e-05
176819,2023-12-18,2027,TR00SC,TREKTMR00015,KMC.ARU.EKIPMAN SANVETC.,TR,TRY,50206015,4.936921997018884e-05
173757,2023-12-18,2027,EG2130,EGS21FW1C015,PIONEERS PROPERTIES,EG,EGP,35101010,4.9107359942743846e-05
177445,2023-12-18,2027,MY10XI,MYL7225OO005,PA RESOURCES,MY,MYR,55102035,4.9074655998911514e-05
176839,2023-12-18,2027,TR20OA,TREIHAS00025,IHLAS HABER AJANSI,TR,TRY,40301030,4.895929848182642e-05
177034,2023-12-18,2027,TR20YK,TRAALYAG91A8,ALTINYAG MADENCILIK VE ENJ.YAT,TR,TRY,45102020,4.895429241858697e-05
176875,2023-12-18,2027,TR107S,TREBZMT00017,BIZIM TOPTAN SATIS MAGAZ. LTD.,TR,TRY,45201010,4.887519661940365e-05
176917,2023-12-18,2027,TR10CX,TRAEGSER91F0,EGE SERAMIK SANVETC.,TR,TRY,50101035,4.8514760066163216e-05
177472,2023-12-18,2027,MY706X,MYL5253OO009,ECONPILE HOLDINGS,MY,MYR,50101015,4.8333354710193326e-05
177321,2023-12-18,2027,MY90F8,MYL5843OO007,KUMPULAN PERANGSANG SELANGOR,MY,MYR,50203000,4.83075171731674e-05
176858,2023-12-18,2027,ET023,TRAKRDMB91G1,KARDEMIR 'B',TR,TRY,55102015,4.818101362503024e-05
176810,2023-12-18,2027,TR00M6,TRAMNDRS91B0,MENDERES,TR,TRY,40204020,4.8008146466330816e-05
173780,2023-12-18,2027,EG10A5,EGS381B1C015,10TH RAMADAN PHARM.& DIAGNOS.,EG,EGP,20103015,4.799903761187626e-05
177475,2023-12-18,2027,MY20F1,MYL7164OO006,KNM GROUP,MY,MYR,60101030,4.7657416434384224e-05
177152,2023-12-18,2027,PL00AK,PLBMDLB00018,SYNTHAVERSE,PL,PLN,20103015,4.758872037231182e-05
177416,2023-12-18,2027,MY20J5,MYL5073OO001,NAIM HOLDINGS,MY,MYR,50101010,4.714291329075843e-05
177177,2023-12-18,2027,PL00CM,PLLUBAW00013,LUBAWA,PL,PLN,50201020,4.708284232266969e-05
176440,2023-12-18,2027,CN255B,CNE000000J10,FOSHAN ELECT.& LTG.'B',CN,HKD,45201030,4.694809688535717e-05
177314,2023-12-18,2027,MY50XM,MYQ0099OO000,SCICOM MSC,MY,MYR,50205020,4.671753331975451e-05
177310,2023-12-18,2027,MY249Z,MYL4634OO001,POS MALAYSIA,MY,MYR,50206040,4.658760380156979e-05
177214,2023-12-18,2027,PL10HS,PLONCTH00011,MOLECURE,PL,PLN,20103010,4.582789360812884e-05
177513,2023-12-18,2027,CN25QW,CNE0000003Y6,SHANGHAI SHIBEI HI-TECH 'B',CN,USD,35101010,4.575378118394787e-05
175159,2023-12-18,2027,TH604K,TH0954010Z08,BETTER WORLD GREEN,TH,THB,65103035,4.5536430440913814e-05
177536,2023-12-18,2027,CN26MT,CNE000000WP8,KAMA 'B',CN,USD,50206015,4.492501404597272e-05
177206,2023-12-18,2027,456453,PLMSTZB00018,MOSTOSTAL ZABRZE,PL,PLN,50101010,4.44802208417539e-05
177193,2023-12-18,2027,PL120D,PLBMECH00012,BUMECH,PL,PLN,50204000,4.445143424554685e-05
177496,2023-12-18,2027,CN26NU,CNE0000013W9,SHANGHAI LINGYUN INDS. 'B',CN,USD,65101010,4.400987487096216e-05
177225,2023-12-18,2027,B06WK7,PLBIOTN00029,BIOTON,PL,PLN,20103010,4.369890827137784e-05
173784,2023-12-18,2027,EG20ZV,EGS693V1C014,ORASCOM INVESTMENT HOLDING,EG,EGP,15102015,4.34491608705988e-05
177492,2023-12-18,2027,CN25IO,CNE000000FY5,SHANG GONG GROUP 'B',CN,USD,50204050,4.298545268170092e-05
177509,2023-12-18,2027,CN25BH,CNE000000BY4,SHAI.JNJNG.ONLINE NETWK SEV'B',CN,USD,40401030,4.2242405184745076e-05
177208,2023-12-18,2027,PL11LX,PLMRVDV00011,MARVIPOL DEVELOPMENT,PL,PLN,35101010,4.221588645379315e-05
176898,2023-12-18,2027,TR00RB,TREGREL00017,GERSAN ELEKTRIK,TR,TRY,50202040,4.193879539482097e-05
176815,2023-12-18,2027,TR11ZL,TRETRLC00022,TURK ILAC VE SERUM SANAYI,TR,TRY,20103015,4.121310845792904e-05
177495,2023-12-18,2027,CN1PTI,CNE0000004B2,SHANGHAI ZHONGYIDA 'B',CN,USD,50204000,4.101424997603556e-05
176829,2023-12-18,2027,TR80E6,TREADSE00015,ADESE GAYRIMENKUL YATIRIM AS,TR,TRY,45201010,4.0772582902558566e-05
177122,2023-12-18,2027,PL403H,PLMDCLG00015,MEDICALGORITHMICS,PL,PLN,20102020,4.056537110604448e-05
177517,2023-12-18,2027,CN24X2,CNE000000FD9,SHANGHAI NEW POWER AUTOMOT 'B',CN,USD,50204030,4.043820447195518e-05
177210,2023-12-18,2027,PL309M,PLBCLTX00019,BIOCELTIX,PL,PLN,20103015,3.922212091945363e-05
177373,2023-12-18,2027,MY30CZ,MYL5230OO007,TUNE PROTECT GROUP,MY,MYR,30302010,3.8216792080986034e-05
177444,2023-12-18,2027,MY23H6,MYL6084OO007,STAR MEDIA GROUP,MY,MYR,40301030,3.8003812621703945e-05
177432,2023-12-18,2027,MY21H4,MYL5113OO005,RIMBUNAN SAWIT,MY,MYR,45102010,3.797336738181818e-05
177344,2023-12-18,2027,MY20OA,MYL5077OO002,MALAYSIAN BULK CARRIERS,MY,MYR,50206030,3.7817342765085094e-05
177009,2023-12-18,2027,TR00AU,TRAOKANT91B5,IHLAS GAYMEN.PROJE GELISTIRME,TR,TRY,35101010,3.744535303109015e-05
176994,2023-12-18,2027,446208,TRAIHLAS91D5,IHLAS HOLDING,TR,TRY,50203000,3.604365532404399e-05
173754,2023-12-18,2027,EG104Z,EGS3F021C017,INDL.ENGR.FOR CON. &. DEV.SAE,EG,EGP,50101035,3.580089439554026e-05
177296,2023-12-18,2027,MY10M7,MYL5147OO003,SAMCHEM HOLDINGS,MY,MYR,55201000,3.541191178265017e-05
176923,2023-12-18,2027,TR014P,TRELKMH00013,LOKMAN HEKIM ENGR SAGLIK TURIZ,TR,TRY,20101010,3.532278221756311e-05
173745,2023-12-18,2027,EG102X,EGS696S1C016,ORASCOM FINANCIAL HOLDING,EG,EGP,15102015,3.472009694851461e-05
176935,2023-12-18,2027,TR11UG,TREMTRK00015,MATRIKS BILGI DAGITIM,TR,TRY,30202015,3.380894869395327e-05
177395,2023-12-18,2027,MY508X,MYL5219OO000,PESTECH INTERNATIONAL,MY,MYR,50101015,3.32172408402448e-05
177135,2023-12-18,2027,PL11T5,PLWNDMB00010,AILLERON,PL,PLN,10101015,3.3095223923519986e-05
177464,2023-12-18,2027,MY010L,MYL7803OO009,HEXTAR HEALTH,MY,MYR,20102015,3.253113433898587e-05
177394,2023-12-18,2027,MY20WI,MYL5101OO000,EVERGREEN FIBREBOARD,MY,MYR,50101035,3.2009505965334244e-05
177482,2023-12-18,2027,MY40AY,MYL5204OO002,AWANBIRU TECHNOLOGY,MY,MYR,10101010,3.131001283706643e-05
173746,2023-12-18,2027,EG00F9,EGS33321C018,DICE SPORT & CASUAL WEAR,EG,EGP,40204020,3.123379962903001e-05
177409,2023-12-18,2027,MY903W,MYL2127OO008,COMFORT GLOVES,MY,MYR,20102015,3.0719261347749284e-05
177348,2023-12-18,2027,MY17KC,MYL9954OO008,RGT,MY,MYR,50203015,3.056011571593427e-05
176989,2023-12-18,2027,TR903W,TREITFK00018,LORAS HOLDING,TR,TRY,40401010,3.0372786886394406e-05
176962,2023-12-18,2027,TR012N,TREIHYA00015,IHLAS YAYIN HOLDING,TR,TRY,40301030,3.0366779610507065e-05
177528,2023-12-18,2027,EG2073,EGS44012C010,MARIDIVE & OIL SERVICES,EG,USD,60101015,2.988537846858182e-05
177433,2023-12-18,2027,MY606W,MYL9261OO008,GADANG HOLDINGS,MY,MYR,50101010,2.979016271014849e-05
177032,2023-12-18,2027,TR00H1,TREKRON00014,KRON TEKNOLOJI,TR,TRY,15102015,2.924592186456805e-05
177140,2023-12-18,2027,PL11EQ,PLARTFX00011,ARTIFEX MUNDI,PL,PLN,40203045,2.919713876747665e-05
176865,2023-12-18,2027,TR11RD,TREKFIN00037,KAFEIN YAZILIM HIZMETLERI,TR,TRY,10101015,2.908748014966547e-05
177438,2023-12-18,2027,MY211O,MYL4235OO007,LION INDUSTRIES CORPORATION,MY,MYR,55102010,2.8929714663615132e-05
176848,2023-12-18,2027,ET022,TRAVANET91A5,METRO TICARI MALI YATIRIMLAR,TR,TRY,50203000,2.8222182118726446e-05
176930,2023-12-18,2027,TR00I2,TRERTAL00018,RTA LAB BIYOLOJIK,TR,TRY,20102010,2.7673517587682672e-05
173773,2023-12-18,2027,EG20SO,EGS3C161C014,LECICO EGYPT,EG,EGP,50101035,2.7208066474681263e-05
176973,2023-12-18,2027,TR307U,TREGMAT00027,GIMAT MAGAZACILIK SANAYI VE TICARET,TR,TRY,35101010,2.6739185944671616e-05
176998,2023-12-18,2027,TR804W,TREFLAP00011,FLAP KONGRE,TR,TRY,40501015,2.5868831789860738e-05
173766,2023-12-18,2027,EG9047,EGS72AQ1C016,ARAB FOR ASTMGMT.&. DEV.,EG,EGP,35101010,2.4806000377909844e-05
176959,2023-12-18,2027,TR00WG,TRABROVA91S5,YESIL YAPI,TR,TRY,50101010,2.460790882024229e-05
173772,2023-12-18,2027,EG20OK,EGS32221C011,ARAB COTTON GINNING,EG,EGP,55101020,2.391476683139811e-05
176876,2023-12-18,2027,TR00O8,TRAPENGD91A8,PENGUEN GIDA SANAYI,TR,TRY,45102020,2.3863903462460794e-05
177391,2023-12-18,2027,MY50VK,MYL5095OO004,HEVEABOARD,MY,MYR,55101010,2.3815572398830155e-05
177242,2023-12-18,2027,PL90I1,PLPILAB00012,DATAWALK,PL,PLN,10101015,2.315055621320332e-05
177345,2023-12-18,2027,MY24KA,MYQ0163OO004,CAREPLUS GROUP,MY,MYR,20102015,2.187710584772779e-05
173782,2023-12-18,2027,EG5021,EGS694A1C018,ARAB DEVELOPERS HOLDING,EG,EGP,35101010,2.170589055162461e-05
177002,2023-12-18,2027,TR011M,TREAVOD00018,AVOD GIDA TAR,TR,TRY,45102020,2.022049063678868e-05
173730,2023-12-18,2027,EG1072,EGS74191C015,RAYA CONTACT CENTER,EG,EGP,50205020,2.0218164461354086e-05
177328,2023-12-18,2027,MY00XH,MYQ0083OO004,NOTION VTEC,MY,MYR,50203000,1.9784106706735105e-05
173761,2023-12-18,2027,EG00IC,EGS65341C017,EGYPTIANS HOUSING DEV.,EG,EGP,35101010,1.8622343463979204e-05
176793,2023-12-18,2027,TR12D0,TRAAKSUE91L2,AKSU ENERJI VE TICARET,TR,TRY,65101010,1.7881257406258225e-05
173786,2023-12-18,2027,EG00LF,EGS73BR1C013,SPEED MEDICAL E,EG,EGP,20101025,1.2909293356770212e-05
